filename,density_count,mean_iou
4_085380.txt,2,0.0
4_033750.txt,1,0.0
2_135270.txt,2,0.0
2_067470.txt,2,0.0
3_064558.txt,2,0.030328943617809856
5_095730.txt,1,0.0
2_094410.txt,1,0.0
4_010200.txt,2,0.0
4_045750.txt,1,0.0
3_025650.txt,1,0.0
5_058200.txt,2,0.0561537187344709
4_057390.txt,2,0.20059681697612727
4_037620.txt,1,0.0
3_039510.txt,2,0.0
3_098670.txt,1,0.0
3_097950.txt,5,0.025386588449479754
5_123810.txt,1,0.0
5_097770.txt,1,0.0
5_069540.txt,1,0.0
5_048090.txt,1,0.0
5_078240.txt,1,0.0
5_039090.txt,9,0.0550560647628042
5_085170.txt,1,0.0
3_021150.txt,1,0.0
3_101820.txt,4,0.0631657666334529
1_058560.txt,1,0.0
4_026010.txt,1,0.0
3_064621.txt,2,0.0
5_060060.txt,1,0.0
3_066090.txt,2,0.0
2_002370.txt,9,0.04357978298132249
1_038220.txt,3,0.05226874611516074
3_034410.txt,1,0.0
4_057870.txt,3,0.1339324713480489
3_038820.txt,1,0.0
2_118290.txt,1,0.0
2_076500.txt,4,0.016672346441088687
4_042330.txt,2,0.0
5_107370.txt,2,0.02721088435374152
2_066330.txt,1,0.0
3_029100.txt,1,0.0
2_106770.txt,1,0.0
2_088950.txt,1,0.0
3_078960.txt,1,0.0
2_139680.txt,1,0.0
3_046650.txt,1,0.0
3_048330.txt,5,0.055163478046551764
5_115980.txt,1,0.0
4_081060.txt,1,0.0
5_071610.txt,2,0.0
3_131850.txt,1,0.0
2_086760.txt,1,0.0
5_104700.txt,1,0.0
2_045690.txt,1,0.0
3_098010.txt,3,0.031677465802735776
4_083700.txt,3,0.04971267299126118
1_062850.txt,1,0.0
3_003960.txt,2,0.014632739854393343
5_034290.txt,1,0.0
2_124080.txt,1,0.0
5_097800.txt,1,0.0
2_137730.txt,1,0.0
2_064200.txt,1,0.0
1_073170.txt,1,0.0
3_033270.txt,2,0.0
2_104070.txt,1,0.0
3_063120.txt,2,0.10602031474780949
5_132930.txt,1,0.0
2_117900.txt,2,0.21351109342353997
5_020370.txt,2,0.0
5_010920.txt,1,0.0
3_007080.txt,6,0.023021152374727405
2_024150.txt,2,0.0
4_014760.txt,2,0.0
3_127080.txt,2,0.1552393272962487
3_022860.txt,4,0.0
4_011700.txt,1,0.0
4_077640.txt,1,0.0
4_086880.txt,1,0.0
4_086940.txt,1,0.0
2_041190.txt,1,0.0
3_073350.txt,1,0.0
5_029610.txt,2,0.11849601215343705
3_084210.txt,2,0.0836757001243828
3_073920.txt,7,0.023423436269099866
3_102360.txt,1,0.0
1_014643.txt,1,0.0
2_085230.txt,4,0.08752390989352458
2_123120.txt,9,0.02896844182348832
4_008820.txt,1,0.0
2_076350.txt,5,0.04316660908274285
2_056370.txt,1,0.0
1_071010.txt,1,0.0
2_109320.txt,1,0.0
5_071490.txt,2,0.029982086174926918
2_124920.txt,2,0.11423344884989363
3_074160.txt,8,0.03957511936911957
2_155880.txt,1,0.0
5_075120.txt,1,0.0
2_033690.txt,1,0.0
1_045000.txt,3,0.1342374983986615
4_057510.txt,1,0.0
5_111810.txt,1,0.0
1_085290.txt,1,0.0
5_097830.txt,1,0.0
1_014733.txt,1,0.0
4_011190.txt,1,0.0
3_112440.txt,1,0.0
3_057420.txt,1,0.0
5_032280.txt,1,0.0
4_017460.txt,1,0.0
4_025710.txt,4,0.08211635330961335
4_010140.txt,3,0.003351646453128767
3_036270.txt,1,0.0
4_084510.txt,3,0.14171472259147622
4_072210.txt,1,0.0
2_011370.txt,1,0.0
5_153510.txt,1,0.0
2_106860.txt,1,0.0
5_132750.txt,1,0.0
5_132990.txt,1,0.0
4_030030.txt,1,0.0
5_032310.txt,1,0.0
1_038820.txt,3,0.08947025479122804
1_040920.txt,1,0.0
4_028560.txt,1,0.0
2_113730.txt,4,0.05505020931555077
2_113160.txt,1,0.0
3_068940.txt,1,0.0
3_092130.txt,3,0.0
2_002580.txt,7,0.08884658210987985
3_054180.txt,1,0.0
5_108090.txt,1,0.0
2_122310.txt,1,0.0
3_107880.txt,1,0.0
5_060180.txt,2,0.0
3_018660.txt,1,0.0
4_009990.txt,5,0.03013820829741514
5_033030.txt,1,0.0
5_083310.txt,1,0.0
3_038940.txt,1,0.0
2_055950.txt,1,0.0
3_122880.txt,1,0.0
2_147450.txt,2,0.0
3_084900.txt,3,0.31119335416306604
5_102180.txt,1,0.0
2_065700.txt,1,0.0
3_052890.txt,1,0.0
3_069000.txt,1,0.0
5_034470.txt,1,0.0
4_090600.txt,3,0.08757123602381116
2_096480.txt,6,0.03707989015605507
2_013110.txt,5,0.0276780689041942
1_038280.txt,3,0.017627510475364826
2_028380.txt,6,0.0579067331555341
4_082110.txt,1,0.0
1_071190.txt,1,0.0
1_077640.txt,1,0.0
5_011490.txt,2,0.0
2_112110.txt,1,0.0
3_049020.txt,6,0.06349247673088589
4_017250.txt,1,0.0
2_032580.txt,1,0.0
3_054090.txt,1,0.0
5_172350.txt,3,0.0
2_002130.txt,9,0.040676889638772536
1_073770.txt,1,0.0
3_081660.txt,6,0.07315518454886108
5_010620.txt,1,0.0
3_048990.txt,6,0.05499529419912425
3_068790.txt,1,0.0
3_111540.txt,1,0.0
2_121740.txt,1,0.0
5_124470.txt,1,0.0
4_002670.txt,4,0.10719203694885641
4_019590.txt,1,0.0
2_014670.txt,1,0.0
4_056130.txt,1,0.0
2_096360.txt,3,0.03582460381412838
4_060480.txt,7,0.02788893463343551
3_017430.txt,6,0.05104157447473158
1_077460.txt,1,0.0
2_024390.txt,2,0.14914342703487615
1_072990.txt,1,0.0
5_109320.txt,5,0.04806374531362397
5_109680.txt,4,0.029957260659697404
5_085950.txt,1,0.0
3_044580.txt,1,0.0
2_136740.txt,2,0.06673025422796137
5_073740.txt,3,0.011119141602268312
2_151020.txt,1,0.0
3_073290.txt,1,0.0
5_118560.txt,1,0.0
3_092790.txt,4,0.015930387940632368
5_118290.txt,4,0.08583391804258357
5_073260.txt,1,0.0
3_101010.txt,2,0.0
5_121950.txt,1,0.0
4_079110.txt,1,0.0
2_066120.txt,1,0.0
3_126120.txt,1,0.0
2_104730.txt,5,0.025553961015454357
4_012000.txt,1,0.0
4_077520.txt,1,0.0
3_046620.txt,1,0.0
3_101700.txt,5,0.03072307298605475
5_025990.txt,1,0.0
2_106230.txt,1,0.0
4_026940.txt,1,0.0
4_035610.txt,7,0.027332453074460167
2_028560.txt,5,0.03307667391730228
2_096900.txt,2,0.14906398435317098
2_060750.txt,6,0.04027066006288951
4_026460.txt,1,0.0
3_003210.txt,2,0.13665273487188806
2_104880.txt,6,0.025667898603036778
3_021450.txt,1,0.0
5_095610.txt,1,0.0
3_103410.txt,1,0.0
5_134010.txt,1,0.0
2_111600.txt,1,0.0
2_065940.txt,1,0.0
5_121920.txt,1,0.0
3_044340.txt,1,0.0
4_039570.txt,2,0.10120854573572362
3_137730.txt,6,0.04701646494187549
2_117270.txt,2,3.195943248213554e-06
5_046920.txt,2,0.2847130138283765
4_009120.txt,2,0.0
2_106140.txt,1,0.0
2_111960.txt,1,0.0
2_136530.txt,2,0.048989541558543626
3_003120.txt,2,0.04232365145228206
5_141300.txt,1,0.0
3_044730.txt,1,0.0
4_093810.txt,1,0.0
3_098460.txt,1,0.0
3_021720.txt,1,0.0
4_031260.txt,2,0.061615048761578535
3_127980.txt,1,0.0
1_087720.txt,9,0.04212656909110152
2_106200.txt,1,0.0
4_045420.txt,1,0.0
4_057900.txt,2,0.479117096137296
3_042480.txt,1,0.0
3_137490.txt,8,0.03251570767440831
4_084120.txt,3,0.013473197959772885
3_081060.txt,8,0.045544323298197055
3_077730.txt,1,0.0
3_117030.txt,2,0.0
2_014520.txt,2,0.02817137696215057
4_006990.txt,1,0.0
3_097980.txt,4,0.02688835932339397
5_128730.txt,2,0.0
3_119760.txt,2,0.669757963693816
3_064561.txt,2,0.025940258797920154
5_064710.txt,1,0.0
4_018450.txt,3,0.1078736392111177
4_004740.txt,1,0.0
2_111750.txt,1,0.0
3_122490.txt,1,0.0
2_010320.txt,2,0.0
5_028050.txt,7,0.03787660022072189
3_137310.txt,11,0.03625360167432935
2_084810.txt,11,0.04070310555386164
1_057060.txt,1,0.0
3_043800.txt,1,0.0
3_082620.txt,1,0.0
4_039450.txt,2,0.12281432139883428
5_027990.txt,7,0.03644046634816527
3_067980.txt,1,0.0
3_080880.txt,1,0.0
2_135150.txt,2,0.0
5_099900.txt,8,0.04740509239542951
2_011040.txt,1,0.0
5_180480.txt,1,0.0
2_117750.txt,1,0.0
5_069600.txt,1,0.0
3_090450.txt,1,0.0
2_122850.txt,1,0.0
2_084450.txt,5,0.07404352092710524
2_098640.txt,1,0.0
1_070560.txt,1,0.0
3_025950.txt,1,0.0
3_056370.txt,3,0.0
2_019740.txt,7,0.025951148853123246
4_040800.txt,1,0.0
2_036240.txt,1,0.0
2_144840.txt,1,0.0
2_010830.txt,2,0.0
4_002850.txt,2,0.0
4_025680.txt,4,0.05165594190920362
2_010710.txt,1,0.0
5_086130.txt,2,0.0
5_102930.txt,2,0.1108357261598911
4_068160.txt,7,0.015654241486735734
1_082650.txt,1,0.0
2_072420.txt,1,0.0
5_035070.txt,3,0.024836150396688485
5_155190.txt,2,0.09081213461842316
3_045570.txt,1,0.0
2_032460.txt,1,0.0
4_083820.txt,5,0.07851920497802145
1_038070.txt,1,0.0
2_042300.txt,4,0.04399550320121207
3_111000.txt,4,0.036625701778016655
4_003930.txt,3,0.005830831758267582
4_020880.txt,3,0.07099693003716274
3_039810.txt,1,0.0
3_019170.txt,1,0.0
5_011130.txt,1,0.0
3_090510.txt,2,0.19428660387639146
5_072720.txt,1,0.0
4_075690.txt,4,0.021140588126809603
5_094290.txt,2,0.0
2_011610.txt,1,0.0
1_078030.txt,1,0.0
2_033840.txt,1,0.0
4_002970.txt,1,0.0
2_114210.txt,3,0.0
3_007710.txt,1,0.0
5_146190.txt,1,0.0
5_072900.txt,2,0.0
2_013440.txt,4,0.12890461218282714
3_028860.txt,1,0.0
3_092430.txt,5,0.020223920705273356
3_048840.txt,4,0.038208098557467825
3_072180.txt,1,0.0
4_076020.txt,4,0.054230324054172024
3_085800.txt,2,0.13401709401709397
5_086670.txt,1,0.0
2_036000.txt,1,0.0
5_120600.txt,1,0.0
4_023940.txt,3,0.03635560118991162
2_033660.txt,1,0.0
5_009900.txt,2,0.0
3_023340.txt,2,0.019047619047619053
3_087120.txt,1,0.0
2_151320.txt,1,0.0
2_070290.txt,1,0.0
3_091230.txt,8,0.04354785993731295
5_160650.txt,3,0.00900537600391354
3_072960.txt,1,0.0
2_092790.txt,1,0.0
3_003150.txt,2,0.0
3_105120.txt,1,0.0
2_112650.txt,2,0.0
4_049830.txt,2,0.0
4_011640.txt,1,0.0
5_009780.txt,1,0.0
5_089310.txt,1,0.0
2_138540.txt,2,0.1393382631038566
3_111240.txt,1,0.0
5_158340.txt,1,0.0
2_107640.txt,3,0.002260947212935227
4_024570.txt,1,0.0
5_158520.txt,2,0.0
5_007500.txt,1,0.0
2_153000.txt,1,0.0
2_131100.txt,5,0.01631608158354612
5_098130.txt,2,0.10945862764445831
5_098250.txt,2,0.0
3_003930.txt,2,0.009166260360799617
5_106410.txt,1,0.0
2_085290.txt,5,0.10027064606464402
5_061080.txt,3,0.01789042117033175
4_042540.txt,1,0.0
2_056220.txt,1,0.0
3_031920.txt,1,0.0
3_002670.txt,2,0.02985074626865678
4_049170.txt,1,0.0
1_056880.txt,1,0.0
3_006750.txt,5,0.06628896999054161
5_013650.txt,2,0.04735982580293958
4_086100.txt,1,0.0
5_035670.txt,1,0.0
5_171120.txt,4,0.13927325652857808
2_100710.txt,1,0.0
5_128010.txt,1,0.0
3_007470.txt,2,0.6950793650793652
3_033030.txt,5,0.045338087731336726
4_009030.txt,1,0.0
3_045450.txt,1,0.0
4_008880.txt,1,0.0
3_116160.txt,1,0.0
1_058650.txt,1,0.0
2_135030.txt,1,0.0
4_029010.txt,2,0.039242027858304475
3_042060.txt,3,0.06891322391106051
2_055890.txt,1,0.0
3_110640.txt,6,0.042820184988984905
3_044550.txt,1,0.0
3_098940.txt,1,0.0
5_124170.txt,3,0.018962863844393905
5_162750.txt,1,0.0
2_113970.txt,6,0.03958380924133147
1_078210.txt,1,0.0
2_148740.txt,3,0.029788412177098822
3_072990.txt,2,0.0
2_061410.txt,3,0.0
5_131790.txt,3,0.21344185832593057
2_067410.txt,1,0.0
3_118170.txt,7,0.049220912548071455
2_035250.txt,1,0.0
3_049740.txt,1,0.0
2_123960.txt,2,0.03530769230769233
2_004080.txt,1,0.0
2_046500.txt,1,0.0
2_110520.txt,1,0.0
5_172530.txt,4,0.018619651777362613
2_044580.txt,1,0.0
4_059940.txt,7,0.042964037152872656
5_156960.txt,2,0.0
2_118260.txt,1,0.0
3_137850.txt,4,0.11765147884980266
3_131880.txt,1,0.0
5_134130.txt,3,5.05487253651153e-07
4_092130.txt,1,0.0
5_073800.txt,2,0.0
3_017490.txt,6,0.023500400698393643
2_086790.txt,1,0.0
2_081660.txt,1,0.0
4_058050.txt,1,0.0
2_084690.txt,13,0.02926660550075404
4_060300.txt,8,0.022284951158539224
2_117630.txt,3,0.02660964599667376
5_026020.txt,2,0.22301378349078527
4_082290.txt,1,0.0
5_094830.txt,1,0.0
3_053670.txt,1,0.0
5_064620.txt,1,0.0
3_083550.txt,1,0.0
4_045810.txt,1,0.0
2_066510.txt,1,0.0
1_016320.txt,1,0.0
2_076710.txt,2,0.0
3_092070.txt,3,0.009516837481698381
5_033240.txt,1,0.0
4_011550.txt,1,0.0
5_101850.txt,1,0.0
4_042510.txt,1,0.0
2_122340.txt,1,0.0
2_111720.txt,1,0.0
5_033360.txt,1,0.0
4_013080.txt,1,0.0
5_171000.txt,4,0.026564281332002015
2_032820.txt,1,0.0
3_126390.txt,7,0.0481874997033858
4_051900.txt,7,0.011523279023318341
2_061530.txt,3,0.0038373023056793407
4_028500.txt,1,0.0
4_037590.txt,1,0.0
5_051360.txt,4,0.07471211609055262
1_040740.txt,1,0.0
5_104760.txt,1,0.0
5_080880.txt,3,0.0
2_036120.txt,1,0.0
3_039660.txt,3,0.03989465245196045
5_021210.txt,1,0.0
3_074040.txt,10,0.024987299582539924
3_058770.txt,2,0.2560691719321583
3_111870.txt,1,0.0
4_093690.txt,1,0.0
4_091170.txt,2,0.0
5_179580.txt,1,0.0
1_070500.txt,1,0.0
3_006510.txt,10,0.028900055349638343
4_030060.txt,1,0.0
3_023070.txt,5,0.10766123933197864
2_044760.txt,1,0.0
3_059010.txt,1,0.0
3_019410.txt,1,0.0
3_115890.txt,1,0.0
1_055950.txt,1,0.0
4_087300.txt,1,0.0
5_119790.txt,4,0.07444004293653
4_011850.txt,1,0.0
1_087060.txt,2,0.0
3_031020.txt,1,0.0
2_118110.txt,1,0.0
3_036420.txt,1,0.0
4_011820.txt,1,0.0
3_049500.txt,2,0.0
4_040950.txt,1,0.0
3_131760.txt,2,0.0
1_032340.txt,1,0.0
2_152670.txt,1,0.0
1_086520.txt,1,0.0
2_003460.txt,1,0.0
3_119550.txt,2,0.06549200325291427
2_002670.txt,7,0.02228635624286864
3_129930.txt,1,0.0
4_092070.txt,3,0.0
5_094530.txt,3,0.0655044902271526
2_112320.txt,1,0.0
3_046350.txt,1,0.0
3_076260.txt,1,0.0
3_068880.txt,1,0.0
4_051780.txt,7,0.04811578163843673
3_101490.txt,7,0.02964187380573067
3_092310.txt,4,0.1007307549319955
3_045900.txt,1,0.0
5_154950.txt,1,0.0
5_013860.txt,2,0.4909819639278556
5_163110.txt,2,0.10575793184488837
3_045990.txt,2,0.0038224154860429776
4_013410.txt,1,0.0
5_062130.txt,1,0.0
2_096780.txt,3,0.020627590444362985
2_061230.txt,2,0.0
3_083490.txt,1,0.0
2_011280.txt,1,0.0
2_065130.txt,1,0.0
2_041130.txt,1,0.0
3_079260.txt,1,0.0
5_021990.txt,9,0.040673651681940225
2_027540.txt,8,0.039725989505759805
1_057120.txt,1,0.0
2_012540.txt,6,0.05859013840990722
5_169980.txt,1,0.0
1_086070.txt,2,0.08053011826423077
4_044160.txt,5,0.0400984652334939
3_136050.txt,1,0.0
2_084000.txt,1,0.0
2_094530.txt,1,0.0
5_102960.txt,3,0.04151152817718585
2_025260.txt,3,0.09948906840658306
4_031830.txt,2,0.0
4_044220.txt,5,0.03301554053900128
2_038760.txt,1,0.0
2_111780.txt,1,0.0
2_146790.txt,1,0.0
3_085950.txt,2,0.13884574331224547
5_060660.txt,2,0.1498977969566205
2_048570.txt,1,0.0
2_052050.txt,2,0.0
4_075090.txt,2,0.0
3_064648.txt,2,0.0
1_067740.txt,1,0.0
5_026460.txt,2,0.0
3_044130.txt,1,0.0
4_001200.txt,1,0.0
3_119580.txt,2,0.03651377022576487
2_148200.txt,5,0.05832962263311921
3_081720.txt,6,0.033387204424858624
3_024240.txt,2,0.2361855670103094
2_114960.txt,1,0.0
3_098970.txt,1,0.0
5_132840.txt,1,0.0
5_030540.txt,1,0.0
5_034230.txt,1,0.0
1_020940.txt,1,0.0
4_029040.txt,2,0.05291402192729379
2_015360.txt,1,0.0
3_116940.txt,2,0.0
5_132450.txt,1,0.0
4_083160.txt,1,0.0
4_029160.txt,3,0.1359434411950655
3_119640.txt,2,0.02541903490352331
4_065910.txt,1,0.0
4_076500.txt,2,0.08038509705698181
3_039840.txt,1,0.0
5_115530.txt,1,0.0
3_081900.txt,2,0.0
4_076620.txt,3,0.0025079717674035417
3_119700.txt,2,0.14611872146118737
2_115080.txt,1,0.0
2_095700.txt,12,0.025260778539066213
5_086070.txt,2,0.06847935548841891
4_051600.txt,1,0.0
2_012660.txt,9,0.034955211475011
3_116910.txt,2,0.026899798251513014
3_079290.txt,1,0.0
2_028410.txt,6,0.030865408414938168
3_086100.txt,2,0.049230294378641126
2_131490.txt,1,0.0
2_154080.txt,7,0.039227893777071504
2_154680.txt,3,0.01381948300326978
3_007350.txt,3,0.05595980595980595
2_139920.txt,1,0.0
2_005940.txt,1,0.0
3_099210.txt,1,0.0
2_046350.txt,1,0.0
5_082560.txt,5,0.028982815753067975
3_118290.txt,6,0.023493427425618198
5_111870.txt,1,0.0
3_121050.txt,1,0.0
1_085800.txt,1,0.0
5_160980.txt,6,0.03369495895346077
3_085230.txt,2,0.411297572670063
2_114840.txt,1,0.0
4_014040.txt,1,0.0
2_012480.txt,2,0.24992248062015499
4_031920.txt,1,0.0
4_056220.txt,1,0.0
3_098070.txt,4,0.04564214615197861
4_014790.txt,2,0.0
2_131850.txt,1,0.0
2_130980.txt,3,0.03593519882179676
2_070470.txt,1,0.0
4_078450.txt,1,0.0
1_085860.txt,1,0.0
2_088860.txt,1,0.0
4_026520.txt,1,0.0
5_010710.txt,1,0.0
3_046140.txt,2,0.14230164639695536
2_025080.txt,1,0.0
5_037560.txt,1,0.0
3_058830.txt,2,0.0
5_089130.txt,1,0.0
2_135300.txt,2,0.14913069544364518
4_001020.txt,2,0.045026839280075795
2_019860.txt,8,0.03550767332580185
5_067860.txt,3,0.05262526099982018
5_075300.txt,1,0.0
4_023700.txt,1,0.0
5_102870.txt,2,0.15497439016703624
1_033840.txt,3,0.05103487624444741
3_067500.txt,2,0.0
5_032490.txt,1,0.0
3_033090.txt,4,0.09180103011448489
5_132780.txt,1,0.0
5_023610.txt,1,0.0
4_084480.txt,4,0.09116079169152409
2_002160.txt,10,0.06853138320560319
3_118350.txt,7,0.02260108379298085
3_049560.txt,2,0.0
3_090780.txt,3,0.0
4_084780.txt,5,0.02000090745810533
3_049260.txt,4,0.06020965370631489
3_126900.txt,3,0.05490178583793753
2_070770.txt,4,0.0816013268014889
2_117930.txt,2,0.20908769921557982
5_034140.txt,1,0.0
3_077670.txt,1,0.0
3_039750.txt,2,0.01175482787573464
1_080160.txt,1,0.0
2_088920.txt,1,0.0
3_072540.txt,1,0.0
2_056160.txt,1,0.0
3_053790.txt,1,0.0
3_023100.txt,5,0.08679192095041012
3_041700.txt,6,0.02407674908439672
5_179430.txt,1,0.0
3_097590.txt,2,0.0
4_058560.txt,1,0.0
4_080790.txt,1,0.0
5_083430.txt,1,0.0
5_143610.txt,2,0.0
5_131280.txt,1,0.0
2_034740.txt,8,0.010456059313647454
1_025320.txt,2,0.18237235601690904
5_135840.txt,2,0.09134353384153057
5_115110.txt,1,0.0
2_096300.txt,3,0.06408838091723727
3_117630.txt,2,0.041919932928107265
2_000300.txt,1,0.0
5_102120.txt,1,0.0
1_082800.txt,1,0.0
2_076290.txt,8,0.05458819585792823
5_020100.txt,1,0.0
5_153630.txt,1,0.0
3_041340.txt,8,0.039805391237654066
4_022170.txt,1,0.0
4_087060.txt,1,0.0
4_002730.txt,4,0.09845680525057744
3_127800.txt,1,0.0
2_085470.txt,3,0.0
4_039720.txt,2,0.04748849505532149
5_056100.txt,2,0.0
3_085350.txt,2,0.3770719602977669
3_091650.txt,6,0.04048283743133383
5_033660.txt,1,0.0
3_024420.txt,3,0.026000893698965532
3_121410.txt,1,0.0
2_066780.txt,2,0.0
3_085050.txt,3,0.15106261955783282
5_153690.txt,2,0.0
4_033840.txt,1,0.0
5_009570.txt,1,0.0
3_003330.txt,3,0.03413746017296312
2_148800.txt,3,0.002802436611487617
3_067530.txt,2,0.0
5_079620.txt,1,0.0
4_079680.txt,1,0.0
4_044130.txt,5,0.03783859198012039
2_063540.txt,1,0.0
2_064020.txt,1,0.0
4_002430.txt,4,0.008705261533552113
5_126960.txt,1,0.0
4_060360.txt,7,0.048148942486239396
5_032340.txt,1,0.0
5_118530.txt,1,0.0
5_169380.txt,3,0.06223482427776392
4_028440.txt,1,0.0
4_077670.txt,1,0.0
2_119880.txt,1,0.0
5_080160.txt,1,0.0
3_129960.txt,1,0.0
3_023370.txt,2,0.0
3_067560.txt,1,0.0
3_046530.txt,1,0.0
5_146940.txt,3,0.0
3_092370.txt,5,0.04434841347411927
5_051540.txt,4,0.052195478639022096
1_088110.txt,5,0.02253788995756662
2_038820.txt,1,0.0
2_049350.txt,1,0.0
3_140610.txt,2,0.0
5_069390.txt,1,0.0
1_034200.txt,1,0.0
2_096000.txt,7,0.028161311576714792
4_055410.txt,1,0.0
2_035310.txt,1,0.0
4_049770.txt,1,0.0
5_034350.txt,1,0.0
3_084360.txt,2,0.03396944061905704
3_126060.txt,1,0.0
3_003720.txt,1,0.0
2_066480.txt,2,0.0
5_083340.txt,1,0.0
3_049320.txt,4,0.05431763156734495
5_075180.txt,1,0.0
2_015540.txt,1,0.0
2_107940.txt,2,0.0
1_063360.txt,1,0.0
2_134760.txt,1,0.0
4_018510.txt,4,0.06632762055524584
2_002490.txt,10,0.05710717950835789
2_042780.txt,3,0.04773261366897619
2_042870.txt,2,0.0
3_044370.txt,1,0.0
3_099270.txt,1,0.0
3_116040.txt,1,0.0
4_026640.txt,1,0.0
2_055620.txt,2,0.11165832668102002
2_035010.txt,2,0.0
5_072360.txt,2,0.0
5_162450.txt,1,0.0
2_092880.txt,1,0.0
2_094290.txt,1,0.0
5_078480.txt,1,0.0
3_098760.txt,1,0.0
3_027510.txt,1,0.0
3_063030.txt,2,0.00490410094012089
1_055860.txt,1,0.0
3_019080.txt,1,0.0
2_131310.txt,1,0.0
3_085620.txt,3,0.18247005692362372
5_118110.txt,2,0.00569044006069802
3_066180.txt,2,0.0
5_071130.txt,1,0.0
1_082710.txt,1,0.0
4_045840.txt,1,0.0
4_026430.txt,1,0.0
2_021240.txt,3,0.06916664436046506
3_056880.txt,3,0.06430300139558712
5_110220.txt,3,0.008173869889506835
3_024540.txt,1,0.0
1_037950.txt,1,0.0
5_118230.txt,4,0.09167233772121108
4_049800.txt,1,0.0
5_011760.txt,2,0.05342430484037075
2_083850.txt,1,0.0
5_085110.txt,1,0.0
3_051390.txt,1,0.0
5_155310.txt,1,0.0
5_071010.txt,3,0.08856722797666955
3_048090.txt,4,0.039864303996933755
4_011970.txt,1,0.0
3_115590.txt,3,0.21162124437480034
2_066450.txt,1,0.0
2_069930.txt,4,0.08939234104702337
5_009810.txt,1,0.0
3_067410.txt,2,0.0
3_021240.txt,1,0.0
2_051690.txt,1,0.0
3_058950.txt,2,0.02208588957055217
3_136320.txt,2,0.0
2_010920.txt,1,0.0
1_038880.txt,3,0.019195828854596638
3_039960.txt,1,0.0
3_141450.txt,1,0.0
5_011310.txt,3,0.0
4_004830.txt,1,0.0
4_004860.txt,1,0.0
4_091590.txt,5,0.04099901408369432
2_046380.txt,1,0.0
2_070800.txt,3,0.07712328890169438
1_086700.txt,2,0.30516670012964675
2_015090.txt,1,0.0
2_104370.txt,1,0.0
3_031770.txt,2,0.0
3_117000.txt,2,0.0
3_054270.txt,1,0.0
1_019980.txt,1,0.0
2_060510.txt,7,0.05799412063303861
1_077400.txt,2,0.4333541041182805
2_071460.txt,1,0.0
3_058410.txt,1,0.0
4_083640.txt,2,0.5025704925398551
3_068490.txt,1,0.0
5_096630.txt,1,0.0
3_039720.txt,3,0.07470630947329819
3_056820.txt,2,0.5485978049569998
2_134940.txt,1,0.0
5_047970.txt,1,0.0
2_000390.txt,1,0.0
3_104550.txt,3,0.02909721353394742
2_135000.txt,1,0.0
4_051030.txt,2,0.1344712477168231
3_046470.txt,1,0.0
2_024420.txt,2,0.12994357623774258
2_033960.txt,1,0.0
2_005580.txt,1,0.0
4_025590.txt,3,0.03492661602529513
5_060570.txt,2,0.0771051741630031
2_066300.txt,1,0.0
2_156210.txt,1,0.0
3_126600.txt,3,0.09744926854246556
2_104550.txt,8,0.04359413475636191
3_067350.txt,2,0.0
5_033480.txt,1,0.0
3_003060.txt,2,0.1086122025019194
3_066300.txt,2,0.23018183553667718
5_026220.txt,1,0.0
1_041040.txt,1,0.0
4_025980.txt,1,0.0
2_138990.txt,3,0.046267976833474334
4_078270.txt,2,0.0
2_052620.txt,8,0.061477991755383155
2_122970.txt,4,0.1507338227210959
5_047610.txt,2,0.006098173898475443
4_033360.txt,1,0.0
2_066090.txt,1,0.0
3_100470.txt,1,0.0
2_033780.txt,1,0.0
4_025770.txt,5,0.04367390228228523
3_127740.txt,1,0.0
5_154440.txt,1,0.0
3_004110.txt,2,0.0
4_051840.txt,8,0.027677297647110046
3_085860.txt,2,0.14188034188034176
2_132450.txt,2,0.0
5_017730.txt,1,0.0
3_084180.txt,2,0.10810051944405445
4_025650.txt,4,0.017201746109937608
1_086760.txt,2,0.33617077257084227
2_048630.txt,1,0.0
2_048660.txt,1,0.0
3_066120.txt,2,0.0
3_066210.txt,2,0.0
3_079590.txt,1,0.0
5_180510.txt,1,0.0
5_179490.txt,1,0.0
4_058020.txt,2,0.1868852459016394
4_026040.txt,1,0.0
5_033090.txt,1,0.0
4_055500.txt,1,0.0
2_075600.txt,1,0.0
4_087240.txt,1,0.0
5_061500.txt,2,0.0
4_044250.txt,5,0.022337618080037584
5_080220.txt,1,0.0
3_109860.txt,2,0.0
5_032370.txt,1,0.0
2_013020.txt,8,0.03723451979710259
3_131820.txt,1,0.0
4_018810.txt,4,0.03904516971043429
5_081540.txt,1,0.0
2_072510.txt,1,0.0
4_001500.txt,1,0.0
4_022020.txt,1,0.0
2_117990.txt,2,0.0
2_065190.txt,1,0.0
4_080850.txt,1,0.0
5_154380.txt,2,0.0
5_045480.txt,1,0.0
5_079830.txt,2,0.10469436001350889
1_058590.txt,1,0.0
5_123690.txt,2,0.0
2_134610.txt,1,0.0
2_056070.txt,2,0.0
5_102090.txt,1,0.0
4_025170.txt,2,0.0
4_081780.txt,1,0.0
2_027420.txt,9,0.02854923673512727
2_094470.txt,1,0.0
2_064260.txt,1,0.0
3_078930.txt,1,0.0
5_136380.txt,3,0.059572660607071115
2_040140.txt,2,0.0
3_051240.txt,3,0.154569927901986
5_137490.txt,3,0.10818877678800735
2_003490.txt,1,0.0
3_030810.txt,1,0.0
2_061770.txt,3,0.014007816106532525
5_082710.txt,3,0.029674379725673453
3_051330.txt,2,0.17334703665638923
4_065280.txt,1,0.0
5_004950.txt,1,0.0
2_105690.txt,3,0.05622254758418744
2_069030.txt,4,0.02706899822165652
2_041100.txt,1,0.0
3_037020.txt,1,0.0
4_005430.txt,1,0.0
2_052440.txt,9,0.03888673662326405
4_009090.txt,3,0.25516582144585487
3_115470.txt,2,0.0
2_107460.txt,3,0.03311056882978421
5_178650.txt,1,0.0
2_014490.txt,2,0.26168597682780675
5_056970.txt,4,0.030198938286113707
2_138570.txt,2,0.8190012619433927
1_023520.txt,10,0.048651088796881466
4_090210.txt,1,0.0
3_096990.txt,2,0.0
3_049110.txt,6,0.028305231335587443
5_127830.txt,2,0.0
3_126960.txt,3,0.07124395418520539
1_037890.txt,1,0.0
5_010350.txt,2,0.12831655992680688
3_099330.txt,1,0.0
4_011430.txt,1,0.0
4_068190.txt,8,0.025981391365167947
1_045240.txt,5,0.01436800550036757
3_065820.txt,1,0.0
5_081000.txt,2,0.0
2_113520.txt,6,0.04407570238108449
3_007530.txt,2,0.5972780298120546
3_078420.txt,2,0.0
3_066930.txt,1,0.0
3_118470.txt,6,0.03654278357866884
5_147240.txt,1,0.0
5_030870.txt,1,0.0
3_098160.txt,3,0.026553301221232898
5_009690.txt,1,0.0
3_097230.txt,1,0.0
3_136710.txt,6,0.03563105558488397
3_098790.txt,1,0.0
2_127890.txt,1,0.0
2_061290.txt,1,0.0
2_147570.txt,6,0.06300359456902384
1_086640.txt,2,0.06788655040386204
3_079500.txt,1,0.0
4_077550.txt,1,0.0
5_007020.txt,2,0.09386897728764597
2_060330.txt,3,0.12429671041764988
2_117720.txt,1,0.0
2_034680.txt,7,0.019148104304659026
3_109800.txt,1,0.0
5_141270.txt,1,0.0
4_031680.txt,2,0.0
3_019140.txt,1,0.0
3_067230.txt,2,0.0
2_084750.txt,10,0.042520817497046864
2_011640.txt,1,0.0
5_121890.txt,1,0.0
5_179550.txt,1,0.0
2_052560.txt,9,0.04835883971276938
2_069090.txt,3,0.07387979966830348
5_055500.txt,1,0.0
2_113790.txt,4,0.016310940664502217
5_165840.txt,1,0.0
2_105900.txt,2,0.0
1_037650.txt,1,0.0
1_015780.txt,3,0.0
5_065460.txt,1,0.0
1_016620.txt,1,0.0
1_082590.txt,1,0.0
4_049050.txt,1,0.0
2_138240.txt,2,0.05494435910033756
4_082890.txt,1,0.0
3_096930.txt,2,0.0
3_080730.txt,1,0.0
2_141240.txt,1,0.0
5_102240.txt,1,0.0
5_009960.txt,1,0.0
3_098610.txt,1,0.0
5_020400.txt,1,0.0
1_025200.txt,2,0.1586679184845641
3_127920.txt,1,0.0
2_056340.txt,1,0.0
5_033990.txt,1,0.0
2_011190.txt,1,0.0
2_137070.txt,1,0.0
2_040230.txt,2,0.0
4_086070.txt,1,0.0
3_108000.txt,2,0.0
2_154560.txt,6,0.054498083166155266
4_093930.txt,1,0.0
5_020520.txt,1,0.0
3_068850.txt,1,0.0
1_033900.txt,2,0.11198382358434587
5_178350.txt,1,0.0
2_068310.txt,1,0.0
3_007920.txt,1,0.0
2_019620.txt,2,0.0
5_005190.txt,1,0.0
2_010350.txt,2,0.059938298810048675
5_005340.txt,1,0.0
5_094200.txt,2,0.0
4_037920.txt,1,0.0
2_135330.txt,2,0.25246887075998287
2_012210.txt,1,0.0
2_071610.txt,1,0.0
4_068310.txt,5,0.009092241456059271
2_069330.txt,3,0.011290689005138308
3_130320.txt,1,0.0
2_115020.txt,1,0.0
3_065700.txt,1,0.0
1_082620.txt,1,0.0
5_144810.txt,1,0.0
3_036300.txt,1,0.0
3_018990.txt,1,0.0
4_040830.txt,1,0.0
4_021990.txt,1,0.0
2_152730.txt,1,0.0
5_033930.txt,1,0.0
2_064290.txt,1,0.0
5_155790.txt,2,0.0
5_079770.txt,2,0.06331658291457298
2_106320.txt,1,0.0
3_092490.txt,3,0.05844155695106123
3_137130.txt,12,0.03194782420433406
3_043710.txt,1,0.0
3_126660.txt,3,0.07219905673806314
2_002850.txt,4,0.03633489634754879
1_014751.txt,1,0.0
2_092580.txt,1,0.0
3_043860.txt,1,0.0
1_007170.txt,1,0.0
4_011610.txt,1,0.0
4_057630.txt,1,0.0
2_063420.txt,1,0.0
2_154920.txt,2,0.0
5_127740.txt,2,0.0
3_138150.txt,3,0.0
5_127980.txt,2,0.0
2_066870.txt,1,0.0
3_085470.txt,2,0.2848352230588702
4_007170.txt,1,0.0
3_007950.txt,1,0.0
5_178470.txt,1,0.0
4_089910.txt,2,0.0
4_013380.txt,1,0.0
2_077550.txt,1,0.0
5_171240.txt,4,0.04946556950226935
4_093030.txt,1,0.0
5_161490.txt,2,0.0
3_128040.txt,1,0.0
5_120900.txt,1,0.0
5_115860.txt,1,0.0
5_158220.txt,1,0.0
3_112020.txt,5,0.03965630040440654
3_018690.txt,1,0.0
3_027330.txt,2,0.0
2_071670.txt,1,0.0
3_056160.txt,1,0.0
2_117420.txt,2,0.08903045369794896
2_002730.txt,5,0.1024140059298155
3_034230.txt,1,0.0
2_072600.txt,2,0.02730940312403021
1_071910.txt,1,0.0
5_010590.txt,1,0.0
3_056400.txt,3,0.015795681829837406
5_144510.txt,1,0.0
3_021540.txt,1,0.0
5_158580.txt,2,0.0
5_162690.txt,1,0.0
5_056280.txt,2,0.020003767187794244
5_020820.txt,2,0.0
2_002700.txt,5,0.014603015994519677
2_049500.txt,1,0.0
4_021000.txt,2,0.0
2_151140.txt,2,0.0
3_084450.txt,2,0.09018170351976673
5_080850.txt,3,0.0018554573314518011
5_053880.txt,1,0.0
4_028860.txt,1,0.0
4_040350.txt,1,0.0
5_007470.txt,1,0.0
3_112050.txt,5,0.015132883460578386
2_071550.txt,1,0.0
4_028350.txt,1,0.0
4_084690.txt,4,0.017248392606681654
3_004230.txt,1,0.0
5_078150.txt,1,0.0
5_055470.txt,1,0.0
3_032850.txt,6,0.03114161482557156
1_087960.txt,7,0.03565478507863858
2_064170.txt,1,0.0
5_053400.txt,1,0.0
2_069270.txt,4,0.06569481101391055
2_110490.txt,1,0.0
1_085770.txt,1,0.0
5_079710.txt,2,0.020013870999702872
1_071970.txt,1,0.0
2_117510.txt,2,0.07126506024096378
5_179460.txt,1,0.0
2_063840.txt,1,0.0
4_031590.txt,1,0.0
1_044340.txt,3,0.07014388489208638
5_110370.txt,2,0.0
5_006720.txt,2,0.0
3_082260.txt,2,0.004274764150943305
2_099630.txt,1,0.0
4_077700.txt,1,0.0
3_084480.txt,2,0.2601445136120349
3_019470.txt,1,0.0
2_084030.txt,1,0.0
3_111660.txt,2,0.0
4_013170.txt,2,0.0
2_152790.txt,1,0.0
2_072690.txt,2,0.1683561977597659
4_037560.txt,1,0.0
3_081540.txt,6,0.024900082294335896
4_081840.txt,1,0.0
2_122220.txt,1,0.0
5_107160.txt,2,0.03113258185721956
2_053340.txt,1,0.0
2_005820.txt,1,0.0
3_007410.txt,2,0.46687416629613154
2_131040.txt,3,0.02293003458129471
4_032040.txt,1,0.0
1_073290.txt,1,0.0
4_040080.txt,2,0.20132988548208347
5_128040.txt,1,0.0
5_089370.txt,1,0.0
5_058440.txt,2,0.0
4_081960.txt,1,0.0
5_021270.txt,1,0.0
2_141300.txt,1,0.0
3_058020.txt,1,0.0
3_041520.txt,6,0.026076628698496637
2_000330.txt,1,0.0
3_087060.txt,1,0.0
1_044910.txt,4,0.007864679506094234
5_134850.txt,1,0.0
4_033780.txt,1,0.0
3_141510.txt,1,0.0
5_081120.txt,3,0.04070768749021449
5_061560.txt,2,0.0
2_116880.txt,1,0.0
3_007680.txt,1,0.0
5_123750.txt,1,0.0
5_101610.txt,1,0.0
2_039120.txt,1,0.0
3_121530.txt,1,0.0
1_045120.txt,5,0.07156881478500834
5_180390.txt,1,0.0
2_114270.txt,1,0.0
4_082080.txt,1,0.0
3_114510.txt,1,0.0
1_044880.txt,4,0.006586627287589117
5_060120.txt,1,0.0
2_156180.txt,1,0.0
3_073380.txt,1,0.0
3_059460.txt,1,0.0
2_015120.txt,1,0.0
1_086280.txt,2,0.11467209351489009
1_077610.txt,1,0.0
3_065640.txt,2,0.03605769230769231
5_121020.txt,1,0.0
3_122340.txt,1,0.0
5_071430.txt,2,0.0
1_082950.txt,1,0.0
4_052290.txt,3,0.0
5_107550.txt,2,0.027777777777777846
3_080940.txt,1,0.0
4_029430.txt,2,0.02553563297580847
5_175830.txt,2,0.0
5_109380.txt,4,0.04266280426007538
3_074520.txt,5,0.01364824898475854
5_039120.txt,10,0.04438025532652633
3_079140.txt,1,0.0
1_007230.txt,1,0.0
2_024810.txt,1,0.0
2_107730.txt,1,0.0
4_092970.txt,1,0.0
3_084090.txt,2,0.0945850082761882
3_081180.txt,7,0.08072498132566232
4_017580.txt,1,0.0
2_109260.txt,1,0.0
3_137910.txt,4,0.0661371984778951
4_035130.txt,1,0.0
4_013980.txt,1,0.0
1_070470.txt,1,0.0
4_037710.txt,1,0.0
5_093210.txt,1,0.0
1_082680.txt,1,0.0
1_044760.txt,2,0.01489793944084355
5_056820.txt,5,0.057474041046129964
1_025170.txt,2,0.0500271231390512
5_131220.txt,1,0.0
4_057240.txt,2,0.059848803023939516
4_060690.txt,4,0.02120632454769214
3_092910.txt,2,0.0
5_154320.txt,1,0.0
3_109920.txt,4,0.06478502459149398
3_126480.txt,4,0.08074594359531774
4_032010.txt,1,0.0
2_056280.txt,1,0.0
4_044340.txt,4,0.022143712112436775
4_001440.txt,1,0.0
3_114990.txt,1,0.0
2_016170.txt,1,0.0
2_013380.txt,4,0.0655492001843102
5_157020.txt,2,0.0
5_099600.txt,1,0.0
2_112620.txt,2,0.0
4_020010.txt,2,0.2300884955752213
3_043500.txt,1,0.0
4_042270.txt,2,0.0
5_080820.txt,3,0.0
5_011250.txt,1,0.0
2_065280.txt,1,0.0
2_003900.txt,1,0.0
3_042360.txt,1,0.0
1_077190.txt,2,0.04081992247151409
4_091830.txt,6,0.04837202130854168
2_065340.txt,2,0.0
4_048930.txt,1,0.0
2_052200.txt,2,0.0
3_067650.txt,1,0.0
3_115050.txt,1,0.0
2_090300.txt,1,0.0
5_124290.txt,2,0.07614213197969544
1_055830.txt,1,0.0
4_082020.txt,1,0.0
5_156000.txt,4,0.03455535845472955
4_081240.txt,1,0.0
3_087150.txt,1,0.0
3_090270.txt,2,0.0
2_092760.txt,1,0.0
1_078150.txt,1,0.0
4_099660.txt,2,0.0
1_021060.txt,1,0.0
3_084390.txt,2,0.0
2_066600.txt,1,0.0
2_112800.txt,1,0.0
4_035670.txt,6,0.030488418648984446
1_023820.txt,6,0.04195243463919454
3_081480.txt,4,0.022761955161211527
5_132810.txt,1,0.0
5_030600.txt,1,0.0
4_091410.txt,4,0.06726948289601346
2_036300.txt,1,0.0
5_161430.txt,2,0.0
3_007200.txt,4,0.03435760948463585
5_055620.txt,1,0.0
3_016350.txt,1,0.0
2_148320.txt,5,0.021345439891987773
2_098580.txt,2,0.0
5_153780.txt,2,0.0
2_106740.txt,1,0.0
3_068340.txt,1,0.0
2_035940.txt,1,0.0
4_007080.txt,1,0.0
4_056730.txt,1,0.0
2_070890.txt,1,0.0
5_046740.txt,2,0.0
2_086130.txt,1,0.0
3_018030.txt,5,0.06173275428193183
5_094230.txt,2,0.0
5_118470.txt,1,0.0
4_005460.txt,1,0.0
3_126780.txt,3,0.02926920360910401
5_025680.txt,1,0.0
2_063450.txt,1,0.0
5_082680.txt,3,0.10823843787024497
5_133920.txt,1,0.0
5_146490.txt,2,0.2258064516129031
4_028410.txt,1,0.0
4_022110.txt,1,0.0
2_152700.txt,1,0.0
2_028440.txt,5,0.03850605085164834
3_018510.txt,2,0.0
5_155100.txt,2,0.0
4_004710.txt,1,0.0
1_010350.txt,1,0.0
3_127140.txt,2,0.0451316339323024
4_080970.txt,1,0.0
4_043560.txt,6,0.03905478692655377
5_060750.txt,2,0.10348623853211006
3_068550.txt,1,0.0
4_045450.txt,1,0.0
5_131430.txt,1,0.0
1_024300.txt,3,0.15042224903168458
4_017520.txt,1,0.0
3_030720.txt,1,0.0
2_124860.txt,2,0.0
2_116730.txt,2,0.0
4_010800.txt,1,0.0
5_060090.txt,1,0.0
2_033750.txt,1,0.0
4_065730.txt,1,0.0
5_151110.txt,1,0.0
2_113010.txt,1,0.0
5_086010.txt,2,0.18364507651878206
3_021360.txt,1,0.0
1_072510.txt,1,0.0
4_037380.txt,1,0.0
4_004200.txt,3,0.05648008068582953
3_054060.txt,1,0.0
4_012480.txt,1,0.0
4_002610.txt,4,0.05809578328135412
2_109140.txt,1,0.0
2_134700.txt,1,0.0
2_097050.txt,1,0.0
5_029730.txt,2,0.2763842600713326
3_105300.txt,1,0.0
3_009930.txt,1,0.0
2_072540.txt,1,0.0
2_020940.txt,3,0.02468355274193776
2_107370.txt,3,0.0712878573839898
3_030900.txt,1,0.0
2_069870.txt,4,0.08297616159634075
2_002100.txt,6,0.02907961894655509
3_041580.txt,7,0.03151620013682784
4_039840.txt,2,0.014311652248211251
5_005100.txt,1,0.0
3_057480.txt,1,0.0
5_069480.txt,1,0.0
5_089250.txt,1,0.0
4_029190.txt,3,0.16255709399386933
3_048630.txt,5,0.02904698934503159
4_060780.txt,2,0.09260450160771704
4_043500.txt,6,0.032481854906782896
1_024660.txt,2,0.0
3_098130.txt,4,0.015121026383126802
3_090150.txt,2,0.0
1_025230.txt,2,0.07963434172085573
1_015510.txt,5,0.03860350400303768
4_037350.txt,1,0.0
3_034380.txt,1,0.0
5_155730.txt,2,0.0
4_044400.txt,2,0.027006751687921885
2_147720.txt,10,0.0288832611806171
5_096150.txt,1,0.0
5_032940.txt,1,0.0
1_021030.txt,1,0.0
2_038700.txt,1,0.0
2_083670.txt,1,0.0
2_116850.txt,1,0.0
5_118350.txt,2,0.0
1_015570.txt,3,0.052737582801587975
1_015810.txt,2,0.0
5_060330.txt,1,0.0
4_040920.txt,1,0.0
3_099450.txt,1,0.0
4_079890.txt,1,0.0
1_038100.txt,2,0.0
5_081150.txt,3,0.028672985781990568
3_007050.txt,5,0.017228982294446776
5_006240.txt,1,0.0
2_106830.txt,1,0.0
5_108210.txt,1,0.0
3_079200.txt,1,0.0
2_123420.txt,9,0.05227814920895173
2_042000.txt,8,0.06471829528307312
2_104760.txt,7,0.021867202020906987
4_035160.txt,1,0.0
5_144690.txt,1,0.0
5_080700.txt,2,0.0
5_056250.txt,2,0.006663455362877422
4_044280.txt,5,0.019302536340674692
5_160860.txt,6,0.044245857651991724
3_036990.txt,1,0.0
3_101250.txt,3,0.12990392800681022
4_093060.txt,1,0.0
2_083970.txt,1,0.0
3_087000.txt,1,0.0
5_116040.txt,1,0.0
4_019950.txt,2,0.14924433249370278
3_126300.txt,4,0.023985870243779864
1_023940.txt,6,0.018052659907545517
2_147960.txt,6,0.005367465489812473
4_059550.txt,1,0.0
5_117810.txt,1,0.0
3_079410.txt,1,0.0
5_075060.txt,1,0.0
3_107910.txt,1,0.0
2_068910.txt,3,0.05356649156759746
4_007380.txt,1,0.0
1_024120.txt,4,0.01245593770334935
2_069510.txt,3,0.10432595872062345
4_037980.txt,1,0.0
2_072780.txt,1,0.0
5_061140.txt,3,0.0
3_046410.txt,1,0.0
4_011130.txt,1,0.0
4_090450.txt,3,0.1075678720428082
5_163170.txt,2,0.011225680320373205
2_069990.txt,3,0.08354916786186779
4_075900.txt,5,0.07048419133579485
5_120690.txt,1,0.0
5_067920.txt,3,0.01195284432912229
3_007890.txt,1,0.0
2_042180.txt,7,0.037104541572202644
5_154890.txt,1,0.0
5_089430.txt,1,0.0
3_007380.txt,3,0.07604938271604939
3_115620.txt,3,0.07993533442565805
2_025290.txt,3,0.08939382535467806
3_104430.txt,4,0.07056915409653977
3_018630.txt,1,0.0
5_100020.txt,6,0.038696335637943266
2_061380.txt,3,0.0
4_020700.txt,3,0.07237740988071881
1_078000.txt,1,0.0
3_122970.txt,1,0.0
4_023850.txt,2,0.0
4_061710.txt,2,0.054552294958615896
4_013140.txt,2,0.0
3_073470.txt,1,0.0
2_136860.txt,1,0.0
2_131070.txt,4,0.004200889059462577
3_068250.txt,1,0.0
4_037680.txt,1,0.0
5_123570.txt,2,0.17948717948717946
3_078990.txt,1,0.0
3_040860.txt,1,0.0
4_044100.txt,4,0.04385515396417799
1_033540.txt,5,0.035141824151138736
5_079740.txt,2,0.03142268041237122
3_051150.txt,2,0.03165673420738992
3_022920.txt,4,0.003879784347727897
3_055350.txt,1,0.0
5_046770.txt,2,0.0
5_060630.txt,2,0.14896451495700616
4_078210.txt,2,0.0
5_153870.txt,2,0.0
5_071310.txt,2,0.0
3_025020.txt,3,0.042686007282638196
4_085620.txt,1,0.0
1_057240.txt,1,0.0
5_054000.txt,2,0.0
5_157230.txt,1,0.0
3_097290.txt,1,0.0
4_059610.txt,1,0.0
3_000000.txt,1,0.0
5_060960.txt,3,0.0
4_002880.txt,2,0.0
4_060810.txt,2,0.012802275960170672
4_086850.txt,1,0.0
3_007290.txt,3,0.08412286737592407
5_099990.txt,6,0.04123325469335516
4_027000.txt,1,0.0
3_044250.txt,1,0.0
5_180360.txt,1,0.0
4_007050.txt,1,0.0
5_160110.txt,1,0.0
3_072360.txt,1,0.0
3_076140.txt,1,0.0
2_131610.txt,1,0.0
4_057330.txt,2,0.0843087160596518
4_039780.txt,2,0.022259013980868072
1_021000.txt,1,0.0
5_062310.txt,1,0.0
2_024300.txt,2,0.0
2_090120.txt,1,0.0
2_081600.txt,1,0.0
4_085470.txt,1,0.0
2_104460.txt,6,0.12615310639283564
2_066390.txt,1,0.0
2_069450.txt,5,0.010868935515673432
1_015720.txt,3,0.010961270178701918
5_096450.txt,1,0.0
2_109290.txt,1,0.0
5_169440.txt,4,0.030758359343899824
3_059490.txt,1,0.0
2_071700.txt,1,0.0
2_124200.txt,1,0.0
5_010200.txt,2,0.019226204604794614
5_136260.txt,2,0.0
1_085950.txt,1,0.0
2_011490.txt,1,0.0
5_064800.txt,1,0.0
3_066240.txt,2,0.0
2_112260.txt,1,0.0
4_020400.txt,2,0.0
5_148350.txt,5,0.061660973337673265
3_105210.txt,1,0.0
3_069270.txt,1,0.0
4_052050.txt,6,0.043730972930220234
3_090360.txt,2,0.0
4_028380.txt,1,0.0
2_075570.txt,1,0.0
5_046980.txt,1,0.0
4_043440.txt,5,0.025870295010498347
1_073110.txt,1,0.0
1_044400.txt,3,0.1326279564855172
3_064980.txt,7,0.05145395415362505
3_029070.txt,1,0.0
2_027990.txt,5,0.03398767724803735
5_178230.txt,1,0.0
1_073800.txt,1,0.0
3_108060.txt,2,0.0
5_178260.txt,1,0.0
1_087120.txt,2,0.0
4_021180.txt,1,0.0
4_057600.txt,2,0.0
3_064860.txt,5,0.046682088969723826
3_078600.txt,2,0.0
3_090600.txt,2,0.0
2_021510.txt,1,0.0
2_111870.txt,1,0.0
2_124740.txt,2,0.1933850513308867
5_074040.txt,1,0.0
2_012180.txt,1,0.0
3_044040.txt,1,0.0
5_061110.txt,3,0.01679916004199793
5_170040.txt,1,0.0
4_053400.txt,1,0.0
1_045030.txt,3,0.06043565182784999
4_082980.txt,1,0.0
2_052189.txt,1,0.0
4_020430.txt,2,0.0
2_104610.txt,7,0.02958718263932288
1_034500.txt,2,0.0
2_136380.txt,2,0.06309253221190245
2_070110.txt,2,0.0
5_099570.txt,1,0.0
3_074400.txt,4,0.04021983307335932
3_052980.txt,1,0.0
1_080010.txt,1,0.0
4_027060.txt,1,0.0
2_012780.txt,8,0.04680286774160931
3_098640.txt,1,0.0
2_105120.txt,6,0.06843150047297861
4_091650.txt,4,0.05452104530130895
4_060390.txt,6,0.014573636912434637
2_042540.txt,5,0.025965001647935936
2_134970.txt,1,0.0
2_065730.txt,1,0.0
3_051300.txt,3,0.04862571342745572
4_065850.txt,1,0.0
5_009540.txt,1,0.0
3_065760.txt,1,0.0
5_101670.txt,1,0.0
4_082860.txt,1,0.0
4_040380.txt,1,0.0
3_073740.txt,10,0.036062862624244005
5_072480.txt,2,0.0
4_086820.txt,1,0.0
3_090930.txt,1,0.0
4_089880.txt,2,0.0
2_132330.txt,2,0.045232006293804285
2_076800.txt,2,0.0
5_080580.txt,1,0.0
2_077670.txt,1,0.0
2_105180.txt,5,0.047894565655573006
3_025080.txt,3,0.039616924989394585
3_067470.txt,2,0.0
3_021810.txt,1,0.0
2_061650.txt,3,0.05515212703399155
1_033960.txt,3,0.02351609657947684
3_092190.txt,3,0.06549430729342795
3_072240.txt,1,0.0
4_014640.txt,1,0.0
3_039930.txt,1,0.0
1_077670.txt,1,0.0
5_055560.txt,1,0.0
1_078060.txt,1,0.0
5_010770.txt,1,0.0
5_093390.txt,1,0.0
5_002760.txt,1,0.0
2_041940.txt,5,0.04244424335724149
3_085380.txt,2,0.3558616589039739
2_107550.txt,3,0.14360608601425082
5_101760.txt,1,0.0
2_098430.txt,1,0.0
2_110370.txt,1,0.0
4_007350.txt,1,0.0
2_016110.txt,1,0.0
4_044490.txt,1,0.0
4_090330.txt,2,0.09972325603588139
2_107070.txt,1,0.0
4_043170.txt,4,0.027548436811977092
4_090480.txt,3,0.09112844684521644
4_092610.txt,1,0.0
3_057990.txt,1,0.0
5_006900.txt,2,0.0
1_063120.txt,1,0.0
2_105720.txt,3,0.046515491319877124
2_048600.txt,1,0.0
3_038970.txt,1,0.0
5_086550.txt,2,0.0
3_122220.txt,1,0.0
3_065040.txt,7,0.07311997450368735
3_003540.txt,3,0.00016091046064276355
4_018870.txt,4,0.060709934193535264
1_012810.txt,1,0.0
5_007080.txt,1,0.0
3_091590.txt,7,0.05261274223066538
3_055320.txt,1,0.0
3_019260.txt,1,0.0
2_010440.txt,3,0.0
5_079890.txt,2,0.05547739636090783
5_178590.txt,1,0.0
5_013770.txt,2,0.05695493300852612
4_022050.txt,1,0.0
4_026970.txt,1,0.0
2_068370.txt,1,0.0
2_151050.txt,1,0.0
5_047910.txt,2,0.0
3_044640.txt,1,0.0
4_025080.txt,2,0.15995790581425934
4_079920.txt,1,0.0
4_084660.txt,4,0.022403486098184475
4_093960.txt,2,0.0
2_127050.txt,1,0.0
3_074100.txt,8,0.04868867271665765
3_042240.txt,3,0.04912157687663126
4_031860.txt,2,0.0
1_077700.txt,1,0.0
4_083010.txt,1,0.0
3_090900.txt,2,0.0
4_026910.txt,1,0.0
1_086130.txt,2,0.0
5_132870.txt,1,0.0
3_126360.txt,7,0.05289478543518198
5_127800.txt,2,0.0
4_049860.txt,2,0.0
2_154500.txt,7,0.030336977651408355
4_039750.txt,1,0.0
2_104430.txt,2,0.0
5_062550.txt,1,0.0
2_138300.txt,2,0.4900609818791612
4_004440.txt,1,0.0
2_016200.txt,1,0.0
2_130920.txt,2,0.10767402499189739
2_045600.txt,1,0.0
2_134910.txt,1,0.0
2_012150.txt,1,0.0
4_084600.txt,3,0.01416051461382377
3_003270.txt,5,0.0
5_154080.txt,3,0.0
1_015630.txt,4,0.003641833263938958
2_046590.txt,1,0.0
4_040320.txt,1,0.0
2_045540.txt,1,0.0
3_018240.txt,5,0.057450138358124445
3_079170.txt,1,0.0
3_068820.txt,1,0.0
3_002820.txt,2,0.0
4_022710.txt,1,0.0
2_064950.txt,1,0.0
2_053280.txt,1,0.0
2_046650.txt,1,0.0
5_151050.txt,1,0.0
4_060120.txt,5,0.039135423350211286
2_131130.txt,4,0.044726887679710635
2_011520.txt,1,0.0
2_109170.txt,1,0.0
3_074460.txt,5,0.026462742997847143
5_141180.txt,1,0.0
2_124500.txt,1,0.0
5_020070.txt,1,0.0
4_057480.txt,1,0.0
5_058500.txt,2,0.0
5_074160.txt,1,0.0
5_123450.txt,1,0.0
1_077430.txt,2,0.6456680034449185
3_117930.txt,8,0.05341202203352675
2_066270.txt,1,0.0
1_032190.txt,1,0.0
3_063180.txt,2,0.14708454139629076
1_038760.txt,3,0.043553876087711885
5_137310.txt,1,0.0
2_063930.txt,1,0.0
2_062010.txt,1,0.0
2_109080.txt,1,0.0
3_140640.txt,2,0.0
2_123900.txt,3,0.04065761885894684
5_155070.txt,1,0.0
1_015660.txt,3,0.0
1_062790.txt,1,0.0
3_117870.txt,6,0.06514616973959873
2_041280.txt,1,0.0
5_075240.txt,1,0.0
5_027570.txt,1,0.0
4_021240.txt,1,0.0
5_171750.txt,2,0.0894235645461205
5_112680.txt,1,0.0
5_043020.txt,1,0.0
1_087600.txt,2,0.0
5_037590.txt,1,0.0
1_007350.txt,1,0.0
5_156030.txt,5,0.006119738764269067
3_097620.txt,1,0.0
2_020700.txt,2,0.0
5_122970.txt,1,0.0
2_107400.txt,3,0.028792255787737666
5_117690.txt,1,0.0
5_102900.txt,2,0.13935015690376568
3_104340.txt,3,0.0
4_028230.txt,1,0.0
3_115560.txt,3,0.05275293533599008
3_018270.txt,5,0.04696661277350943
4_024600.txt,2,0.0
3_126450.txt,5,0.05200595698790328
5_103020.txt,5,0.01658570634660126
3_029040.txt,1,0.0
2_052159.txt,1,0.0
4_031200.txt,2,0.0
2_123780.txt,4,0.03585016574094669
5_062250.txt,1,0.0
5_064740.txt,1,0.0
2_024780.txt,1,0.0
5_055530.txt,1,0.0
5_051330.txt,4,0.05887716517042263
2_116670.txt,1,0.0
4_077760.txt,1,0.0
5_010560.txt,2,0.44237889540265346
4_056190.txt,1,0.0
1_078180.txt,1,0.0
5_073440.txt,2,0.0
4_079710.txt,1,0.0
4_009810.txt,7,0.04098486553083528
5_128790.txt,1,0.0
2_104820.txt,8,0.01915432285925257
1_037770.txt,1,0.0
4_012540.txt,1,0.0
3_084330.txt,2,0.0964438014011576
3_058470.txt,1,0.0
1_023580.txt,11,0.04116707131170441
1_040980.txt,1,0.0
5_118410.txt,1,0.0
4_001080.txt,1,0.0
2_035130.txt,2,0.0719530102790015
3_111180.txt,2,0.06849315068493153
5_081600.txt,1,0.0
3_098430.txt,1,0.0
1_071310.txt,1,0.0
4_049110.txt,2,0.0
4_002280.txt,2,0.10068009915464327
4_083100.txt,1,0.0
2_117570.txt,2,0.0049031121550205765
4_080940.txt,1,0.0
5_066120.txt,2,0.034833869239013916
4_045720.txt,1,0.0
4_039660.txt,2,0.12214242968282488
2_122460.txt,1,0.0
2_121920.txt,2,0.28836701256144204
5_020010.txt,1,0.0
4_010050.txt,3,0.04782276147285045
3_121320.txt,1,0.0
5_030840.txt,1,0.0
5_146130.txt,1,0.0
5_128490.txt,1,0.0
2_014580.txt,2,0.0
4_033810.txt,1,0.0
2_111990.txt,1,0.0
5_115920.txt,1,0.0
3_038730.txt,1,0.0
2_155040.txt,2,0.0
2_085050.txt,7,0.015025591303617632
4_085920.txt,1,0.0
3_105180.txt,1,0.0
2_040320.txt,1,0.0
3_053940.txt,1,0.0
1_088080.txt,5,0.00710265301779372
2_147900.txt,6,0.030764713513024004
2_136680.txt,2,0.08076235854675407
2_136620.txt,2,0.0615905919872435
1_040620.txt,1,0.0
3_139950.txt,2,0.0
4_025890.txt,5,0.010238907849829343
1_010380.txt,1,0.0
4_058770.txt,2,0.05077324764008831
2_010380.txt,2,0.00704709522172578
2_028140.txt,3,0.06340633251776727
5_054120.txt,1,0.0
3_043980.txt,1,0.0
5_134040.txt,1,0.0
5_020760.txt,3,0.0
2_128070.txt,1,0.0
2_139170.txt,1,0.0
5_158880.txt,1,0.0
4_057180.txt,2,0.06289640591966186
5_064650.txt,1,0.0
5_169620.txt,4,0.027858659387321818
3_024780.txt,2,0.5186190260817126
5_030660.txt,1,0.0
2_034500.txt,1,0.0
2_081510.txt,1,0.0
1_077130.txt,2,0.010964912280701776
3_126240.txt,3,0.0
2_096060.txt,6,0.0482033766673152
4_076560.txt,3,0.012045488553045052
2_060570.txt,10,0.05277021934466542
5_019980.txt,1,0.0
4_098310.txt,1,0.0
4_025260.txt,2,0.0
3_076110.txt,1,0.0
3_066060.txt,1,0.0
1_063420.txt,1,0.0
3_131730.txt,1,0.0
5_153600.txt,1,0.0
3_066150.txt,2,0.0
3_085200.txt,2,0.33001684132297276
3_006210.txt,10,0.030919445209731704
3_030870.txt,1,0.0
2_028590.txt,4,0.010801542675368944
5_075090.txt,1,0.0
2_005670.txt,1,0.0
2_020280.txt,2,0.0
2_003400.txt,1,0.0
3_118050.txt,7,0.06350016604287267
2_107160.txt,3,0.0
1_086010.txt,1,0.0
5_046710.txt,2,0.018003394082491058
2_144990.txt,1,0.0
4_037470.txt,1,0.0
4_029100.txt,3,0.06488335326973031
5_106440.txt,1,0.0
5_070890.txt,3,0.0458463164416261
2_086610.txt,1,0.0
2_052140.txt,1,0.0
4_051240.txt,1,0.0
4_021060.txt,2,0.0
5_056850.txt,5,0.03188409156563464
5_081270.txt,3,0.06766626857416412
5_027690.txt,1,0.0
3_112260.txt,4,0.0492961964447203
2_051720.txt,1,0.0
5_155130.txt,2,0.0
2_144780.txt,1,0.0
1_086400.txt,1,0.0
5_080910.txt,2,0.0
5_180270.txt,1,0.0
5_013710.txt,2,0.08008560486596066
1_023340.txt,2,0.0
4_037500.txt,1,0.0
3_017250.txt,6,0.036269318139521396
1_062940.txt,1,0.0
3_112170.txt,4,0.06842045539252063
3_053730.txt,1,0.0
5_178410.txt,1,0.0
2_108000.txt,1,0.0
1_038010.txt,1,0.0
2_110400.txt,1,0.0
3_022890.txt,4,0.0
1_033180.txt,1,0.0
3_136590.txt,3,0.006884681583476756
3_092670.txt,3,0.0274344314312801
1_020430.txt,1,0.0
4_011880.txt,1,0.0
2_032850.txt,1,0.0
4_001140.txt,1,0.0
5_007530.txt,1,0.0
2_155100.txt,2,0.04758296711622984
5_122070.txt,1,0.0
4_090000.txt,2,0.09062821833161684
5_124410.txt,1,0.0
5_161040.txt,6,0.06826656706781659
2_063900.txt,1,0.0
2_027300.txt,5,0.03068339049748677
2_024720.txt,1,0.0
4_004500.txt,1,0.0
4_013530.txt,1,0.0
3_101370.txt,2,0.1457278086855434
2_085170.txt,5,0.045023010538155786
2_083820.txt,1,0.0
3_021630.txt,1,0.0
5_079920.txt,3,0.0005428026603503531
3_091830.txt,4,0.05665398395703878
5_046650.txt,2,0.0
2_134640.txt,1,0.0
3_115530.txt,3,0.021771938939607577
4_029070.txt,3,0.049189397289649994
5_098190.txt,2,0.0
3_021600.txt,1,0.0
2_096240.txt,4,0.05452903222151754
2_028170.txt,3,0.02683195901348143
3_099180.txt,1,0.0
5_135150.txt,2,0.07624633431085043
2_094440.txt,1,0.0
3_040980.txt,5,0.06712835085955923
1_010410.txt,1,0.0
3_057300.txt,1,0.0
4_049200.txt,1,0.0
2_100440.txt,1,0.0
4_033870.txt,1,0.0
3_046080.txt,2,0.12189284371046596
3_057660.txt,1,0.0
2_003840.txt,1,0.0
3_036960.txt,1,0.0
1_010320.txt,1,0.0
2_010680.txt,1,0.0
4_020130.txt,2,0.0
3_018330.txt,5,0.01580623752895912
3_111360.txt,1,0.0
4_036240.txt,5,0.032050957702155894
1_070980.txt,1,0.0
4_094050.txt,1,0.0
3_091110.txt,9,0.024408462260994926
1_007080.txt,1,0.0
3_021180.txt,1,0.0
3_110340.txt,6,0.03278513899014104
5_153540.txt,1,0.0
2_066180.txt,1,0.0
3_007770.txt,1,0.0
5_112560.txt,1,0.0
1_038400.txt,2,0.0
3_101070.txt,4,0.025076988102512243
1_020400.txt,1,0.0
2_148560.txt,4,0.06599334490529983
3_084420.txt,2,0.050661703887510345
2_144930.txt,1,0.0
2_070410.txt,1,0.0
5_035370.txt,3,0.028729571361510175
2_085350.txt,5,0.07495149480813992
1_032280.txt,1,0.0
4_024000.txt,3,0.05262770281436782
2_118350.txt,1,0.0
3_042660.txt,1,0.0
2_092670.txt,1,0.0
1_034680.txt,1,0.0
3_049680.txt,1,0.0
2_011400.txt,1,0.0
2_034620.txt,8,0.03526196592547185
5_099930.txt,8,0.044770762398605606
5_094140.txt,1,0.0
3_110820.txt,6,0.03280587603103851
3_004350.txt,1,0.0
3_105150.txt,1,0.0
2_066540.txt,1,0.0
2_098520.txt,2,0.0
4_033570.txt,1,0.0
2_024360.txt,2,0.16692466294621486
5_081210.txt,3,0.060504547415172714
4_057810.txt,3,0.06184346796863439
3_103260.txt,1,0.0
1_014601.txt,1,0.0
2_154200.txt,7,0.03094050607928947
4_026550.txt,1,0.0
4_026880.txt,1,0.0
2_097140.txt,1,0.0
1_038160.txt,3,0.04659498207885307
3_090870.txt,2,0.0
5_080250.txt,1,0.0
3_112380.txt,1,0.0
2_071580.txt,1,0.0
3_019380.txt,1,0.0
5_072660.txt,1,0.0
4_056820.txt,1,0.0
2_151380.txt,1,0.0
2_015150.txt,1,0.0
2_107190.txt,3,0.006869101461626042
5_128220.txt,1,0.0
5_010440.txt,2,0.15851413017372518
5_080640.txt,1,0.0
3_072270.txt,1,0.0
5_056130.txt,2,0.04882263987902366
4_079050.txt,1,0.0
2_116910.txt,1,0.0
3_112410.txt,1,0.0
5_178440.txt,1,0.0
5_102150.txt,1,0.0
3_140670.txt,2,0.0
2_032370.txt,1,0.0
3_136110.txt,2,0.0
5_101880.txt,1,0.0
3_053040.txt,1,0.0
3_054870.txt,1,0.0
2_156270.txt,1,0.0
3_054240.txt,1,0.0
2_096180.txt,5,0.006794262838509578
3_075870.txt,1,0.0
2_028260.txt,5,0.05173941081718686
5_175950.txt,1,0.0
5_094710.txt,3,0.15541937512416545
4_004920.txt,1,0.0
1_055890.txt,1,0.0
5_061050.txt,3,0.015073548521232901
5_006960.txt,2,0.0
2_056430.txt,1,0.0
2_115200.txt,1,0.0
5_102270.txt,1,0.0
2_015420.txt,1,0.0
2_105840.txt,3,0.006340881252648392
4_085590.txt,1,0.0
5_034020.txt,1,0.0
2_134580.txt,1,0.0
4_091260.txt,1,0.0
5_046800.txt,2,0.0
1_078240.txt,2,0.0
4_039690.txt,2,0.11952750380102148
3_110220.txt,6,0.03863111697440152
3_122730.txt,1,0.0
2_063780.txt,1,0.0
3_098550.txt,1,0.0
5_086190.txt,1,0.0
5_146430.txt,2,0.0
2_045480.txt,1,0.0
3_112080.txt,4,0.04043144631179004
3_090990.txt,4,0.02440494197561725
2_042360.txt,6,0.03477199492992533
2_052291.txt,8,0.031447854111324794
5_030420.txt,1,0.0
2_034050.txt,1,0.0
4_013110.txt,2,0.0
3_065460.txt,5,0.06848713662841467
3_081300.txt,6,0.04154554220360781
5_156990.txt,2,0.0
5_093270.txt,1,0.0
5_172410.txt,3,0.0046392361286839755
5_081570.txt,1,0.0
3_035100.txt,1,0.0
5_089160.txt,1,0.0
4_010020.txt,4,0.031639414426249145
2_127980.txt,1,0.0
1_063480.txt,1,0.0
2_090390.txt,1,0.0
2_095520.txt,1,0.0
5_078120.txt,1,0.0
2_134790.txt,1,0.0
3_069120.txt,1,0.0
2_117480.txt,2,0.0722891566265061
5_155220.txt,2,0.24359659350727672
3_109620.txt,1,0.0
4_098250.txt,1,0.0
3_052950.txt,1,0.0
1_020190.txt,1,0.0
5_158820.txt,1,0.0
5_175710.txt,2,0.0
4_098550.txt,1,0.0
4_031710.txt,2,0.0
2_021000.txt,3,0.01353977192620996
2_042480.txt,6,0.0258989763160765
4_060450.txt,7,0.029876496621808184
5_058320.txt,2,0.1511401803075832
5_035130.txt,3,0.07386197758763953
2_134550.txt,1,0.0
4_014610.txt,1,0.0
5_103110.txt,5,0.06508229528183002
4_075420.txt,9,0.030561105980503392
4_014820.txt,3,0.043486321113318495
2_147600.txt,6,0.04297841487762664
2_116580.txt,1,0.0
3_097680.txt,3,0.0392767002039899
1_086250.txt,2,0.14063299363242063
3_069180.txt,1,0.0
3_110040.txt,5,0.03420154593785698
1_045360.txt,3,0.01961644439975125
3_064607.txt,2,0.0
5_111960.txt,2,0.0
4_098280.txt,1,0.0
2_072840.txt,1,0.0
2_032670.txt,1,0.0
3_009960.txt,1,0.0
2_060930.txt,4,0.0
5_108270.txt,1,0.0
5_150870.txt,1,0.0
2_010500.txt,3,0.057374162026477916
3_064650.txt,2,0.0
2_066030.txt,1,0.0
2_083700.txt,1,0.0
3_122760.txt,1,0.0
3_099090.txt,1,0.0
4_078150.txt,2,0.03809990642128242
2_036180.txt,1,0.0
3_031800.txt,2,0.0
3_100500.txt,2,0.0667788255802096
2_134730.txt,1,0.0
3_016200.txt,1,0.0
5_161100.txt,7,0.04630484894601061
3_068760.txt,1,0.0
5_078300.txt,1,0.0
3_069300.txt,1,0.0
2_092550.txt,1,0.0
3_085320.txt,2,0.34120309823495126
3_090480.txt,2,0.0
2_060870.txt,4,0.036617789522331745
3_018390.txt,4,0.0
2_028290.txt,5,0.03117390213273863
2_151260.txt,2,0.0
2_113190.txt,1,0.0
3_082320.txt,2,0.005247966413014961
3_101640.txt,5,0.02449285240226107
4_022650.txt,1,0.0
5_141240.txt,1,0.0
2_040380.txt,1,0.0
5_047550.txt,3,0.0
5_146760.txt,2,0.0
2_003240.txt,3,0.012103118570218245
3_118770.txt,4,0.06102104758108653
5_117930.txt,2,0.0
4_003900.txt,3,0.0
2_095580.txt,6,0.034495578524715534
1_020040.txt,1,0.0
4_005490.txt,1,0.0
2_116760.txt,2,0.0
4_075480.txt,7,0.036916373726678976
5_151290.txt,1,0.0
2_046320.txt,1,0.0
4_011100.txt,1,0.0
3_104490.txt,4,0.10926581938919773
4_094080.txt,1,0.0
2_028080.txt,2,0.0
3_046590.txt,1,0.0
2_084630.txt,10,0.03250679583064605
2_125040.txt,2,0.0
5_162990.txt,2,0.0
3_048690.txt,5,0.009083445517535205
1_070920.txt,1,0.0
3_048750.txt,5,0.031932350432860655
2_027720.txt,7,0.051035454815111556
2_062070.txt,1,0.0
1_007260.txt,1,0.0
5_097080.txt,1,0.0
3_002700.txt,2,0.0
2_065250.txt,1,0.0
5_034410.txt,1,0.0
2_148140.txt,5,0.07361247943727814
3_115920.txt,1,0.0
3_041160.txt,9,0.05216969583944691
2_076620.txt,4,0.03987207358956399
3_068010.txt,1,0.0
5_035610.txt,3,0.0
2_067020.txt,1,0.0
3_103470.txt,1,0.0
2_118320.txt,2,0.0
5_155670.txt,2,0.09883132088768247
3_018570.txt,1,0.0
4_045480.txt,1,0.0
2_098880.txt,1,0.0
5_051600.txt,5,0.045668883240161974
3_017910.txt,5,0.059070983546112496
5_135570.txt,2,0.10273081924577353
1_063060.txt,1,0.0
2_068250.txt,1,0.0
3_032550.txt,2,0.0
4_051660.txt,2,0.0
1_023760.txt,7,0.03369946732738606
3_128280.txt,1,0.0
3_112320.txt,3,0.10331827278477211
2_010290.txt,2,0.0
3_110280.txt,4,0.050915695597400244
2_146820.txt,1,0.0
2_055680.txt,2,0.0
5_170400.txt,2,0.0
4_037830.txt,1,0.0
4_050970.txt,1,0.0
3_090660.txt,2,0.0
3_018420.txt,2,0.0
4_019650.txt,1,0.0
1_038520.txt,2,0.0
4_003000.txt,1,0.0
4_009960.txt,6,0.016226026621001085
4_020760.txt,3,0.15797202935127722
4_079950.txt,2,0.0
3_079110.txt,1,0.0
1_015600.txt,4,0.019690799053828218
3_002940.txt,2,0.04920493717335707
3_056310.txt,3,0.0
5_096510.txt,1,0.0
4_057000.txt,1,0.0
4_044310.txt,4,0.03954964748532538
5_118050.txt,2,0.0
3_097200.txt,1,0.0
2_122100.txt,1,0.0
1_071130.txt,2,0.0
3_066450.txt,1,0.0
3_051120.txt,2,0.0
2_021300.txt,3,0.006681852695520158
4_049320.txt,1,0.0
4_029550.txt,1,0.0
3_010020.txt,1,0.0
2_052110.txt,2,0.0
2_139050.txt,2,0.023205997857907876
3_085290.txt,2,0.38604143947655395
5_144450.txt,1,0.0
5_081330.txt,3,0.11826997318032205
2_112710.txt,2,0.0
5_125010.txt,1,0.0
5_085980.txt,1,0.0
5_011430.txt,2,0.0
1_015870.txt,1,0.0
2_076110.txt,4,0.18863254431601617
5_033780.txt,1,0.0
1_014691.txt,1,0.0
2_095640.txt,9,0.050556410629884446
2_118230.txt,1,0.0
1_045060.txt,4,0.06359043359922216
4_043470.txt,5,0.015576073555742049
3_046380.txt,1,0.0
5_058290.txt,2,0.15902598285947497
5_086310.txt,2,0.0
3_004320.txt,1,0.0
4_044460.txt,1,0.0
1_078270.txt,2,0.051023541056397316
5_060720.txt,2,0.08496335371831397
2_117330.txt,3,0.030213160664827206
1_034800.txt,1,0.0
5_053040.txt,1,0.0
2_063720.txt,1,0.0
1_085980.txt,1,0.0
5_134100.txt,3,0.0
3_067320.txt,2,0.0
2_076980.txt,2,0.0
3_046500.txt,1,0.0
5_119880.txt,3,0.02164064218165822
3_079380.txt,1,0.0
2_013650.txt,2,0.0028657314723333546
5_118260.txt,4,0.056537919600558116
2_060450.txt,9,0.03866798435581975
3_111990.txt,4,0.032734770568099654
5_013800.txt,2,0.1418705035971222
1_083040.txt,1,0.0
5_007440.txt,1,0.0
3_063270.txt,2,0.0810049307349142
5_169680.txt,2,0.0
5_156840.txt,2,0.0
3_101880.txt,4,0.10159526325957291
5_147120.txt,2,0.0
3_034320.txt,1,0.0
1_082980.txt,1,0.0
5_131970.txt,3,0.12464965232471235
5_161730.txt,2,0.18176875679594043
4_077370.txt,1,0.0
5_030960.txt,1,0.0
2_056310.txt,1,0.0
3_115830.txt,1,0.0
5_002880.txt,1,0.0
3_121350.txt,1,0.0
3_085500.txt,3,0.1014400310586024
3_125850.txt,1,0.0
4_007290.txt,1,0.0
3_111600.txt,1,0.0
3_091770.txt,5,0.06893835517824945
3_018960.txt,1,0.0
2_107790.txt,1,0.0
2_113430.txt,4,0.08571081082975592
2_122760.txt,1,0.0
5_072600.txt,1,0.0
5_080100.txt,2,0.0
4_082950.txt,1,0.0
1_044520.txt,3,0.048953646945946706
4_031890.txt,2,0.0
3_116070.txt,1,0.0
2_077790.txt,1,0.0
5_071670.txt,1,0.0
5_026080.txt,2,0.09507616341361162
5_144480.txt,1,0.0
3_121170.txt,1,0.0
5_073020.txt,4,0.034515902994386935
4_079800.txt,1,0.0
4_014070.txt,1,0.0
3_090420.txt,1,0.0
4_090060.txt,2,0.05886157826649413
2_131550.txt,1,0.0
2_131670.txt,2,0.0
4_039630.txt,2,0.11990776325903157
5_179610.txt,1,0.0
2_028350.txt,6,0.04232627074561445
3_002970.txt,2,0.1361646944399415
3_128160.txt,1,0.0
3_022830.txt,3,0.0
4_085410.txt,2,0.07399577167019014
2_071760.txt,1,0.0
2_064470.txt,1,0.0
2_132210.txt,2,0.014753463888622908
3_072210.txt,1,0.0
4_008610.txt,1,0.0
4_065760.txt,1,0.0
4_019920.txt,2,0.06179708772345215
2_094380.txt,1,0.0
2_010650.txt,1,0.0
3_117810.txt,6,0.04617262537160414
3_073140.txt,2,0.2378023099184305
2_041040.txt,1,0.0
5_141870.txt,1,0.0
2_020970.txt,3,0.019448731484799493
3_003510.txt,3,0.002048246762335736
2_118200.txt,1,0.0
5_058380.txt,2,0.1323587828712164
3_087210.txt,1,0.0
4_030150.txt,1,0.0
4_080040.txt,2,0.0
5_086700.txt,1,0.0
2_103980.txt,1,0.0
4_061650.txt,2,0.0884198516828293
4_037770.txt,1,0.0
2_124320.txt,2,0.0
2_002250.txt,10,0.051257521252466985
2_135690.txt,2,0.6708731278119677
4_075780.txt,6,0.0640883299872739
2_024270.txt,2,0.16310679611650486
1_077280.txt,2,0.016202478026051077
3_064591.txt,2,0.006468368863623758
3_039870.txt,1,0.0
2_052230.txt,3,0.0922722029988466
2_107670.txt,3,0.0
5_093990.txt,1,0.0
4_065880.txt,1,0.0
4_026490.txt,1,0.0
3_076080.txt,1,0.0
3_018180.txt,5,0.024144058021949827
2_090450.txt,1,0.0
2_103950.txt,1,0.0
3_034350.txt,1,0.0
2_107490.txt,3,0.05949060349972853
3_027390.txt,2,0.0
5_011370.txt,3,0.0
3_097920.txt,5,0.053080105327874216
2_072720.txt,2,0.3706056291753367
2_034560.txt,4,0.07442895956853902
3_104460.txt,4,0.04685494291034129
5_021000.txt,1,0.0
3_066360.txt,2,0.0
3_117060.txt,3,0.15018406543067989
5_123660.txt,2,0.0
4_056070.txt,1,0.0
4_005520.txt,1,0.0
5_032520.txt,1,0.0
4_013230.txt,2,0.0
5_147360.txt,1,0.0
3_046320.txt,1,0.0
3_091050.txt,8,0.03662461263310612
4_037410.txt,1,0.0
3_091290.txt,7,0.04192348685174387
2_028470.txt,5,0.05697909451074516
4_040020.txt,2,0.04494753063770456
5_175770.txt,2,0.0736068915125178
3_085680.txt,3,0.023305084745762716
1_087900.txt,6,0.048291742693917436
3_117990.txt,7,0.06093303404046232
5_033960.txt,1,0.0
2_040080.txt,2,0.0
3_090210.txt,2,0.032278088144010106
3_045510.txt,1,0.0
2_123180.txt,10,0.024886724954621606
1_058470.txt,1,0.0
2_019800.txt,9,0.03438233037806995
5_094050.txt,1,0.0
2_052680.txt,8,0.0297562942087574
2_070680.txt,4,0.0398054557820434
3_068430.txt,1,0.0
2_028890.txt,1,0.0
3_021270.txt,1,0.0
2_027240.txt,4,0.03658010203132551
1_086160.txt,2,0.0
1_070410.txt,1,0.0
4_098520.txt,1,0.0
4_023640.txt,1,0.0
3_130050.txt,1,0.0
2_063090.txt,1,0.0
5_020040.txt,1,0.0
5_134490.txt,2,0.13280823992729485
4_025950.txt,2,0.0
3_125880.txt,1,0.0
5_118020.txt,2,0.0
4_001560.txt,1,0.0
1_077730.txt,1,0.0
5_121980.txt,1,0.0
3_084750.txt,4,0.0913112859283947
3_118950.txt,2,0.0
3_017670.txt,5,0.038773522774774916
3_017850.txt,4,0.0671739217538012
2_070050.txt,2,0.11922418710781515
4_052350.txt,2,0.0
3_125790.txt,1,0.0
3_121140.txt,1,0.0
4_051720.txt,6,0.06422681619847545
2_110580.txt,1,0.0
2_107220.txt,3,0.012281847595789694
5_155550.txt,2,0.0629964188870913
3_097710.txt,2,0.0
2_040290.txt,2,0.0
2_061350.txt,2,0.0
3_141570.txt,1,0.0
2_070620.txt,2,0.12335958005249338
2_095820.txt,12,0.03565581617122544
4_039870.txt,2,0.039855254560989026
2_112740.txt,1,0.0
5_107730.txt,1,0.0
2_117810.txt,1,0.0
5_034050.txt,1,0.0
2_138330.txt,2,0.1466622754003485
3_085650.txt,3,0.20154667942278562
3_128100.txt,1,0.0
5_153750.txt,2,0.0
3_044070.txt,1,0.0
2_033930.txt,1,0.0
3_024180.txt,0,0.0
4_013350.txt,1,0.0
4_024540.txt,1,0.0
5_147000.txt,2,0.0021830656479026895
2_025170.txt,2,0.28718547820615026
5_095670.txt,1,0.0
2_005700.txt,1,0.0
5_134790.txt,1,0.0
5_094320.txt,3,0.08376193975018369
4_053550.txt,1,0.0
3_063060.txt,2,0.025621158117671357
4_019860.txt,3,0.0
2_116820.txt,2,0.0
2_148860.txt,1,0.0
5_103170.txt,4,0.17296356455087936
3_062910.txt,1,0.0
2_141330.txt,1,0.0
4_061590.txt,2,0.08121580547112431
5_123150.txt,1,0.0
2_138930.txt,3,0.06719276385620004
2_024450.txt,2,0.19643716899374092
5_179760.txt,1,0.0
5_148290.txt,6,0.064936626377479
3_141420.txt,1,0.0
3_048450.txt,7,0.04413706476344466
3_122550.txt,1,0.0
2_070710.txt,4,0.0677095614359054
4_093090.txt,1,0.0
5_086610.txt,2,0.0
3_017970.txt,5,0.05041583960638789
3_121500.txt,1,0.0
3_018720.txt,1,0.0
3_090810.txt,5,0.05262771104692561
3_007320.txt,3,0.08323484720580783
1_085740.txt,1,0.0
2_122940.txt,2,0.0
1_072870.txt,1,0.0
3_120930.txt,1,0.0
5_135780.txt,2,0.10419143018321747
2_110550.txt,1,0.0
5_006360.txt,1,0.0
5_123870.txt,2,0.0
3_057780.txt,1,0.0
4_025800.txt,6,0.05163750680282542
5_109800.txt,2,0.0
3_023040.txt,5,0.06025856844685505
5_160920.txt,7,0.020164852221313558
4_039810.txt,2,0.018010022969304495
3_066840.txt,1,0.0
2_094500.txt,1,0.0
3_141360.txt,1,0.0
3_137190.txt,13,0.03614179576497934
5_155010.txt,1,0.0
3_067590.txt,1,0.0
3_017310.txt,9,0.036670434654417924
5_097920.txt,1,0.0
2_147540.txt,6,0.04616375757742648
1_057180.txt,1,0.0
2_103890.txt,1,0.0
3_097740.txt,2,0.0
1_080220.txt,1,0.0
5_081630.txt,1,0.0
5_080190.txt,1,0.0
3_107430.txt,1,0.0
5_006300.txt,1,0.0
3_137010.txt,8,0.036243614418486655
5_110340.txt,2,0.0
2_013080.txt,5,0.02136510615972829
4_078390.txt,1,0.0
3_038910.txt,1,0.0
5_061620.txt,1,0.0
2_111840.txt,2,0.010980339574395393
4_057450.txt,2,0.06336414330456043
3_069150.txt,1,0.0
5_171060.txt,4,0.05373303199297217
3_140550.txt,2,0.048293428425878575
3_079530.txt,1,0.0
1_010470.txt,1,0.0
1_068040.txt,1,0.0
3_006930.txt,2,0.0
4_052410.txt,2,0.0
4_001620.txt,1,0.0
5_125130.txt,1,0.0
4_090660.txt,3,0.12057205037039953
5_051300.txt,4,0.05964560090502514
4_058800.txt,2,0.19318552331268335
2_063390.txt,1,0.0
3_032400.txt,1,0.0
2_046560.txt,1,0.0
2_056010.txt,1,0.0
3_115110.txt,1,0.0
3_119610.txt,2,0.021270117442366305
2_053220.txt,1,0.0
3_085080.txt,3,0.10600657035770605
4_013260.txt,1,0.0
3_117750.txt,5,0.044067281117202046
3_069930.txt,1,0.0
3_059340.txt,1,0.0
3_066390.txt,2,0.0
4_089970.txt,2,0.06415094339622651
2_147480.txt,3,0.0
5_096390.txt,1,0.0
4_031410.txt,2,0.0
4_068250.txt,4,0.04058677898070385
2_011130.txt,1,0.0
5_108120.txt,1,0.0
4_024990.txt,3,0.08131463845852355
2_064440.txt,1,0.0
3_007020.txt,4,0.03682163635660333
5_156750.txt,1,0.0
2_014460.txt,2,0.18183122181869507
5_073320.txt,1,0.0
3_035160.txt,1,0.0
2_085650.txt,1,0.0
3_117090.txt,2,0.512759844515802
4_014880.txt,2,0.1500666844491864
5_153810.txt,2,0.0
5_135090.txt,2,0.21879841625064553
2_012360.txt,1,0.0
4_025110.txt,2,0.0
3_084840.txt,4,0.0900523482067878
5_124350.txt,2,0.0
3_122430.txt,1,0.0
1_057000.txt,1,0.0
2_107130.txt,3,0.0
3_062970.txt,1,0.0
3_073200.txt,1,0.0
1_023460.txt,10,0.05775420394113332
5_127860.txt,2,0.0
2_012240.txt,1,0.0
3_090750.txt,3,0.03214839450400724
3_062880.txt,1,0.0
3_003750.txt,1,0.0
5_106500.txt,1,0.0
4_077580.txt,1,0.0
5_107610.txt,2,0.0
3_090300.txt,2,0.0
1_042660.txt,1,0.0
2_028530.txt,5,0.027155229985102884
3_104280.txt,1,0.0
3_018210.txt,4,0.0850169880243099
5_068040.txt,3,0.08710736135582624
5_156900.txt,2,0.0
1_078090.txt,1,0.0
1_085830.txt,1,0.0
3_131790.txt,2,0.0
3_068220.txt,1,0.0
5_104790.txt,1,0.0
1_032250.txt,1,0.0
2_111930.txt,1,0.0
4_015030.txt,2,0.060014399999166995
3_074640.txt,4,0.04389513712768014
1_070680.txt,1,0.0
2_144810.txt,1,0.0
4_082200.txt,1,0.0
2_103920.txt,1,0.0
5_079980.txt,3,0.036049088062175445
5_155160.txt,2,0.051687006460875824
4_024060.txt,3,0.10564006052691076
5_172650.txt,4,0.06468528372629527
3_023160.txt,4,0.1048558043407322
5_062160.txt,1,0.0
3_068730.txt,1,0.0
2_075630.txt,1,0.0
3_075840.txt,1,0.0
2_028020.txt,5,0.016597343090321348
5_097170.txt,1,0.0
3_090690.txt,2,0.08416390987254481
5_086730.txt,1,0.0
2_090150.txt,1,0.0
4_070290.txt,1,0.0
2_046290.txt,1,0.0
3_121020.txt,1,0.0
2_028230.txt,4,0.004914321434717245
5_063540.txt,1,0.0
5_020670.txt,1,0.0
5_073500.txt,2,0.0
4_025230.txt,2,0.0
3_114960.txt,1,0.0
3_030690.txt,1,0.0
4_078480.txt,1,0.0
2_033990.txt,1,0.0
4_092910.txt,1,0.0
3_098820.txt,1,0.0
2_019980.txt,8,0.040128115662217696
2_034920.txt,4,0.0
4_053280.txt,1,0.0
2_096660.txt,4,0.02468890554297108
5_036870.txt,1,0.0
5_102750.txt,2,0.0
3_076050.txt,1,0.0
1_044970.txt,3,0.054777196232661085
1_024420.txt,3,0.11228720905822676
3_040050.txt,1,0.0
3_031980.txt,1,0.0
5_005040.txt,1,0.0
3_021210.txt,1,0.0
5_111840.txt,1,0.0
1_044280.txt,1,0.0
2_090090.txt,1,0.0
2_028740.txt,4,0.01672810089413798
3_137790.txt,6,0.01803969270830772
4_070170.txt,1,0.0
2_081480.txt,1,0.0
3_127020.txt,2,0.16477374085746557
2_040170.txt,2,0.011567345164983343
1_022800.txt,1,0.0
5_078210.txt,1,0.0
2_041250.txt,1,0.0
1_086460.txt,1,0.0
3_046200.txt,1,0.0
5_106530.txt,1,0.0
2_116790.txt,2,0.3600081822598225
5_169320.txt,1,0.0
2_025140.txt,2,0.30121859049837413
4_092010.txt,4,0.02562968734951322
2_105960.txt,1,0.0
4_065400.txt,1,0.0
4_010620.txt,4,0.05313197217917898
4_043380.txt,5,0.010583560724385195
4_060060.txt,6,0.05153748592852197
3_130260.txt,1,0.0
2_065910.txt,1,0.0
4_028620.txt,1,0.0
3_085740.txt,2,0.22740177151941862
2_071640.txt,1,0.0
4_078330.txt,2,0.0
5_123090.txt,1,0.0
2_124230.txt,2,0.0
2_127830.txt,1,0.0
4_057960.txt,2,0.2416857070322417
4_043290.txt,3,0.021405636817695344
4_087120.txt,1,0.0
5_017670.txt,1,0.0
2_099690.txt,1,0.0
5_091500.txt,5,0.07138759610506398
1_020010.txt,1,0.0
3_048900.txt,5,0.018478482105124643
4_060630.txt,4,0.04626692353240556
2_124260.txt,2,0.0
2_090180.txt,1,0.0
5_101640.txt,1,0.0
5_143490.txt,1,0.0
2_027960.txt,4,0.08095398508551672
2_084930.txt,9,0.036833097544452714
3_119460.txt,2,0.08394317692638831
5_094080.txt,1,0.0
4_013290.txt,2,0.0
3_140490.txt,2,0.05417690417690431
1_073050.txt,1,0.0
5_136320.txt,3,0.046164543445330136
5_096330.txt,2,0.0
3_049050.txt,7,0.049330809922943156
5_101970.txt,1,0.0
2_049230.txt,2,0.008227351768997259
5_102210.txt,1,0.0
3_046440.txt,1,0.0
5_010530.txt,2,0.6636113657195236
4_053340.txt,1,0.0
3_079050.txt,1,0.0
2_105660.txt,3,0.049177979670600606
5_060150.txt,1,0.0
4_060570.txt,6,0.04292418497065469
5_079800.txt,2,0.05197887616448123
3_059280.txt,0,0.0
4_028950.txt,2,0.0
2_032700.txt,1,0.0
1_016560.txt,1,0.0
5_071550.txt,2,0.020166938181735445
1_045300.txt,4,0.007231540474083895
1_073230.txt,1,0.0
2_124410.txt,1,0.0
3_102060.txt,3,0.047408529441417165
2_013530.txt,3,0.041028752116660176
3_123030.txt,1,0.0
5_010380.txt,2,0.1447351518006252
2_026940.txt,2,0.0
5_002910.txt,1,0.0
4_078360.txt,1,0.0
5_100110.txt,12,0.020781778266595545
2_092640.txt,1,0.0
5_023730.txt,1,0.0
3_003300.txt,4,0.012521794262165173
4_031440.txt,2,0.025532634426783808
3_002880.txt,2,0.02631140716069931
2_072660.txt,2,0.12745184621818031
2_026910.txt,1,0.0
5_156810.txt,1,0.0
3_048510.txt,6,0.04848915302875941
2_097110.txt,1,0.0
4_078840.txt,3,0.0
4_098220.txt,1,0.0
4_031950.txt,1,0.0
5_117990.txt,3,0.0
4_031380.txt,2,0.0
4_090750.txt,2,0.0
2_095760.txt,13,0.03173074401761966
4_080070.txt,2,0.0
4_084540.txt,3,0.12347548217505518
2_027180.txt,1,0.0
5_046890.txt,2,0.08264462809917356
4_060000.txt,8,0.03610231854771901
4_042360.txt,2,0.0
5_017430.txt,1,0.0
4_019560.txt,2,0.0
3_073980.txt,8,0.03577914290855259
1_020220.txt,1,0.0
5_117630.txt,1,0.0
5_035100.txt,3,0.032546494992846946
3_101520.txt,6,0.03823633086321341
4_000840.txt,3,0.028119619970668867
5_101910.txt,1,0.0
2_038940.txt,1,0.0
1_039000.txt,3,0.04358968643002164
3_003420.txt,3,0.0
2_028500.txt,5,0.058822568132208194
2_088980.txt,1,0.0
5_109770.txt,3,0.021843116968507405
5_006780.txt,2,0.0
5_157410.txt,2,0.10605993572125101
1_045480.txt,1,0.0
4_031800.txt,2,0.0
3_073110.txt,2,0.19750410665235893
3_044100.txt,1,0.0
3_017610.txt,5,0.08594918812522846
2_100560.txt,1,0.0
4_031770.txt,2,0.0
4_084180.txt,3,0.0
4_048900.txt,1,0.0
2_003120.txt,2,0.0
3_078480.txt,2,0.0
2_134490.txt,1,0.0
2_045660.txt,1,0.0
5_123720.txt,2,0.0
5_163290.txt,2,0.0
5_094770.txt,3,0.0
3_003870.txt,2,0.0
4_056100.txt,1,0.0
5_069660.txt,1,0.0
2_136710.txt,2,0.0643210555250138
3_127680.txt,1,0.0
2_035820.txt,1,0.0
2_027600.txt,7,0.03175194102741029
3_126840.txt,3,0.1100782477840727
5_045420.txt,1,0.0
4_020940.txt,3,0.10622437569884458
5_155040.txt,1,0.0
1_038640.txt,3,0.08831698043134734
3_073800.txt,10,0.05335370553193221
3_143070.txt,1,0.0
2_065160.txt,1,0.0
5_010410.txt,2,0.0865077414598181
1_040860.txt,1,0.0
3_120870.txt,1,0.0
3_112200.txt,4,0.04782617244977456
1_070770.txt,1,0.0
4_037740.txt,1,0.0
1_071490.txt,1,0.0
3_137070.txt,11,0.038012741903291306
3_121290.txt,1,0.0
3_045390.txt,1,0.0
4_068220.txt,7,0.0351253334562681
2_105060.txt,7,0.020760223101868557
3_007800.txt,1,0.0
1_015690.txt,3,0.0
4_058500.txt,1,0.0
2_107010.txt,1,0.0
4_029310.txt,3,0.07968818812667434
3_122250.txt,1,0.0
5_046680.txt,2,0.0668457176962102
2_151170.txt,2,0.02674945955988985
5_021060.txt,1,0.0
3_065160.txt,8,0.02118073234331968
2_100530.txt,1,0.0
2_090270.txt,1,0.0
2_011580.txt,1,0.0
2_063270.txt,1,0.0
2_012840.txt,5,0.04568574673828935
5_135720.txt,2,0.07070597193516806
2_055590.txt,2,0.0
3_040920.txt,5,0.08099833097773049
1_073860.txt,1,0.0
4_092670.txt,1,0.0
5_020160.txt,1,0.0
3_006090.txt,6,0.038884382011502086
2_148020.txt,6,0.035901162529726235
1_016500.txt,1,0.0
2_122430.txt,1,0.0
5_103050.txt,5,0.018599744900209027
1_086310.txt,2,0.05955800704479568
1_020280.txt,1,0.0
4_090420.txt,3,0.08113661220348385
4_008760.txt,1,0.0
2_070440.txt,1,0.0
5_081090.txt,3,0.006615214994487295
3_059070.txt,1,0.0
5_031020.txt,1,0.0
3_085170.txt,2,0.3627206827023352
3_084780.txt,4,0.09616620523758397
4_013920.txt,1,0.0
4_061560.txt,2,0.11154147872131795
4_035010.txt,1,0.0
2_122250.txt,2,0.0
1_057330.txt,1,0.0
3_039630.txt,3,0.03383454213102189
4_039360.txt,2,0.10687022900763349
2_107100.txt,3,0.0
3_021330.txt,1,0.0
3_107940.txt,1,0.0
2_083910.txt,1,0.0
5_082620.txt,4,0.018295403837572496
2_027840.txt,6,0.07914279524435268
4_037890.txt,1,0.0
3_126330.txt,5,0.02279532210644281
2_094320.txt,1,0.0
5_078600.txt,1,0.0
5_020430.txt,1,0.0
2_100410.txt,1,0.0
2_060810.txt,5,0.07543756904304252
3_041460.txt,6,0.050672159400118
3_003810.txt,1,0.0
2_062190.txt,1,0.0
3_068520.txt,1,0.0
3_064920.txt,8,0.027022947557526895
2_086190.txt,1,0.0
3_101610.txt,6,0.05348554040218182
2_070740.txt,4,0.081625342014253
5_075210.txt,1,0.0
3_041400.txt,8,0.03829953305500906
5_032400.txt,1,0.0
3_043680.txt,1,0.0
2_086310.txt,1,0.0
5_020250.txt,2,0.04554212646698195
1_037830.txt,1,0.0
5_112440.txt,1,0.0
2_002220.txt,10,0.04009907208430102
3_104400.txt,4,0.05636530871261048
4_091230.txt,1,0.0
3_136260.txt,2,0.0
5_086100.txt,2,0.0
2_131790.txt,1,0.0
1_077340.txt,2,0.3184680231045433
4_084960.txt,4,0.010551966068850999
1_023640.txt,9,0.04551470531096902
2_045720.txt,1,0.0
3_031950.txt,1,0.0
3_003450.txt,3,0.0
1_040590.txt,1,0.0
4_085140.txt,4,0.006890307538069999
4_092760.txt,2,0.0
5_118170.txt,4,0.06278310687893486
2_138450.txt,2,0.11544303797468355
1_071070.txt,2,0.14667963981886972
4_084420.txt,5,0.04302478504880859
2_124380.txt,1,0.0
4_007230.txt,1,0.0
5_118500.txt,1,0.0
3_097080.txt,2,0.0
1_040800.txt,1,0.0
2_107820.txt,1,0.0
2_066000.txt,1,0.0
3_093150.txt,1,0.0
3_087180.txt,1,0.0
5_004980.txt,1,0.0
4_040860.txt,2,0.0
1_072570.txt,1,0.0
3_028950.txt,1,0.0
5_053580.txt,1,0.0
4_009900.txt,6,0.03770911465170131
2_109350.txt,1,0.0
1_082770.txt,1,0.0
3_140160.txt,1,0.0
2_063180.txt,1,0.0
3_078390.txt,1,0.0
2_135210.txt,2,0.0
5_135660.txt,2,0.0969685902118337
5_061380.txt,3,0.15511689205400506
4_068280.txt,5,0.016737800301993434
1_024240.txt,3,0.12828833575244683
4_055440.txt,1,0.0
3_084660.txt,3,0.12091462658856439
3_115500.txt,3,0.0365746382183663
2_151350.txt,1,0.0
2_010770.txt,2,0.0
3_041040.txt,8,0.03149140013867434
5_006840.txt,2,0.0
2_014340.txt,1,0.0
1_034860.txt,1,0.0
5_106710.txt,1,0.0
2_044550.txt,1,0.0
3_003480.txt,3,0.0
3_044190.txt,1,0.0
1_070740.txt,1,0.0
3_027450.txt,2,0.15877732965400115
3_074280.txt,5,0.03282120046038003
5_117870.txt,1,0.0
2_096720.txt,4,0.03600823045267491
4_028830.txt,2,0.0
2_131430.txt,2,0.0
3_043470.txt,1,0.0
4_017190.txt,1,0.0
1_010440.txt,1,0.0
5_059220.txt,1,0.0
4_057780.txt,2,0.0
5_045840.txt,1,0.0
2_123720.txt,5,0.03379315081099299
5_158640.txt,1,0.0
2_141270.txt,1,0.0
2_056100.txt,2,0.0
2_123300.txt,8,0.017378899069772472
3_079560.txt,1,0.0
1_080130.txt,1,0.0
2_035070.txt,2,0.0
4_082830.txt,1,0.0
4_004080.txt,3,0.1788941637875103
3_075000.txt,1,0.0
2_045630.txt,1,0.0
2_117870.txt,2,0.044543026571907146
3_044310.txt,1,0.0
4_039330.txt,2,0.0620484487887802
4_067590.txt,1,0.0
2_152850.txt,1,0.0
3_083970.txt,3,0.23441610339925914
5_042870.txt,1,0.0
2_024180.txt,2,0.043484724596744205
4_090300.txt,2,0.04339861913484573
1_082830.txt,1,0.0
3_074700.txt,3,0.037574831231690226
2_000420.txt,1,0.0
2_002010.txt,1,0.0
4_072180.txt,2,0.547234266193667
5_146250.txt,1,0.0
5_178170.txt,1,0.0
2_122820.txt,1,0.0
3_003840.txt,1,0.0
2_117600.txt,2,0.08011506212130488
3_136170.txt,2,0.0
3_082140.txt,2,0.06162211146352519
2_016050.txt,1,0.0
2_092430.txt,1,0.0
5_056160.txt,2,0.032064128256513044
3_017370.txt,7,0.07926345663994021
3_097830.txt,4,0.025557645631180848
4_020160.txt,2,0.0
3_097650.txt,1,0.0
4_002940.txt,2,0.0
3_097020.txt,2,0.0
3_006990.txt,4,0.01788931687492466
5_117750.txt,1,0.0
2_095940.txt,11,0.04007095831512874
5_157440.txt,1,0.0
3_042180.txt,2,0.1343417702561031
4_051150.txt,3,0.00657256994384417
5_178320.txt,1,0.0
1_040710.txt,1,0.0
5_118440.txt,1,0.0
5_017850.txt,1,0.0
2_012330.txt,1,0.0
2_032760.txt,1,0.0
4_010110.txt,3,0.023194611713278985
5_039030.txt,7,0.0653414959418333
3_115080.txt,1,0.0
2_033720.txt,1,0.0
2_112560.txt,1,0.0
4_048960.txt,1,0.0
5_159870.txt,1,0.0
5_156870.txt,2,0.0
2_044670.txt,1,0.0
4_056760.txt,1,0.0
2_121650.txt,1,0.0
4_057540.txt,1,0.0
3_079620.txt,1,0.0
5_011820.txt,1,0.0
2_113610.txt,5,0.022024339146698386
2_013170.txt,4,0.02955450561829813
5_085080.txt,1,0.0
3_056460.txt,2,0.08350799496735713
3_122460.txt,1,0.0
4_042450.txt,1,0.0
3_056490.txt,2,0.16516605728381537
5_128850.txt,1,0.0
5_007410.txt,1,0.0
4_093750.txt,1,0.0
3_003690.txt,2,0.0
1_079980.txt,1,0.0
2_010410.txt,2,0.0
3_122910.txt,1,0.0
3_048390.txt,6,0.038696037130556006
3_039000.txt,1,0.0
4_084570.txt,3,0.04907243257737484
4_099780.txt,3,0.0283161585420115
4_040290.txt,3,0.13653908972243506
2_063030.txt,1,0.0
4_020220.txt,2,0.0
5_127950.txt,2,0.0
1_062880.txt,1,0.0
3_111300.txt,1,0.0
3_068370.txt,1,0.0
3_120780.txt,1,0.0
3_090960.txt,2,0.2610444214246541
3_120960.txt,1,0.0
5_063780.txt,1,0.0
1_007290.txt,1,0.0
1_037680.txt,1,0.0
5_093450.txt,1,0.0
2_020820.txt,3,0.07987458760309751
2_051810.txt,1,0.0
5_021150.txt,1,0.0
5_165960.txt,1,0.0
2_066150.txt,1,0.0
2_114150.txt,4,0.011190389403400286
4_011160.txt,1,0.0
5_009720.txt,1,0.0
5_141390.txt,1,0.0
3_044010.txt,1,0.0
5_157080.txt,1,0.0
4_056970.txt,1,0.0
1_007380.txt,1,0.0
4_029520.txt,2,0.15916193181818178
1_086580.txt,2,0.0
3_058890.txt,2,0.0
5_007650.txt,1,0.0
5_151170.txt,1,0.0
1_041010.txt,1,0.0
2_084060.txt,1,0.0
3_056550.txt,1,0.0
3_110460.txt,6,0.027888433532527082
5_170160.txt,2,0.0
3_051210.txt,3,0.08859969032716354
3_018540.txt,2,0.0
3_101940.txt,4,0.06321960442196857
2_104940.txt,7,0.04122742685934672
1_015480.txt,5,0.046009048794580794
3_098490.txt,1,0.0
4_085080.txt,4,0.03450145037746594
5_006180.txt,1,0.0
1_071520.txt,1,0.0
4_060720.txt,3,0.006134969325153404
2_049740.txt,1,0.0
3_127440.txt,1,0.0
2_107880.txt,1,0.0
1_071790.txt,1,0.0
2_069630.txt,3,0.09149598612168985
5_114930.txt,1,0.0
2_046470.txt,1,0.0
3_141480.txt,1,0.0
4_061620.txt,2,0.12185707984120021
2_134670.txt,1,0.0
4_013710.txt,1,0.0
5_072780.txt,1,0.0
1_056970.txt,1,0.0
5_005220.txt,1,0.0
2_122040.txt,1,0.0
3_042300.txt,2,0.0
3_006630.txt,6,0.07020076939581714
3_115020.txt,1,0.0
4_080820.txt,1,0.0
5_069570.txt,1,0.0
5_080040.txt,3,0.03273580066933692
3_068910.txt,1,0.0
2_014760.txt,1,0.0
2_117660.txt,2,0.0
3_086250.txt,2,0.5443757101376088
4_060870.txt,1,0.0
3_067260.txt,2,0.0
2_156300.txt,1,0.0
2_072810.txt,1,0.0
5_060270.txt,2,0.0
5_010230.txt,2,0.10309435109860876
5_170280.txt,2,0.00802139037433157
5_069510.txt,1,0.0
2_130860.txt,2,0.11321418107237038
3_085440.txt,2,0.31435722032226
2_138480.txt,2,0.11545115239295894
5_178200.txt,1,0.0
1_015960.txt,1,0.0
2_065610.txt,3,0.0
3_045540.txt,1,0.0
2_152940.txt,1,0.0
2_135720.txt,2,0.6345249532284981
2_123540.txt,8,0.038301654660229674
5_133980.txt,1,0.0
2_024330.txt,2,0.11854057054744742
2_065670.txt,2,0.0
2_002610.txt,9,0.05661158703868235
1_033720.txt,3,0.0042603498200958585
4_049140.txt,1,0.0
3_136770.txt,7,0.03514755869451177
3_086010.txt,2,0.2223317236621661
3_112230.txt,4,0.04204916023052443
3_065400.txt,7,0.038809154069633325
2_032790.txt,1,0.0
5_154980.txt,1,0.0
3_057360.txt,1,0.0
4_077250.txt,1,0.0
3_048570.txt,5,0.041834621008630786
3_082500.txt,2,0.0
2_002190.txt,10,0.042552334234491326
5_124230.txt,2,0.11138742175315974
3_131700.txt,1,0.0
1_038340.txt,2,0.0
5_147180.txt,1,0.0
5_046950.txt,2,0.1834210526315789
3_085020.txt,3,0.18316431537004343
2_107040.txt,1,0.0
4_030000.txt,1,0.0
2_032520.txt,1,0.0
2_152910.txt,1,0.0
2_105540.txt,2,0.04276263978579312
3_110700.txt,6,0.029240273369750748
5_108300.txt,1,0.0
5_056340.txt,2,0.13538063231865657
2_076530.txt,3,0.0
5_095400.txt,2,0.17923367420545674
5_094170.txt,1,0.0
2_061050.txt,5,0.06865411436998334
5_123480.txt,2,0.08864696734059094
5_135600.txt,2,0.11227816008692496
5_127020.txt,1,0.0
3_137550.txt,8,0.028769680338228125
3_098190.txt,2,0.0
3_032610.txt,5,0.08991325316984075
3_105330.txt,1,0.0
2_042660.txt,5,0.03226173172954718
3_098850.txt,1,0.0
3_021120.txt,1,0.0
5_032460.txt,1,0.0
2_035880.txt,1,0.0
5_083370.txt,1,0.0
2_106170.txt,1,0.0
2_136320.txt,2,0.0
3_044220.txt,1,0.0
4_072150.txt,2,0.07963772642098706
5_133890.txt,1,0.0
2_132150.txt,2,0.30445327416275336
5_033060.txt,1,0.0
2_110460.txt,1,0.0
5_016170.txt,1,0.0
5_086040.txt,2,0.13643118427069031
2_019920.txt,7,0.03856952377310711
3_041880.txt,3,0.061704211557296745
3_006960.txt,2,0.0
3_090330.txt,2,0.0
5_056910.txt,3,0.0
2_088830.txt,1,0.0
5_089100.txt,1,0.0
5_062490.txt,1,0.0
3_137970.txt,4,0.05067968647743492
5_072540.txt,2,0.0
4_087000.txt,2,0.0
3_120750.txt,1,0.0
3_045930.txt,2,0.0
3_024360.txt,3,0.007919746568109825
1_085410.txt,1,0.0
5_026520.txt,2,0.042362665748234926
5_033720.txt,1,0.0
5_106650.txt,1,0.0
5_102840.txt,2,0.10503443752049815
2_096600.txt,4,0.05690429102300295
2_114510.txt,1,0.0
3_081960.txt,1,0.0
4_095850.txt,1,0.0
2_092490.txt,1,0.0
2_014430.txt,2,0.16291683746726723
5_062430.txt,1,0.0
1_012780.txt,1,0.0
3_111060.txt,2,0.14416384967190296
1_077160.txt,2,0.0
3_043890.txt,1,0.0
2_076860.txt,2,0.0
5_173160.txt,3,0.0
2_124440.txt,1,0.0
5_095220.txt,2,0.037686720570097344
5_099090.txt,1,0.0
3_120840.txt,1,0.0
3_115950.txt,1,0.0
1_078120.txt,1,0.0
4_061500.txt,2,0.20524515393386533
3_122520.txt,1,0.0
2_072570.txt,2,0.0
5_102330.txt,1,0.0
3_122280.txt,1,0.0
5_037620.txt,1,0.0
3_114420.txt,1,0.0
3_043950.txt,1,0.0
2_015060.txt,1,0.0
3_073080.txt,2,0.23155089122105627
5_102000.txt,1,0.0
2_155970.txt,1,0.0
5_111780.txt,1,0.0
1_015750.txt,3,0.0
5_157320.txt,2,0.0
5_107250.txt,2,0.10936321517077904
5_060990.txt,3,0.016723380740482154
2_156240.txt,1,0.0
1_015900.txt,1,0.0
2_035190.txt,2,0.036215513110152656
2_085590.txt,2,0.11877311289971727
5_133050.txt,2,0.0
2_084510.txt,9,0.031542123022337325
3_002850.txt,2,0.0
5_133410.txt,1,0.0
4_081210.txt,1,0.0
4_084900.txt,3,0.019436879764310754
2_020040.txt,8,0.038259771554463716
2_121950.txt,2,0.2196652719665273
2_002040.txt,2,0.14991863303498787
3_068280.txt,1,0.0
5_154140.txt,2,0.0
2_005640.txt,1,0.0
5_060210.txt,2,0.0
2_113370.txt,2,0.28623015153994935
4_057420.txt,2,0.20015048908954108
2_122790.txt,1,0.0
3_139920.txt,3,0.010231790262493263
4_070110.txt,1,0.0
3_111930.txt,3,0.0
2_066630.txt,2,0.0
2_124140.txt,1,0.0
5_170340.txt,2,0.0
4_098430.txt,1,0.0
5_131490.txt,2,0.0
2_098760.txt,1,0.0
3_084240.txt,2,0.10101314451433083
2_151680.txt,1,0.0
1_019290.txt,1,0.0
2_069570.txt,4,0.1136136648395647
3_086160.txt,1,0.0
2_147780.txt,9,0.0625429612493925
5_037680.txt,1,0.0
4_090780.txt,2,0.022157557819665365
2_121620.txt,1,0.0
3_104370.txt,4,0.044413168860681855
4_004020.txt,3,0.17392684431462838
4_065700.txt,1,0.0
1_070380.txt,1,0.0
2_117300.txt,2,0.13417788627497734
3_090180.txt,2,0.10081466395112011
3_054120.txt,1,0.0
3_130410.txt,1,0.0
2_049200.txt,1,0.0
3_084540.txt,2,0.279352426737596
3_019320.txt,1,0.0
4_049080.txt,2,0.0
4_020820.txt,3,0.10513910937600439
2_154380.txt,7,0.05271558481502881
5_056220.txt,2,0.0
3_127860.txt,1,0.0
5_016050.txt,2,0.0
4_028980.txt,2,0.0074733096085409
2_040350.txt,1,0.0
5_069450.txt,1,0.0
3_023400.txt,2,0.0
3_091710.txt,4,0.014947683109118105
3_090240.txt,2,0.007475772958006566
5_035190.txt,3,0.11697574893009988
5_094350.txt,2,0.1950747712223793
2_094560.txt,1,0.0
2_092820.txt,1,0.0
4_081120.txt,1,0.0
1_070590.txt,1,0.0
5_073140.txt,3,0.10981022092535159
3_130350.txt,1,0.0
2_148620.txt,3,0.080187132581373
2_113550.txt,5,0.03869756146704819
5_159840.txt,1,0.0
4_014910.txt,2,0.18113057324840748
2_052740.txt,10,0.02757644773681306
4_025830.txt,6,0.04833676606002959
5_127320.txt,1,0.0
3_084960.txt,3,0.11115558735016229
5_017790.txt,1,0.0
2_065850.txt,1,0.0
2_010470.txt,3,0.03345406982593819
2_065760.txt,1,0.0
1_044700.txt,2,0.0
3_097530.txt,1,0.0
5_081420.txt,2,0.0
5_023550.txt,1,0.0
5_011790.txt,2,0.0
3_024300.txt,2,0.0
5_144390.txt,1,0.0
5_060600.txt,2,0.10223436746503785
4_024510.txt,1,0.0
2_100500.txt,1,0.0
5_005010.txt,1,0.0
3_059520.txt,1,0.0
3_109740.txt,1,0.0
5_112380.txt,1,0.0
4_049950.txt,3,0.0027148067683235035
1_085500.txt,1,0.0
3_032670.txt,8,0.04911290093474143
2_117390.txt,2,0.1101907146985166
4_031740.txt,2,0.0
4_024120.txt,2,0.0
5_169500.txt,4,0.03684668539651814
2_083640.txt,1,0.0
4_019680.txt,1,0.0
2_020760.txt,3,0.03265464873682374
2_131970.txt,2,0.21343717001055976
4_025920.txt,3,0.0
3_056280.txt,1,0.0
2_034800.txt,6,0.03531752149426217
2_106950.txt,1,0.0
5_025860.txt,1,0.0
3_058530.txt,1,0.0
4_004380.txt,1,0.0
5_178290.txt,1,0.0
2_003960.txt,1,0.0
3_018480.txt,2,0.0
2_061620.txt,3,0.019253754072775214
3_076020.txt,1,0.0
5_010500.txt,2,0.2337501717740827
4_052470.txt,3,0.04318261479144758
1_056010.txt,1,0.0
3_048870.txt,5,0.01930124281280433
4_023670.txt,1,0.0
3_065580.txt,4,0.01709190900191341
2_063960.txt,1,0.0
4_043740.txt,5,0.053288622832990386
4_049980.txt,1,0.0
1_025140.txt,2,0.1177003168854686
3_118710.txt,6,0.04959416891531254
2_136800.txt,2,0.031482816140781744
3_054960.txt,1,0.0
2_096540.txt,5,0.06654492659013843
2_127950.txt,1,0.0
3_069870.txt,1,0.0
1_055800.txt,1,0.0
2_123660.txt,6,0.026707471765575155
3_004080.txt,2,0.0
5_099870.txt,8,0.03589129265704414
2_052171.txt,1,0.0
2_064410.txt,1,0.0
4_011940.txt,1,0.0
2_012300.txt,1,0.0
2_014400.txt,2,0.30977123927109323
3_019200.txt,1,0.0
5_134370.txt,3,0.05588531888654144
3_130440.txt,1,0.0
3_082020.txt,2,0.0
4_023910.txt,3,0.036108597285067864
3_086130.txt,1,0.0
2_055770.txt,2,0.658393067294319
3_082200.txt,2,0.0
3_006570.txt,8,0.03803916224307478
5_137430.txt,3,0.024462026526009997
2_051660.txt,1,0.0
2_148380.txt,5,0.042533286090192204
5_033150.txt,1,0.0
3_075180.txt,1,0.0
2_052380.txt,10,0.04239040594742306
2_013770.txt,1,0.0
5_086640.txt,1,0.0
2_153900.txt,2,0.0
3_084690.txt,3,0.12958408912515457
2_025110.txt,2,0.21819453348097206
4_092790.txt,1,0.0
2_136590.txt,2,0.021436546334201764
2_152880.txt,1,0.0
1_038490.txt,2,0.0
3_103380.txt,1,0.0
1_038130.txt,2,0.0
3_140070.txt,2,0.281284555842241
3_085590.txt,3,0.050536199314082784
3_104580.txt,2,0.0
3_098700.txt,1,0.0
5_072180.txt,1,0.0
5_080940.txt,2,0.0
4_060240.txt,6,0.03888972100028417
2_056190.txt,1,0.0
3_086220.txt,2,0.0
3_056340.txt,3,0.0
4_057930.txt,2,0.32881055625495414
1_024540.txt,3,0.06237570059663721
5_100260.txt,7,0.07169118021492553
2_032430.txt,1,0.0
2_104010.txt,1,0.0
2_154260.txt,7,0.04037387924009567
3_042600.txt,1,0.0
3_053970.txt,1,0.0
3_048930.txt,5,0.018901049374834222
3_065340.txt,6,0.05048734626543529
3_079470.txt,1,0.0
4_037530.txt,1,0.0
5_060390.txt,1,0.0
3_079320.txt,1,0.0
5_082650.txt,3,0.08001215409360773
4_077310.txt,1,0.0
3_004050.txt,1,0.0
4_043530.txt,5,0.04289023698545004
3_118590.txt,6,0.08677609016827657
5_086580.txt,2,0.0
2_112290.txt,1,0.0
4_057990.txt,2,0.28900226286391706
5_110280.txt,3,0.0
4_085710.txt,1,0.0
1_070710.txt,1,0.0
2_085410.txt,5,0.04207908400763512
4_025140.txt,2,0.017383552484956582
4_017220.txt,1,0.0
2_020730.txt,3,0.05885744462275729
4_093990.txt,2,0.0
1_071160.txt,2,0.0
5_102990.txt,5,0.028362485409479464
4_031320.txt,2,0.011092623405435348
2_141480.txt,1,0.0
5_064830.txt,1,0.0
4_081030.txt,1,0.0
3_118110.txt,7,0.047851303294988025
4_000780.txt,3,0.05181165117586977
3_044490.txt,1,0.0
2_081570.txt,1,0.0
5_086250.txt,2,0.0
3_027480.txt,2,0.23925322295520207
5_118200.txt,4,0.016732037970237947
4_030090.txt,1,0.0
5_042840.txt,1,0.0
5_032430.txt,1,0.0
3_056940.txt,3,0.0427917112973965
3_007140.txt,5,0.02969299616336963
2_025380.txt,2,0.0
3_069240.txt,1,0.0
5_081060.txt,4,0.0
1_071430.txt,2,0.0
2_042960.txt,2,0.0
3_043650.txt,1,0.0
2_141540.txt,1,0.0
5_112470.txt,1,0.0
3_032730.txt,8,0.02792134390972591
3_004170.txt,1,0.0
3_046260.txt,1,0.0
1_015450.txt,4,0.08098190260632232
4_083190.txt,1,0.0
4_081870.txt,1,0.0
4_080730.txt,1,0.0
1_080040.txt,1,0.0
2_070560.txt,2,0.19141053787047183
2_010530.txt,2,0.0
2_105930.txt,1,0.0
4_032070.txt,1,0.0
5_112410.txt,1,0.0
3_083520.txt,1,0.0
2_105240.txt,5,0.0212257411553713
5_135630.txt,2,0.11249196485965246
4_037800.txt,1,0.0
5_022050.txt,9,0.04749258532769026
4_028680.txt,3,0.06978746037676654
3_078450.txt,2,0.0
5_128280.txt,1,0.0
4_051990.txt,6,0.03012094587136393
2_049710.txt,1,0.0
2_154320.txt,6,0.06678126365715195
2_049320.txt,2,0.0
2_107970.txt,1,0.0
1_038940.txt,3,0.14997036826139637
3_044610.txt,1,0.0
5_030480.txt,1,0.0
5_051480.txt,5,0.0645861053504023
4_093900.txt,1,0.0
1_077370.txt,2,0.16470090442693194
3_084570.txt,2,0.3388026684758796
4_028740.txt,3,0.09258269777346527
3_102120.txt,3,0.07817617543007464
5_094590.txt,3,0.054036511460138735
3_079230.txt,1,0.0
3_084720.txt,3,0.1475345132397401
3_099300.txt,1,0.0
3_003090.txt,2,0.02493680731090801
1_086820.txt,2,0.30279334832934157
4_051060.txt,2,0.15295057641821713
3_101580.txt,6,0.05706769204005068
3_006390.txt,9,0.04188802613638083
4_055380.txt,1,0.0
4_013680.txt,1,0.0
2_042120.txt,8,0.04526845277436674
4_094020.txt,1,0.0
4_090390.txt,2,0.10973349523870396
2_107850.txt,1,0.0
3_116130.txt,1,0.0
2_150900.txt,1,0.0
5_104880.txt,1,0.0
3_064531.txt,2,0.007345065034430227
3_046110.txt,2,0.1091443205784874
2_010860.txt,2,0.0
3_057540.txt,1,0.0
5_034710.txt,1,0.0
4_081900.txt,1,0.0
3_031050.txt,1,0.0
4_068340.txt,4,0.003735866123925823
5_141930.txt,1,0.0
4_058740.txt,1,0.0
5_132090.txt,1,0.0
3_024900.txt,4,0.022187959071657663
5_005070.txt,1,0.0
5_020880.txt,3,0.0009696054730215208
1_038190.txt,3,0.04670658682634727
3_111960.txt,4,0.008579528498955567
5_081480.txt,1,0.0
3_067620.txt,1,0.0
5_119850.txt,4,0.034807993675205484
5_147300.txt,1,0.0
2_053160.txt,2,0.0
1_055920.txt,1,0.0
4_090690.txt,3,0.06984551939845467
2_076680.txt,2,0.0
4_065490.txt,1,0.0
1_038430.txt,2,0.0
5_093300.txt,1,0.0
2_067440.txt,1,0.0
5_013830.txt,2,0.34988713318284437
5_023790.txt,1,0.0
3_024480.txt,2,0.0
4_057150.txt,2,0.07179423148957394
4_024810.txt,3,0.10840184647979935
3_085830.txt,2,0.10663374116062402
3_115770.txt,2,0.04321611277625203
2_151110.txt,2,0.0
1_034140.txt,3,0.0
2_089010.txt,1,0.0
4_050190.txt,1,0.0
3_066510.txt,1,0.0
5_078540.txt,1,0.0
2_137820.txt,1,0.0
3_122400.txt,1,0.0
3_084270.txt,2,0.09798270893371751
2_032640.txt,1,0.0
2_117780.txt,1,0.0
3_000090.txt,1,0.0
1_034020.txt,3,0.09181151811472592
4_002370.txt,2,0.1261150705621371
3_083910.txt,3,0.12288302937756457
4_017550.txt,1,0.0
5_053940.txt,2,0.0
2_144900.txt,1,0.0
3_063300.txt,2,0.0
3_034260.txt,1,0.0
2_065070.txt,1,0.0
2_134820.txt,1,0.0
3_068460.txt,1,0.0
5_071250.txt,2,0.0
4_091950.txt,4,0.03832140316231215
3_081240.txt,6,0.05801977673973553
4_087030.txt,1,0.0
2_139110.txt,1,0.0
3_053910.txt,1,0.0
2_072750.txt,2,0.0
4_043050.txt,5,0.06126764314834484
5_144630.txt,1,0.0
5_157200.txt,1,0.0
3_084300.txt,2,0.09129728299890422
2_131370.txt,2,0.0
4_019620.txt,1,0.0
2_112980.txt,1,0.0
3_126270.txt,4,0.017386675466053644
5_005280.txt,1,0.0
4_002550.txt,4,0.02701183286445782
3_049140.txt,6,0.08530349902145368
4_004320.txt,2,0.0
1_034380.txt,1,0.0
1_040650.txt,1,0.0
4_013560.txt,1,0.0
3_043530.txt,1,0.0
4_011310.txt,1,0.0
1_044820.txt,3,0.013937017796231138
3_063360.txt,1,0.0
3_111900.txt,1,0.0
4_020520.txt,2,0.0
3_093030.txt,1,0.0
5_144750.txt,1,0.0
4_075180.txt,5,0.06313113350493631
3_073230.txt,1,0.0
5_039150.txt,9,0.042610947336999425
3_138030.txt,4,0.10028046971321132
5_085350.txt,1,0.0
1_015420.txt,5,0.0639335708467908
2_063360.txt,1,0.0
1_082860.txt,1,0.0
3_049380.txt,5,0.018853980183088752
4_075150.txt,4,0.04899395751572915
2_071820.txt,1,0.0
3_136080.txt,2,0.0
2_123060.txt,8,0.04893812300353597
2_041220.txt,1,0.0
2_114900.txt,1,0.0
1_016380.txt,1,0.0
4_050010.txt,1,0.0
4_019800.txt,1,0.0
1_087000.txt,2,0.0
5_161160.txt,6,0.04534637905132251
5_099630.txt,1,0.0
3_009990.txt,1,0.0
5_061260.txt,3,0.036540633087138334
5_150990.txt,1,0.0
4_026370.txt,1,0.0
5_021090.txt,2,0.0
5_108180.txt,1,0.0
4_005550.txt,1,0.0
2_065310.txt,2,0.0
2_005730.txt,1,0.0
3_057810.txt,1,0.0
3_046020.txt,2,0.0708918190840776
5_179520.txt,1,0.0
3_021420.txt,1,0.0
5_106770.txt,1,0.0
3_021660.txt,2,0.0
5_086790.txt,2,0.14002302119303944
5_085530.txt,1,0.0
1_020910.txt,1,0.0
3_049620.txt,1,0.0
3_073620.txt,5,0.08968830073330533
2_141390.txt,1,0.0
3_032790.txt,6,0.038329389658356264
5_020640.txt,1,0.0
3_041280.txt,8,0.047602042434044936
2_141450.txt,1,0.0
3_121440.txt,1,0.0
4_010650.txt,5,0.03532449495450478
5_102570.txt,1,0.0
4_034890.txt,1,0.0
4_077730.txt,1,0.0
5_150930.txt,1,0.0
3_083370.txt,1,0.0
3_004200.txt,1,0.0
3_063390.txt,1,0.0
2_131160.txt,4,0.009502109391832568
4_014730.txt,2,0.0
4_080130.txt,1,0.0
2_083760.txt,1,0.0
5_171630.txt,2,0.0
3_141540.txt,1,0.0
3_121380.txt,1,0.0
2_124470.txt,1,0.0
5_107130.txt,2,0.033075486796479085
1_033300.txt,7,0.08697072646691319
5_118320.txt,2,0.0
3_065220.txt,7,0.040342443139447515
5_128370.txt,1,0.0
5_135540.txt,2,0.05595431041136043
5_030780.txt,1,0.0
3_074580.txt,4,0.035646810613122824
3_141330.txt,1,0.0
2_066660.txt,2,0.0
5_103200.txt,3,0.0069758855515564865
3_129900.txt,1,0.0
3_073170.txt,2,0.3035524089969301
4_045540.txt,1,0.0
2_027360.txt,7,0.01685167070746078
2_107580.txt,3,0.2178494274595204
2_086700.txt,1,0.0
2_066420.txt,1,0.0
4_084840.txt,6,0.010395397765099864
1_012840.txt,1,0.0
4_002490.txt,4,0.023102743520803864
3_065100.txt,6,0.05438659195383096
2_141360.txt,1,0.0
3_107850.txt,1,0.0
2_040110.txt,2,0.0
5_109650.txt,4,0.02721909769730683
4_003990.txt,2,0.021107115248882573
4_028770.txt,3,0.010376900335962752
4_043350.txt,4,0.021637165487200034
4_056160.txt,1,0.0
2_034980.txt,3,0.0
3_082590.txt,1,0.0
2_063810.txt,1,0.0
2_118080.txt,2,0.46849127047156686
5_011220.txt,1,0.0
5_071070.txt,3,0.20621908806864597
2_111900.txt,1,0.0
3_084990.txt,3,0.09892455723976266
4_049290.txt,1,0.0
4_053460.txt,1,0.0
3_058650.txt,1,0.0
4_085020.txt,4,0.0
2_067110.txt,1,0.0
3_116850.txt,1,0.0
2_045750.txt,1,0.0
1_071040.txt,2,0.0
3_069210.txt,1,0.0
3_063090.txt,2,0.0735268249780123
5_119670.txt,2,0.0
2_063600.txt,1,0.0
2_076590.txt,4,0.08522694559271128
2_013710.txt,1,0.0
5_072840.txt,1,0.0
4_077190.txt,1,0.0
5_157350.txt,2,0.0
3_057000.txt,3,0.056316298580390396
2_132510.txt,1,0.0
2_069210.txt,6,0.02132421043598397
2_066690.txt,2,0.0
3_097890.txt,5,0.04665178059322215
4_040260.txt,3,0.10687062040189449
5_154590.txt,1,0.0
3_066960.txt,1,0.0
4_082140.txt,1,0.0
2_041160.txt,1,0.0
4_077130.txt,3,0.0
3_101430.txt,6,0.06326377120075975
4_026610.txt,1,0.0
2_107700.txt,2,0.0
3_021300.txt,1,0.0
5_141450.txt,1,0.0
3_090540.txt,2,0.014620162446249425
4_092730.txt,1,0.0
3_114300.txt,1,0.0
4_045570.txt,1,0.0
4_098580.txt,1,0.0
5_091560.txt,5,0.07403413729087376
3_069030.txt,1,0.0
4_025860.txt,6,0.033178400638651795
3_042420.txt,1,0.0
3_054840.txt,1,0.0
1_087990.txt,6,0.015048837506441702
2_011220.txt,1,0.0
3_128340.txt,1,0.0
4_003960.txt,3,0.062243714827069335
4_013440.txt,1,0.0
2_092610.txt,1,0.0
5_102780.txt,2,0.09900353584056568
3_034290.txt,1,0.0
4_091890.txt,6,0.041183777981167104
2_136830.txt,1,0.0
2_014610.txt,2,0.0
4_077490.txt,1,0.0
2_084390.txt,2,0.09636871508379895
5_180240.txt,1,0.0
5_111990.txt,1,0.0
3_064588.txt,2,0.01445925343038405
5_156930.txt,2,0.0
2_116940.txt,1,0.0
1_039180.txt,3,0.0
5_180420.txt,1,0.0
2_112680.txt,2,0.0834435075778683
1_040770.txt,1,0.0
2_044610.txt,1,0.0
2_113490.txt,6,0.030568538834465347
3_086970.txt,1,0.0
3_064528.txt,2,0.029606408916753774
3_004140.txt,1,0.0
5_123540.txt,2,0.244868272183611
5_054060.txt,1,0.0
2_118050.txt,2,0.011221150167892166
2_104040.txt,1,0.0
1_088050.txt,5,0.016036647621370154
3_056520.txt,2,0.47318822593577975
3_055260.txt,1,0.0
5_032970.txt,1,0.0
2_002790.txt,5,0.04132640124034743
4_081150.txt,1,0.0
4_026580.txt,1,0.0
5_179820.txt,1,0.0
4_065820.txt,1,0.0
2_114450.txt,1,0.0
3_115710.txt,3,0.0
1_034320.txt,1,0.0
4_091200.txt,1,0.0
2_060990.txt,5,0.04695740037720908
3_036930.txt,1,0.0
4_025620.txt,3,0.0
2_025350.txt,1,0.0
1_038460.txt,2,0.0
4_013470.txt,1,0.0
5_112020.txt,1,0.0
3_083880.txt,3,0.1266785707815193
3_143100.txt,1,0.0
5_122040.txt,1,0.0
2_110640.txt,1,0.0
2_138510.txt,2,0.1386861313868612
3_057930.txt,1,0.0
3_009900.txt,1,0.0
2_063690.txt,1,0.0
4_039300.txt,2,0.04935940660822638
2_090030.txt,1,0.0
4_028650.txt,2,0.0
3_096870.txt,2,0.0
2_049560.txt,1,0.0
2_131190.txt,4,0.011204058906093347
3_029010.txt,1,0.0
4_057840.txt,3,0.1222487673461089
5_080730.txt,2,0.0
2_106800.txt,1,0.0
2_066210.txt,1,0.0
3_091470.txt,8,0.03575334946492067
4_013950.txt,1,0.0
3_143130.txt,1,0.0
4_018750.txt,5,0.04317930614452659
2_094350.txt,1,0.0
3_054810.txt,1,0.0
4_085530.txt,1,0.0
3_136290.txt,2,0.0
2_021060.txt,2,0.016146669683124237
1_040830.txt,1,0.0
2_061890.txt,2,0.023529411764705892
4_010770.txt,3,0.009439746226768865
2_148500.txt,4,0.057335783654393596
5_073680.txt,3,0.0
3_033330.txt,2,0.0
2_107520.txt,3,0.06301486199575378
5_109830.txt,3,0.004918932213330307
3_045480.txt,1,0.0
5_033540.txt,1,0.0
5_159960.txt,1,0.0
2_104850.txt,7,0.044636793734666814
5_063690.txt,1,0.0
3_079020.txt,1,0.0
5_023670.txt,1,0.0
1_071220.txt,2,0.0
4_008640.txt,1,0.0
2_154020.txt,7,0.05349526438050821
5_104730.txt,1,0.0
1_037710.txt,1,0.0
4_039600.txt,2,0.11345007451564836
2_016140.txt,1,0.0
2_092700.txt,1,0.0
1_019410.txt,1,0.0
4_004140.txt,3,0.16360086782674202
2_104580.txt,7,0.04613589319031207
3_021750.txt,1,0.0
5_065520.txt,1,0.0
3_053700.txt,1,0.0
4_079230.txt,1,0.0
3_085710.txt,2,0.07299435028248578
2_154620.txt,5,0.11649934036526388
5_033120.txt,1,0.0
2_002460.txt,9,0.04085494591191029
4_027030.txt,1,0.0
2_013320.txt,3,0.11472949816620415
1_072690.txt,1,0.0
1_070830.txt,1,0.0
4_011760.txt,1,0.0
2_104400.txt,1,0.0
4_081090.txt,1,0.0
4_022200.txt,1,0.0
3_127620.txt,1,0.0
5_097230.txt,1,0.0
2_061110.txt,4,0.06368211519865384
4_093120.txt,1,0.0
2_134850.txt,1,0.0
2_061950.txt,2,0.0
5_051270.txt,3,0.050732239630463194
4_011040.txt,1,0.0
3_025710.txt,1,0.0
5_011160.txt,1,0.0
4_009930.txt,6,0.03346363733920229
3_025770.txt,1,0.0
1_056940.txt,1,0.0
2_046530.txt,1,0.0
4_017160.txt,1,0.0
2_015480.txt,1,0.0
3_120900.txt,1,0.0
2_036060.txt,1,0.0
2_044700.txt,1,0.0
4_011340.txt,1,0.0
3_075060.txt,1,0.0
4_057030.txt,1,0.0
2_105000.txt,7,0.019388349120050618
3_118230.txt,7,0.04579396012893926
5_009750.txt,1,0.0
4_057060.txt,3,0.0
3_114930.txt,1,0.0
5_078180.txt,1,0.0
3_033210.txt,4,0.027781753807274222
2_042060.txt,10,0.027234528633546775
3_044460.txt,1,0.0
5_080130.txt,1,0.0
2_055800.txt,2,0.016377805992725404
4_057090.txt,2,0.008376288659793635
4_031500.txt,1,0.0
4_082920.txt,1,0.0
3_017730.txt,5,0.041717256473500254
5_120960.txt,1,0.0
2_038880.txt,1,0.0
3_023130.txt,5,0.08416278998988322
5_128430.txt,1,0.0
4_033390.txt,1,0.0
2_085110.txt,6,0.013438026167668166
2_113250.txt,1,0.0
3_032910.txt,5,0.06592053161983845
1_070860.txt,1,0.0
3_115680.txt,3,0.0
3_136200.txt,2,0.0
5_100050.txt,11,0.013876013315016955
1_038700.txt,3,0.027472944810119592
3_096900.txt,2,0.0
5_030990.txt,1,0.0
1_032220.txt,1,0.0
2_134520.txt,1,0.0
5_159990.txt,1,0.0
3_023190.txt,5,0.03941787294741177
4_026850.txt,1,0.0
3_112290.txt,3,0.11529260350656383
2_011340.txt,1,0.0
4_049230.txt,1,0.0
4_078420.txt,1,0.0
4_049260.txt,1,0.0
2_043020.txt,1,0.0
2_132030.txt,2,0.2065385807251319
4_060750.txt,2,0.012272136874636153
3_052920.txt,1,0.0
3_084150.txt,2,0.11505887910382281
2_071730.txt,1,0.0
5_123630.txt,2,0.03211995279330178
5_114990.txt,1,0.0
5_120840.txt,1,0.0
2_151290.txt,2,0.0
2_127170.txt,1,0.0
4_020070.txt,2,0.29023925210652557
3_006330.txt,8,0.0555424982869771
5_169560.txt,4,0.10228903368823211
3_019020.txt,1,0.0
5_035550.txt,3,0.0
4_058620.txt,1,0.0
2_066840.txt,1,0.0
4_022260.txt,1,0.0
2_048690.txt,1,0.0
4_099600.txt,2,0.0
3_083790.txt,2,0.07877645086947399
5_047790.txt,2,0.15179913358677408
3_109980.txt,4,0.027247559376366037
4_004680.txt,1,0.0
3_024840.txt,3,0.005118659841786858
5_135030.txt,2,0.13045552171187466
2_033870.txt,1,0.0
3_007230.txt,3,0.06342950973492849
1_045090.txt,5,0.048714220071381785
4_028890.txt,1,0.0
2_123600.txt,7,0.020323470805968333
5_154050.txt,3,0.0
3_139980.txt,2,0.0
4_081270.txt,1,0.0
2_113100.txt,1,0.0
3_065880.txt,1,0.0
2_138870.txt,3,0.12879737391823334
1_070620.txt,1,0.0
5_010830.txt,1,0.0
2_066570.txt,1,0.0
3_126420.txt,5,0.08388827263540999
1_025260.txt,2,0.1531228931307016
5_160590.txt,2,0.0
3_043560.txt,1,0.0
5_097110.txt,1,0.0
3_107970.txt,2,0.0
2_121680.txt,1,0.0
2_010260.txt,2,0.0
1_025020.txt,2,0.05325914149443573
5_133170.txt,2,0.0
2_070860.txt,2,0.0
1_045420.txt,2,0.0
3_115860.txt,1,0.0
1_039300.txt,3,0.0066569975597901045
4_089940.txt,2,0.008609271523178625
2_139800.txt,1,0.0
4_091290.txt,1,0.0
1_085350.txt,1,0.0
5_046860.txt,2,0.0
3_079080.txt,1,0.0
5_070950.txt,3,0.0803667930523793
4_021330.txt,1,0.0
5_052980.txt,1,0.0
2_011100.txt,1,0.0
3_064618.txt,2,0.0
5_020460.txt,1,0.0
4_009870.txt,6,0.042010438700829225
5_108240.txt,1,0.0
1_025110.txt,2,0.15670381627828464
4_011730.txt,1,0.0
1_020970.txt,1,0.0
2_147510.txt,3,0.034720812182741125
3_099420.txt,1,0.0
2_020910.txt,3,0.08798296649016875
2_012720.txt,8,0.050745983140753806
5_056790.txt,6,0.05462663601022268
4_053520.txt,1,0.0
2_071520.txt,1,0.0
5_115740.txt,1,0.0
3_137670.txt,7,0.0419261718483234
2_148680.txt,3,0.10119580677448235
3_057900.txt,1,0.0
3_119670.txt,2,0.0
2_107910.txt,2,0.349601593625498
1_024000.txt,5,0.03411961866323236
3_043740.txt,1,0.0
2_028050.txt,3,0.009890234159418696
4_025200.txt,2,0.0
3_111480.txt,1,0.0
4_076080.txt,3,0.07025810167006964
2_024480.txt,2,0.19188620114875418
3_004020.txt,1,0.0
4_010740.txt,3,0.04835964097802537
5_020850.txt,3,0.09945181041917796
3_099480.txt,1,0.0
5_058230.txt,2,0.09357744841615807
4_082170.txt,1,0.0
2_049260.txt,2,0.0
3_092550.txt,3,0.04409784208713075
2_067500.txt,1,0.0
2_063120.txt,1,0.0
3_003660.txt,2,0.0
5_080970.txt,2,0.0
5_056940.txt,4,0.045278313028227664
4_031980.txt,1,0.0
3_007110.txt,6,0.02148695271692228
5_154530.txt,1,0.0
3_118410.txt,5,0.05139876699636257
2_119850.txt,1,0.0
3_087090.txt,1,0.0
1_033780.txt,3,0.06204703530764207
1_078300.txt,2,0.0
4_010080.txt,3,0.02942857271950638
5_036810.txt,1,0.0
2_020790.txt,3,0.07286437037069872
5_128340.txt,1,0.0
5_094410.txt,3,0.06961259079903144
3_112350.txt,3,0.00984384088773547
2_083880.txt,1,0.0
2_151200.txt,2,0.03121818459640572
2_069810.txt,3,0.1209408476486132
1_037740.txt,1,0.0
1_083010.txt,1,0.0
3_002760.txt,3,0.0
2_042600.txt,5,0.04108932545830257
1_070890.txt,1,0.0
2_111810.txt,1,0.0
4_091530.txt,5,0.023174378685020848
2_124290.txt,2,0.0
2_076920.txt,2,0.0
3_048960.txt,5,0.04271960029685941
2_106980.txt,1,0.0
5_157260.txt,2,0.0
1_034080.txt,3,0.0382274277309794
3_017130.txt,7,0.056139127962157996
2_117840.txt,1,0.0
2_121980.txt,2,0.16229830923390867
2_124350.txt,1,0.0
5_062100.txt,1,0.0
3_027420.txt,2,0.0
5_141810.txt,1,0.0
3_105240.txt,1,0.0
5_104850.txt,1,0.0
4_021300.txt,1,0.0
4_014850.txt,2,0.1215900233826968
2_135240.txt,2,0.0
3_044790.txt,1,0.0
2_012900.txt,8,0.04262357425425276
5_157050.txt,1,0.0
2_070170.txt,2,0.0
5_163230.txt,2,0.042558917244664866
3_066870.txt,1,0.0
2_116610.txt,1,0.0
4_035190.txt,1,0.0
2_098460.txt,2,0.0
2_090240.txt,1,0.0
5_108060.txt,1,0.0
5_033840.txt,1,0.0
1_033360.txt,7,0.08307101596862701
2_065880.txt,1,0.0
2_042720.txt,3,0.08661364416128815
3_126180.txt,1,0.0
2_000360.txt,1,0.0
2_063060.txt,1,0.0
2_138270.txt,2,0.14192593433529094
5_119820.txt,4,0.052208835341365493
4_039270.txt,2,0.008071157964091552
4_055560.txt,1,0.0
3_097050.txt,2,0.0
3_107370.txt,1,0.0
2_020220.txt,4,0.011746605379004078
1_071670.txt,1,0.0
4_083070.txt,1,0.0
5_033330.txt,1,0.0
4_019740.txt,1,0.0
3_027360.txt,2,0.0
3_114330.txt,1,0.0
3_118530.txt,7,0.05824113320485065
3_025140.txt,2,0.1999716057646792
5_062190.txt,1,0.0
3_091890.txt,3,0.04317271220050817
3_021840.txt,1,0.0
5_146880.txt,3,0.0
2_118020.txt,2,0.0
3_030750.txt,1,0.0
5_120660.txt,1,0.0
4_083880.txt,4,0.070514897863036
3_005730.txt,1,0.0
4_042480.txt,1,0.0
5_134310.txt,3,0.0586105755665857
5_170220.txt,2,0.0
4_056910.txt,1,0.0
2_049290.txt,2,0.0
2_105480.txt,3,0.02673063022744833
2_090360.txt,1,0.0
3_096840.txt,2,0.0
1_024600.txt,2,0.0
2_028110.txt,2,0.0
5_060690.txt,2,0.1363069893031467
3_092010.txt,4,0.032464606065217665
5_030300.txt,1,0.0
4_002310.txt,2,0.11269070735090143
3_098250.txt,1,0.0
2_076560.txt,4,0.0012880689649092468
3_064568.txt,2,0.036632600681319696
5_111750.txt,1,0.0
3_066900.txt,1,0.0
3_018600.txt,1,0.0
3_102000.txt,5,0.03447024337590139
3_090720.txt,2,0.1610475839173736
4_009060.txt,1,0.0
5_158700.txt,1,0.0
3_048150.txt,6,0.05136610515254493
3_003180.txt,2,0.0
3_085110.txt,2,0.31693961364903933
4_038010.txt,1,0.0
5_118710.txt,2,0.0
5_160800.txt,6,0.05466606577940332
5_153720.txt,2,0.005582577934998875
1_072810.txt,1,0.0
2_003000.txt,2,0.16684124523400512
3_044700.txt,1,0.0
3_084600.txt,3,0.132968602915601
3_058380.txt,1,0.0
5_180450.txt,1,0.0
2_048540.txt,1,0.0
5_017370.txt,1,0.0
5_179880.txt,1,0.0
5_119730.txt,3,0.0
5_107670.txt,0,0.0
5_153570.txt,1,0.0
5_059280.txt,1,0.0
2_122070.txt,1,0.0
4_033540.txt,1,0.0
3_067440.txt,2,0.0
3_065520.txt,4,0.08727204145272437
4_079830.txt,1,0.0
2_144870.txt,1,0.0
3_081780.txt,4,0.06727945672071019
4_072000.txt,2,0.0
1_014703.txt,1,0.0
3_114480.txt,1,0.0
2_105810.txt,3,0.0
5_127710.txt,2,0.0
2_148440.txt,4,0.09001282007962125
3_025890.txt,1,0.0
1_055770.txt,1,0.0
1_039240.txt,3,4.5487934245273493e-07
5_010800.txt,1,0.0
4_051270.txt,1,0.0
3_058590.txt,1,0.0
4_057750.txt,2,0.0
5_173280.txt,3,0.07941756834300405
2_015000.txt,1,0.0
2_061710.txt,3,0.024659227304597898
3_044400.txt,1,0.0
3_032430.txt,1,0.0
4_078960.txt,3,0.2561248640695963
3_044520.txt,1,0.0
2_071490.txt,1,0.0
5_030810.txt,1,0.0
5_085020.txt,1,0.0
2_106020.txt,1,0.0
4_037650.txt,1,0.0
4_086040.txt,1,0.0
2_084090.txt,1,0.0
2_104520.txt,9,0.04463898317367599
4_084240.txt,3,0.037803780378037756
2_067140.txt,1,0.0
2_065520.txt,3,0.0
5_120630.txt,1,0.0
4_013650.txt,1,0.0
5_089190.txt,1,0.0
3_057060.txt,2,0.049582463465553235
3_038850.txt,1,0.0
1_016080.txt,1,0.0
5_107490.txt,2,0.005080109417741376
2_089040.txt,1,0.0
5_009630.txt,1,0.0
2_105870.txt,3,0.0008331597577897216
4_010680.txt,4,0.030936285276024673
4_059820.txt,1,0.0
2_065400.txt,2,0.2889889679941088
2_063870.txt,1,0.0
4_011910.txt,1,0.0
5_058560.txt,2,0.0
3_103440.txt,1,0.0
1_012870.txt,1,0.0
2_083940.txt,1,0.0
4_005580.txt,1,0.0
3_097260.txt,1,0.0
2_011250.txt,1,0.0
3_130380.txt,1,0.0
5_047670.txt,3,0.021323797225257443
1_086100.txt,2,0.07384316424436255
3_092250.txt,3,0.03475238922675936
3_140130.txt,2,0.0
3_065280.txt,7,0.07866268897916545
2_013590.txt,3,0.011744018983918284
1_058710.txt,1,0.0
2_105360.txt,4,0.0384862985624461
2_065490.txt,2,0.09999999999999996
3_067380.txt,2,0.0
5_169920.txt,1,0.0
4_083220.txt,1,0.0
2_067080.txt,1,0.0
2_065430.txt,2,0.2462357057291451
5_064770.txt,1,0.0
2_000450.txt,1,0.0
5_093150.txt,1,0.0
2_070590.txt,2,0.06779661016949146
4_085260.txt,3,0.059264873057976473
1_025440.txt,1,0.0
2_117960.txt,2,0.1496597722816595
2_061440.txt,3,0.0
4_075660.txt,5,0.03286464510605615
1_058530.txt,1,0.0
2_034020.txt,1,0.0
3_049080.txt,7,0.07159981284336786
5_160050.txt,1,0.0
4_036360.txt,4,0.01556224184717135
5_057000.txt,3,0.0
3_069090.txt,1,0.0
2_124980.txt,2,0.0
4_072090.txt,2,0.06903945111492289
5_155610.txt,2,5.087071270613018e-17
1_071370.txt,1,0.0
2_090060.txt,1,0.0
5_020790.txt,3,0.0
4_035550.txt,8,0.032320024272314625
4_025050.txt,3,0.057754109149559224
2_122280.txt,2,0.0
4_029370.txt,2,0.0
3_002730.txt,2,0.0
5_118080.txt,1,0.0
4_079770.txt,1,0.0
5_120720.txt,1,0.0
5_131550.txt,3,0.03302869969536639
4_072240.txt,1,0.0
2_028770.txt,4,0.0
2_070350.txt,1,0.0
2_016080.txt,1,0.0
3_075930.txt,1,0.0
4_061530.txt,2,0.11036174126302876
4_044430.txt,2,0.005933682373473036
5_045960.txt,1,0.0
5_053340.txt,1,0.0
1_086940.txt,2,0.15429073203168261
3_119520.txt,2,0.07666277712952162
1_077820.txt,1,0.0
5_094650.txt,3,0.02903284340410088
3_140040.txt,2,0.07483520744474603
1_020340.txt,1,0.0
3_109830.txt,2,0.32209604256648683
5_118590.txt,1,0.0
1_016440.txt,1,0.0
3_031830.txt,1,0.0
3_035220.txt,1,0.0
2_104490.txt,8,0.045939983074317445
5_042900.txt,1,0.0
5_132510.txt,1,0.0
4_012570.txt,1,0.0
2_098550.txt,2,0.0
3_098040.txt,4,0.020411882631674875
2_062130.txt,1,0.0
2_090210.txt,1,0.0
4_017280.txt,1,0.0
3_053340.txt,1,0.0
5_005160.txt,1,0.0
2_135390.txt,1,0.0
2_123840.txt,4,0.02558753100758518
2_053100.txt,3,0.014575314344367539
5_127200.txt,1,0.0
5_079860.txt,2,0.08492454156975189
3_017190.txt,5,0.02643765403731683
3_143190.txt,1,0.0
5_089070.txt,1,0.0
5_007560.txt,1,0.0
5_146010.txt,1,0.0
1_086880.txt,2,0.3250247292339015
3_137430.txt,8,0.023958003964434038
5_020340.txt,2,0.0
1_056910.txt,1,0.0
5_124950.txt,1,0.0
3_083430.txt,1,0.0
3_030990.txt,1,0.0
2_106890.txt,1,0.0
4_049020.txt,1,0.0
5_159900.txt,1,0.0
3_051180.txt,2,0.01744439598778886
3_140100.txt,2,0.33277209342485853
2_028200.txt,4,0.01338227645569239
3_046230.txt,1,0.0
5_026280.txt,1,0.0
2_049680.txt,1,0.0
5_161670.txt,2,1.3650918844070667e-16
3_018300.txt,5,0.031034492491613587
4_094110.txt,1,0.0
5_016110.txt,1,0.0
3_129870.txt,1,0.0
3_110580.txt,6,0.02894973382193401
4_092820.txt,1,0.0
4_048870.txt,1,0.0
2_138420.txt,2,0.14138572438171687
3_073020.txt,3,0.0038792736582041703
1_032400.txt,2,0.0
5_030930.txt,1,0.0
4_056940.txt,1,0.0
5_101820.txt,1,0.0
3_102180.txt,2,0.0
2_092520.txt,1,0.0
5_128670.txt,1,0.0
2_114330.txt,1,0.0
3_097500.txt,1,0.0
2_113220.txt,1,0.0
5_134910.txt,1,0.0
2_105600.txt,2,0.1513533803228092
4_057360.txt,2,0.08752183194255782
5_115410.txt,1,0.0
5_146700.txt,2,0.0
3_111780.txt,2,0.0
5_102810.txt,2,0.10194425326909842
3_068310.txt,1,0.0
4_044370.txt,3,0.04209785147049833
1_082920.txt,1,0.0
3_069900.txt,1,0.0
3_081360.txt,6,0.01078276528911798
2_092850.txt,1,0.0
2_056250.txt,1,0.0
4_060510.txt,6,0.053911180498379736
2_027660.txt,7,0.038763639610251116
5_160740.txt,5,0.023447947340503254
2_154140.txt,10,0.03258897817369613
3_120990.txt,1,0.0
2_123240.txt,10,0.030143066798110497
3_018090.txt,4,0.07538721741217184
2_111630.txt,1,0.0
2_024750.txt,1,0.0
4_052080.txt,5,0.03661639077535308
3_039570.txt,2,0.0
2_052860.txt,6,0.04999094758694256
5_104820.txt,1,0.0
5_029550.txt,2,0.017874448153332553
2_152820.txt,1,0.0
4_011790.txt,1,0.0
4_048840.txt,1,0.0
4_086910.txt,1,0.0
5_010470.txt,2,0.03157412557667768
5_128190.txt,1,0.0
3_003900.txt,2,0.0
5_143550.txt,2,0.0
2_042930.txt,2,0.0
2_109200.txt,1,0.0
2_068970.txt,3,0.023753855065057273
3_121230.txt,1,0.0
2_039060.txt,1,0.0
4_020460.txt,2,0.0
4_011370.txt,1,0.0
4_083130.txt,1,0.0
2_027780.txt,6,0.057270765714541344
3_126720.txt,3,0.05167262025117387
2_138210.txt,2,0.12419714686830208
5_071190.txt,2,0.0
1_016200.txt,2,0.3761083829623101
3_122820.txt,1,0.0
4_023790.txt,2,0.0
4_057570.txt,2,0.0
5_073980.txt,1,0.0
4_080880.txt,1,0.0
4_079080.txt,1,0.0
4_029970.txt,1,0.0
5_037650.txt,1,0.0
4_085890.txt,1,0.0
2_060690.txt,6,0.05455258769762299
5_134430.txt,2,0.12023177209077726
2_156150.txt,1,0.0
5_011190.txt,1,0.0
1_019380.txt,1,0.0
5_132390.txt,1,0.0
3_003600.txt,2,0.0
2_139740.txt,1,0.0
5_033000.txt,1,0.0
3_017790.txt,3,0.031164189513141274
1_020100.txt,1,0.0
2_044640.txt,1,0.0
5_115470.txt,1,0.0
5_175890.txt,2,0.0
3_007440.txt,2,0.662822803313302
2_014730.txt,1,0.0
4_068370.txt,4,0.0
3_083460.txt,1,0.0
5_051720.txt,3,0.006743980227989092
4_003870.txt,3,0.007874015748031513
5_115350.txt,1,0.0
1_086190.txt,2,0.006361263739216761
3_099240.txt,1,0.0
4_040200.txt,3,0.0460447129850677
2_127080.txt,1,0.0
3_068970.txt,1,0.0
4_098340.txt,1,0.0
5_141510.txt,1,0.0
4_031140.txt,2,0.0
5_089220.txt,1,0.0
3_064680.txt,1,0.0
3_079350.txt,1,0.0
3_046290.txt,1,0.0
3_063000.txt,1,0.0
3_099150.txt,1,0.0
1_044940.txt,4,0.02663279246256491
4_079200.txt,1,0.0
2_061590.txt,3,0.004262628833184907
2_110610.txt,1,0.0
2_060630.txt,7,0.049175282862906566
4_065310.txt,1,0.0
4_093870.txt,1,0.0
4_013050.txt,1,0.0
3_099060.txt,2,0.0
5_086370.txt,1,0.0
3_051270.txt,3,0.12935689496759267
3_084630.txt,3,0.11152228763666944
1_062730.txt,1,0.0
3_003570.txt,2,0.0
5_025740.txt,1,0.0
4_031650.txt,2,0.0
3_037080.txt,1,0.0
3_085260.txt,2,0.4067360018938062
4_077430.txt,1,0.0
3_110100.txt,6,0.05247487306539666
5_097200.txt,1,0.0
2_147660.txt,7,0.037345385071292814
5_005130.txt,1,0.0
3_078630.txt,2,0.0
5_157290.txt,2,0.0
1_087780.txt,12,0.041530274337013943
2_066990.txt,1,0.0
2_012960.txt,7,0.0664731787334451
2_086250.txt,1,0.0
4_038040.txt,1,0.0
3_074760.txt,3,0.0
4_050910.txt,1,0.0
2_076170.txt,7,0.09324434717413757
5_093240.txt,1,0.0
5_067800.txt,4,0.009110480172225538
3_080700.txt,1,0.0
3_116100.txt,1,0.0
3_143160.txt,1,0.0
1_085920.txt,1,0.0
5_035250.txt,3,0.04178753623889266
5_096270.txt,2,0.07289365730514355
2_046440.txt,1,0.0
3_103350.txt,1,0.0
2_063990.txt,1,0.0
3_051060.txt,2,0.018592490376933786
3_072330.txt,1,0.0
3_051360.txt,2,0.09770485105815309
5_072420.txt,2,0.0
3_110520.txt,5,0.05097433085618166
2_064560.txt,1,0.0
5_046830.txt,2,0.0
1_056130.txt,1,0.0
3_038790.txt,1,0.0
3_072900.txt,1,0.0
4_045660.txt,1,0.0
2_097080.txt,1,0.0
3_099360.txt,1,0.0
5_081450.txt,1,0.0
3_023010.txt,5,0.025121383024133304
4_056850.txt,1,0.0
5_115170.txt,1,0.0
1_012930.txt,1,0.0
3_076230.txt,1,0.0
5_026160.txt,2,0.0
3_122850.txt,1,0.0
5_172470.txt,5,0.020131294552163052
4_012030.txt,1,0.0
2_014370.txt,2,0.21071234880489076
3_022980.txt,6,0.00640716975664741
2_086070.txt,1,0.0
1_071640.txt,1,0.0
3_051420.txt,1,0.0
4_008790.txt,1,0.0
3_053820.txt,2,0.0
3_024960.txt,4,0.032322827644114316
4_002340.txt,2,0.09608540925266913
3_036390.txt,1,0.0
2_010980.txt,1,0.0
3_130020.txt,1,0.0
3_085920.txt,2,0.1460787613598115
2_056040.txt,2,0.0
3_018150.txt,4,0.061767169179229454
3_039690.txt,3,0.09026775693442361
2_131250.txt,2,0.04090966136216096
4_028590.txt,1,0.0
1_020070.txt,1,0.0
2_032550.txt,1,0.0
5_094020.txt,1,0.0
3_081420.txt,6,0.0288013465583911
2_046710.txt,1,0.0
3_054930.txt,1,0.0
2_072630.txt,2,0.07512258303265792
5_161370.txt,2,0.0
5_106350.txt,1,0.0
5_107310.txt,2,0.0
2_104640.txt,6,0.028542018187130758
3_084510.txt,2,0.31972932759654704
3_111720.txt,2,0.0
3_077700.txt,1,0.0
3_115650.txt,2,0.16988194644399657
5_118140.txt,3,0.03755548049052956
2_156030.txt,1,0.0
4_019890.txt,2,0.0420174011459291
3_037050.txt,1,0.0
2_137880.txt,1,0.0
4_055470.txt,1,0.0
5_085290.txt,2,0.0
3_003390.txt,3,0.011490125673249548
5_073620.txt,4,0.05944178982849946
3_104610.txt,1,0.0
5_027630.txt,1,0.0
4_058590.txt,1,0.0
3_115980.txt,1,0.0
2_055650.txt,2,0.0
1_071730.txt,1,0.0
4_004890.txt,1,0.0
3_067200.txt,2,0.0
3_021510.txt,1,0.0
2_065460.txt,2,0.14158576051779942
2_032400.txt,1,0.0
2_127140.txt,1,0.0
2_115140.txt,1,0.0
2_053400.txt,1,0.0
2_063150.txt,1,0.0
3_023430.txt,1,0.0
4_007020.txt,1,0.0
5_091470.txt,5,0.04293601197077814
3_041820.txt,3,0.04278768233387367
5_135480.txt,2,0.0
4_028920.txt,1,0.0
2_076470.txt,3,0.03965840750059347
4_051090.txt,2,0.10947142473839545
3_077610.txt,1,0.0
5_169860.txt,1,0.0
3_030960.txt,1,0.0
4_023880.txt,3,0.049517684887459806
4_061680.txt,2,0.07216494845360816
3_138090.txt,3,0.09478441431537815
5_089040.txt,1,0.0
3_121200.txt,1,0.0
3_041640.txt,5,0.01487244883160192
2_067050.txt,1,0.0
3_023250.txt,3,0.0
3_090630.txt,2,0.0
5_061320.txt,3,0.06883678462503247
1_080070.txt,1,0.0
3_121470.txt,1,0.0
5_101700.txt,1,0.0
5_128310.txt,1,0.0
2_063300.txt,1,0.0
3_122790.txt,1,0.0
5_073080.txt,4,0.0037578419499360648
3_087030.txt,1,0.0
3_092970.txt,2,0.0
5_134190.txt,2,0.190841298182964
5_097260.txt,1,0.0
2_068850.txt,2,0.0
3_053760.txt,1,0.0
3_104520.txt,4,0.013897736992552576
1_037620.txt,1,0.0
5_172590.txt,4,0.057353338432412464
5_062220.txt,1,0.0
1_014721.txt,1,0.0
2_113640.txt,7,0.022068854738636318
1_032430.txt,1,0.0
1_034620.txt,1,0.0
2_055560.txt,2,0.0
3_090390.txt,1,0.0
4_092850.txt,1,0.0
2_132570.txt,1,0.0
2_005880.txt,1,0.0
2_028800.txt,2,0.0
1_033420.txt,7,0.04013096859224031
2_002550.txt,9,0.07904692873324241
3_048270.txt,7,0.062273790499806844
3_105090.txt,1,0.0
3_030780.txt,1,0.0
4_024150.txt,1,0.0
3_000060.txt,1,0.0
5_134160.txt,2,0.15523363959190567
2_141420.txt,1,0.0
4_035040.txt,1,0.0
5_060810.txt,1,0.0
5_020700.txt,2,0.0
3_083850.txt,2,0.1344978165938863
3_136650.txt,6,0.04920745720989675
5_085470.txt,1,0.0
5_132030.txt,3,0.09714958283002191
1_023700.txt,8,0.048854380842597855
1_039060.txt,3,0.039628960247301254
5_034080.txt,1,0.0
4_092880.txt,1,0.0
3_097860.txt,4,0.04049412702072994
2_065220.txt,1,0.0
5_157110.txt,1,0.0
3_016230.txt,1,0.0
5_133290.txt,1,0.0
5_123990.txt,3,0.014198029916531326
2_066750.txt,2,0.0
5_067980.txt,3,0.049558519964500496
4_080760.txt,1,0.0
2_046620.txt,1,0.0
5_122010.txt,1,0.0
4_040770.txt,1,0.0
2_107340.txt,3,0.09453944607056518
5_085140.txt,1,0.0
3_125820.txt,1,0.0
5_010260.txt,2,0.08666666666666682
4_028530.txt,1,0.0
4_098490.txt,1,0.0
5_063600.txt,1,0.0
2_086670.txt,1,0.0
1_086220.txt,2,0.20623158488217236
5_156150.txt,6,0.02690811761789101
5_026400.txt,2,0.0
2_113070.txt,1,0.0
5_154410.txt,2,0.0
4_079980.txt,2,0.0
2_107280.txt,3,0.009567752103110424
5_053460.txt,1,0.0
3_067860.txt,1,0.0
2_052980.txt,4,0.05977957303011352
3_036330.txt,1,0.0
5_119700.txt,2,0.0
3_104310.txt,2,0.0
2_020100.txt,8,0.028963108947909166
2_042900.txt,2,0.0
5_096570.txt,1,0.0
5_047730.txt,2,0.023172123233564428
3_103290.txt,1,0.0
2_063330.txt,1,0.0
3_007740.txt,1,0.0
5_169740.txt,2,0.0
4_077610.txt,1,0.0
5_151230.txt,1,0.0
1_045150.txt,5,0.040434990569656756
4_049890.txt,2,0.0
4_033450.txt,1,0.0
3_098910.txt,1,0.0
3_122370.txt,1,0.0
5_109740.txt,3,0.015630868262643056
3_081120.txt,8,0.04763958096784609
2_086730.txt,1,0.0
3_097440.txt,1,0.0
2_063000.txt,1,0.0
5_101730.txt,1,0.0
5_075270.txt,1,0.0
5_171690.txt,2,0.0
5_033270.txt,1,0.0
2_136500.txt,2,0.07932446264073695
2_063240.txt,1,0.0
3_024720.txt,1,0.0
4_051330.txt,2,0.24955805848780238
2_108030.txt,1,0.0
2_122190.txt,1,0.0
3_074820.txt,2,0.0
2_010590.txt,1,0.0
2_013140.txt,4,0.021262879501237657
3_067920.txt,1,0.0
5_179640.txt,1,0.0
2_063570.txt,1,0.0
2_105990.txt,1,0.0
3_083400.txt,1,0.0
5_134970.txt,1,0.0
5_108030.txt,1,0.0
3_140820.txt,2,0.0
4_010980.txt,1,0.0
3_078570.txt,2,0.143740861545383
2_144960.txt,1,0.0
5_064680.txt,1,0.0
3_019350.txt,1,0.0
2_086370.txt,1,0.0
2_150990.txt,1,0.0
2_020880.txt,3,0.09452464928385527
5_103140.txt,5,0.04313588375019774
5_099960.txt,7,0.04585912472232943
3_085140.txt,2,0.3395348647757918
5_134280.txt,2,0.2103559870550161
3_040020.txt,1,0.0
5_078090.txt,1,0.0
3_048810.txt,4,0.058928382107650945
5_160620.txt,2,0.0
2_021420.txt,2,0.040039545229856574
1_034440.txt,2,0.0
2_118170.txt,1,0.0
5_029670.txt,2,0.024390243902439043
2_052320.txt,8,0.05262462510057147
2_002070.txt,4,0.08695799834681762
3_046170.txt,2,0.11903204708960109
3_056430.txt,2,0.06474306757547973
3_003630.txt,2,0.0
4_051300.txt,2,0.0
4_065370.txt,1,0.0
2_021360.txt,3,0.04885579249523778
3_107460.txt,1,0.0
5_080610.txt,1,0.0
3_059370.txt,1,0.0
5_060240.txt,2,0.3154861391274278
2_064920.txt,1,0.0
5_080010.txt,3,0.01598956062394331
5_144360.txt,1,0.0
5_095100.txt,1,0.0
4_008730.txt,1,0.0
2_127800.txt,1,0.0
5_093180.txt,1,0.0
5_035430.txt,3,0.023387124882367327
2_015180.txt,1,0.0
4_013590.txt,1,0.0
4_048990.txt,1,0.0
5_020190.txt,2,0.0
2_155910.txt,1,0.0
2_012600.txt,8,0.03328788695259006
2_028620.txt,5,0.06012259769738336
2_065040.txt,1,0.0
5_125070.txt,1,0.0
2_084990.txt,7,0.02941553012289661
1_056070.txt,1,0.0
2_106920.txt,1,0.0
2_024210.txt,2,0.06528057232282576
2_061470.txt,3,0.0
3_041940.txt,3,0.08751280606660244
4_075120.txt,2,0.015861305791220966
5_126810.txt,2,0.0
4_014970.txt,2,0.08953968190376987
2_064500.txt,1,0.0
2_156000.txt,1,0.0
1_015540.txt,4,0.032503102697596715
5_120780.txt,1,0.0
4_080100.txt,1,0.0
1_038550.txt,2,0.0
3_069060.txt,1,0.0
4_026400.txt,1,0.0
2_104670.txt,6,0.03541584285959138
5_154710.txt,1,0.0
3_075960.txt,1,0.0
5_109290.txt,4,0.03586298506595509
2_096120.txt,5,0.031006734680168836
3_045360.txt,1,0.0
3_007830.txt,1,0.0
3_043440.txt,1,0.0
3_108120.txt,1,0.0
1_086370.txt,1,0.0
4_043770.txt,5,0.06483428783459283
5_146370.txt,2,0.025430463576158923
2_076650.txt,3,0.07186342508320374
5_170940.txt,3,0.0
2_113850.txt,4,0.06698663868411614
1_015840.txt,1,0.0
5_131910.txt,3,0.05856976603275865
3_119730.txt,2,0.29340106288716455
2_124800.txt,2,0.05265402972142728
2_046410.txt,1,0.0
5_011940.txt,1,0.0
4_039390.txt,2,0.09214117211711914
4_075630.txt,3,0.0019088523025531162
5_007590.txt,1,0.0
1_014673.txt,1,0.0
2_112830.txt,1,0.0
1_058500.txt,1,0.0
3_139860.txt,2,0.0
5_123030.txt,1,0.0
1_077790.txt,1,0.0
3_098880.txt,1,0.0
2_122160.txt,2,0.011669603923298221
2_013500.txt,3,0.06982741090469065
2_024240.txt,2,0.10731287349336568
5_078270.txt,1,0.0
5_107280.txt,2,0.11838870940385701
5_035490.txt,3,0.0
4_057120.txt,2,0.09445062808077609
2_098610.txt,1,0.0
2_113910.txt,6,0.05854915694871608
3_046050.txt,2,0.08226691042047529
5_154500.txt,1,0.0
5_096210.txt,2,0.014087559601213773
4_057660.txt,1,0.0
1_044640.txt,2,0.007629627967452061
3_067950.txt,1,0.0
5_011850.txt,1,0.0
1_083160.txt,1,0.0
5_146820.txt,3,0.0
4_085320.txt,2,0.33061699650756693
4_028710.txt,3,0.11036503525537537
5_094110.txt,1,0.0
2_052920.txt,6,0.027806575754272107
5_030360.txt,1,0.0
4_011520.txt,1,0.0
5_020280.txt,2,0.07650664399803138
5_061020.txt,3,0.0
3_066000.txt,1,0.0
5_062070.txt,1,0.0
1_024060.txt,4,0.025481004404768522
2_136440.txt,2,0.03648489603766183
4_076740.txt,3,0.07394465422983713
1_057300.txt,1,0.0
2_011070.txt,1,0.0
2_012120.txt,1,0.0
1_025080.txt,2,0.12883133912473357
3_019050.txt,1,0.0
2_114030.txt,6,0.04895353634633391
3_067710.txt,1,0.0
2_113460.txt,5,0.021055153756729637
3_110160.txt,5,0.04452457144344185
3_003990.txt,1,0.0
2_122370.txt,1,0.0
5_010680.txt,1,0.0
3_115740.txt,2,0.0
1_082890.txt,1,0.0
3_030840.txt,1,0.0
3_110760.txt,7,0.015713540731435632
5_128250.txt,1,0.0
5_086760.txt,1,0.0
5_100170.txt,10,0.04245848402754887
4_075840.txt,5,0.06802952372607937
4_056790.txt,1,0.0
3_102300.txt,2,0.0
1_071850.txt,1,0.0
3_036360.txt,1,0.0
3_007860.txt,1,0.0
5_123510.txt,2,0.23205506391347128
5_165900.txt,1,0.0
3_107400.txt,1,0.0
3_075120.txt,1,0.0
3_055230.txt,1,0.0
5_072300.txt,2,0.0
5_117570.txt,1,0.0
3_097470.txt,1,0.0
1_038250.txt,3,0.09799999999999996
5_069420.txt,1,0.0
5_055710.txt,1,0.0
2_065580.txt,3,0.0
4_003840.txt,3,0.002917473754693057
2_132270.txt,2,0.05248585059887211
2_113580.txt,5,0.04741037837491303
2_156330.txt,1,0.0
3_073260.txt,1,0.0
1_080100.txt,1,0.0
4_099720.txt,2,0.0
3_112140.txt,4,0.057777941133068916
4_037950.txt,1,0.0
3_081000.txt,3,0.18128133169275448
1_020160.txt,1,0.0
5_010860.txt,1,0.0
1_034740.txt,1,0.0
4_004260.txt,2,0.033125596541463014
3_084030.txt,3,0.09819296429618991
4_081930.txt,1,0.0
4_056880.txt,1,0.0
5_107190.txt,2,0.014670450286448517
5_095160.txt,2,0.0
3_101130.txt,4,0.05714124712932581
4_039510.txt,2,0.12289541600098315
4_043110.txt,4,0.03333517824904022
2_106050.txt,1,0.0
5_144540.txt,1,0.0
3_137250.txt,11,0.033950515804453955
3_075990.txt,1,0.0
4_076680.txt,3,0.039206460138005696
3_007260.txt,3,0.05562079989560905
2_064530.txt,1,0.0
5_121080.txt,1,0.0
3_018450.txt,2,0.0
3_006270.txt,9,0.041738544231127356
2_028710.txt,4,0.04423423231354784
4_059580.txt,1,0.0
2_025230.txt,3,0.11089600217268904
5_081390.txt,4,0.06716022954642152
3_130290.txt,1,0.0
5_173220.txt,3,0.0
4_087360.txt,1,0.0
4_045600.txt,1,0.0
2_069690.txt,4,0.08990418795116945
2_137850.txt,1,0.0
5_135510.txt,2,0.0689533861037818
3_118890.txt,3,0.039320021283796164
1_070650.txt,1,0.0
3_003240.txt,2,0.17551389202620296
3_019230.txt,1,0.0
3_137610.txt,7,0.03082143226632894
2_063510.txt,1,0.0
5_009600.txt,1,0.0
2_134460.txt,1,0.0
2_003780.txt,1,0.0
4_012510.txt,1,0.0
5_093810.txt,1,0.0
3_043770.txt,1,0.0
2_044730.txt,1,0.0
1_025050.txt,2,0.07072814521176689
5_042960.txt,1,0.0
1_023880.txt,5,0.023697613267246308
2_028320.txt,5,0.03108061005520175
2_096840.txt,2,0.22668778734719297
2_002940.txt,3,0.010667003963234672
3_063330.txt,2,0.0
2_002760.txt,4,0.0
3_082530.txt,1,0.0
3_084870.txt,3,0.267119449168089
2_141510.txt,1,0.0
3_036240.txt,1,0.0
3_083940.txt,3,0.17691466670339007
2_003300.txt,2,0.0
3_128220.txt,1,0.0
4_021360.txt,1,0.0
2_065100.txt,1,0.0
4_011460.txt,1,0.0
2_027480.txt,8,0.058009247973694104
4_060600.txt,6,0.06654490329481716
1_071250.txt,2,0.0
5_108690.txt,1,0.0
2_077610.txt,1,0.0
3_081600.txt,6,0.062233773081723474
2_040200.txt,2,0.07244183827242313
2_072450.txt,1,0.0
2_039000.txt,1,0.0
2_010620.txt,1,0.0
3_131910.txt,1,0.0
3_043590.txt,1,0.0
2_081540.txt,1,0.0
4_072030.txt,2,0.0
5_063750.txt,1,0.0
3_101550.txt,6,0.06403528253081282
4_013620.txt,1,0.0
3_140520.txt,2,0.045752272949457266
5_094260.txt,2,0.0
3_091530.txt,9,0.03199604491113338
2_098820.txt,1,0.0
4_079020.txt,1,0.0
2_070650.txt,4,0.06365607055766394
3_101310.txt,4,0.04854958926102995
2_138360.txt,2,0.05623547884988458
5_048030.txt,1,0.0
4_048780.txt,1,0.0
3_074940.txt,1,0.0
4_033480.txt,1,0.0
2_011430.txt,1,0.0
5_085050.txt,1,0.0
2_100680.txt,1,0.0
2_065010.txt,1,0.0
4_049350.txt,1,0.0
2_153030.txt,1,0.0
5_153990.txt,2,0.0
4_090150.txt,2,0.0
2_048720.txt,1,0.0
5_111900.txt,1,0.0
5_063660.txt,1,0.0
2_138810.txt,1,0.0
3_092850.txt,2,0.13674347936186396
5_134730.txt,1,0.0
3_140700.txt,2,0.025893035322291175
3_057840.txt,1,0.0
2_076740.txt,2,0.0
2_155940.txt,1,0.0
3_082080.txt,2,0.22741503956281667
5_126750.txt,2,0.2071535378839971
3_059430.txt,1,0.0
2_122400.txt,1,0.0
1_032370.txt,1,0.0
5_081510.txt,1,0.0
5_072240.txt,2,0.0
5_124050.txt,4,0.018126988709540697
2_025050.txt,1,0.0
5_033390.txt,1,0.0
5_146310.txt,2,0.0
4_002220.txt,2,0.0
3_109770.txt,1,0.0
4_011400.txt,1,0.0
3_057120.txt,1,0.0
4_043710.txt,7,0.025745076215877998
2_063210.txt,1,0.0
3_118830.txt,4,0.018955130522550625
3_081840.txt,3,0.04634337048901738
2_123480.txt,10,0.039888611432632524
1_086040.txt,2,0.029955944156746364
2_127110.txt,1,0.0
3_019290.txt,1,0.0
2_122010.txt,1,0.0
2_113040.txt,1,0.0
3_092610.txt,2,0.07177033492822955
5_020220.txt,2,0.004803936884861725
4_079650.txt,1,0.0
1_014661.txt,1,0.0
3_023280.txt,2,0.0
2_152760.txt,1,0.0
3_079440.txt,1,0.0
2_066360.txt,1,0.0
2_010560.txt,1,0.0
3_055020.txt,1,0.0
5_172290.txt,3,0.0
2_134880.txt,1,0.0
3_136830.txt,8,0.03247069202174847
5_073860.txt,2,0.22763337893296848
3_003780.txt,1,0.0
5_163050.txt,2,0.0
5_156210.txt,6,0.037297436651293744
2_002430.txt,8,0.06204328259146784
3_125760.txt,1,0.0
3_063150.txt,2,0.11967773666213875
2_106260.txt,1,0.0
3_019110.txt,1,0.0
5_013740.txt,2,0.0
1_024720.txt,2,0.0
5_010890.txt,1,0.0
4_065790.txt,1,0.0
5_056880.txt,4,0.044150129452851634
1_020130.txt,1,0.0
3_065940.txt,1,0.0
3_110940.txt,6,0.025820077954073224
4_036420.txt,3,0.0
3_091410.txt,7,0.024562225861585768
2_152970.txt,1,0.0
3_122310.txt,1,0.0
2_138390.txt,2,0.19695527145925856
1_019350.txt,1,0.0
3_123000.txt,1,0.0
5_170100.txt,2,0.14115259889257278
3_084000.txt,3,0.2738234698795539
3_097140.txt,1,0.0
4_080010.txt,2,0.0
3_099390.txt,1,0.0
4_087090.txt,1,0.0
4_065250.txt,1,0.0
1_016020.txt,1,0.0
2_107250.txt,3,0.0
3_031860.txt,1,0.0
5_062370.txt,1,0.0
5_093360.txt,1,0.0
3_101460.txt,7,0.037833742340541564
4_051360.txt,1,0.0
2_063750.txt,1,0.0
3_006030.txt,3,0.1249487494874949
5_132900.txt,1,0.0
2_069150.txt,4,0.044950917241414756
2_040050.txt,2,0.0
5_101940.txt,1,0.0
2_042840.txt,2,0.0
5_156090.txt,7,0.025487595509793303
4_000720.txt,4,0.061987081873413036
5_158400.txt,1,0.0
5_020490.txt,1,0.0
1_024180.txt,3,0.03150170936419259
3_073860.txt,8,0.027857495395196382
3_085560.txt,3,0.04820320079868921
2_098490.txt,2,0.0
2_065550.txt,3,0.0
3_078510.txt,2,0.11965301818471216
3_080820.txt,1,0.0
2_110670.txt,1,0.0
1_087180.txt,2,0.3038224865777891
2_131730.txt,2,0.0
2_097170.txt,1,0.0
4_011490.txt,1,0.0
2_063630.txt,1,0.0
2_020160.txt,5,0.02343923765451037
5_162090.txt,1,0.0
3_140460.txt,2,0.08744038155802861
1_077220.txt,2,0.008936550491510133
5_078060.txt,1,0.0
5_124110.txt,3,0.011714794217504215
2_065640.txt,2,0.0
2_011550.txt,1,0.0
4_042300.txt,2,0.0
5_097950.txt,1,0.0
1_085470.txt,1,0.0
1_042600.txt,1,0.0
2_127020.txt,1,0.0
3_128400.txt,1,0.0
3_127500.txt,1,0.0
4_014940.txt,2,0.17960088691796022
2_027030.txt,1,0.0
4_024930.txt,5,0.021255593923459933
5_102390.txt,1,0.0
2_117450.txt,2,0.06049382308586755
5_146070.txt,1,0.0
4_091050.txt,1,0.0
2_013050.txt,7,0.034017530611530636
3_112110.txt,4,0.03688537712305124
5_111930.txt,2,0.0
1_057030.txt,1,0.0
4_022230.txt,1,0.0
5_131850.txt,3,0.057250585957403434
2_098700.txt,1,0.0
5_144420.txt,1,0.0
4_042390.txt,1,0.0
1_058440.txt,1,0.0
1_019260.txt,1,0.0
4_085440.txt,1,0.0
5_002820.txt,1,0.0
5_127380.txt,1,0.0
5_095010.txt,1,0.0
5_158760.txt,1,0.0
2_107310.txt,3,0.05502791047717168
5_060030.txt,1,0.0
4_034980.txt,1,0.0
5_153930.txt,2,0.0
5_141210.txt,1,0.0
5_099510.txt,1,0.0
3_039990.txt,1,0.0
5_165720.txt,1,0.0
4_065520.txt,1,0.0
2_092460.txt,1,0.0
3_091170.txt,9,0.041552624435412064
2_135750.txt,2,0.5732009925558317
5_154650.txt,1,0.0
1_023400.txt,6,0.07858613014509072
2_118140.txt,1,0.0
5_109260.txt,4,0.056266620573767134
5_034110.txt,1,0.0
3_099030.txt,2,0.0
3_021390.txt,1,0.0
3_044280.txt,1,0.0
2_150960.txt,1,0.0
5_010740.txt,1,0.0
5_110250.txt,3,0.0
3_098730.txt,1,0.0
3_031890.txt,1,0.0
4_020580.txt,2,0.0
3_038880.txt,1,0.0
3_051450.txt,1,0.0
5_059160.txt,1,0.0
3_021480.txt,1,0.0
2_084570.txt,9,0.032601116296854665
4_002790.txt,3,0.04493536693796596
4_042240.txt,1,0.0
2_011010.txt,1,0.0
3_098220.txt,1,0.0
1_038580.txt,2,0.0
3_003000.txt,2,0.18228396886392748
4_004410.txt,1,0.0
5_017550.txt,1,0.0
5_039060.txt,7,0.04117254156383386
5_020940.txt,1,0.0
3_075900.txt,1,0.0
5_051660.txt,3,0.045873031148750514
5_010650.txt,1,0.0
5_178380.txt,1,0.0
1_077250.txt,2,0.05969428801287204
2_123000.txt,6,0.041031753390750554
4_010710.txt,3,0.04266699838288351
1_087660.txt,5,0.06260416428707952
5_055650.txt,1,0.0
3_105270.txt,1,0.0
3_111840.txt,1,0.0
1_040950.txt,1,0.0
4_081000.txt,1,0.0
5_170880.txt,3,0.0
2_148080.txt,5,0.08254707113943076
1_067800.txt,1,0.0
2_117690.txt,1,0.0
2_076230.txt,9,0.037633313121555184
2_077730.txt,1,0.0
3_125730.txt,1,0.0
2_112230.txt,1,0.0
5_025800.txt,1,0.0
5_022170.txt,5,0.0184170245341889
4_003810.txt,3,0.0
3_110880.txt,6,0.041430212450573954
4_029490.txt,2,0.19578435346574782
5_094470.txt,3,0.03441338415925455
2_109110.txt,1,0.0
5_179700.txt,1,0.0
2_076410.txt,5,0.01927462851574055
4_092430.txt,1,0.0
3_097110.txt,1,0.0
2_070530.txt,3,0.023931570175915327
3_059310.txt,1,0.0
5_060540.txt,2,0.08471420592068503
2_105780.txt,3,0.016765127550264814
3_006810.txt,4,0.007500535752553758
5_180300.txt,1,0.0
4_000960.txt,2,0.05637331663012838
4_084360.txt,5,0.030684139962987335
2_136410.txt,2,0.03813918448064775
5_133110.txt,2,0.0
5_144600.txt,1,0.0
3_137370.txt,10,0.027191995318519478
3_039900.txt,1,0.0
2_053040.txt,5,0.02797028110533482
4_039960.txt,3,0.024834610941930093
2_040260.txt,2,0.0
3_098520.txt,1,0.0
4_038070.txt,1,0.0
5_056190.txt,2,0.0
4_085980.txt,1,0.0
3_054210.txt,1,0.0
3_073440.txt,1,0.0
5_093330.txt,1,0.0
3_080910.txt,1,0.0
4_028260.txt,1,0.0
2_033810.txt,1,0.0
3_096960.txt,2,0.0
5_034170.txt,1,0.0
5_154200.txt,2,0.06452481617232833
2_107610.txt,3,0.059591862271465824
4_051180.txt,2,0.09393271350522384
2_139860.txt,1,0.0
4_023820.txt,2,0.0
2_032610.txt,1,0.0
5_053520.txt,1,0.0
2_137130.txt,2,0.2974845060153117
4_043620.txt,6,0.042404265945428996
5_109710.txt,3,0.01752738654147103
5_027930.txt,7,0.0417255010667507
3_041220.txt,9,0.04547015442130231
5_037500.txt,1,0.0
1_034260.txt,1,0.0
1_032160.txt,1,0.0
4_085200.txt,3,0.055884377150722676
2_065820.txt,2,0.132
2_021180.txt,3,0.09247020951855449
4_060540.txt,6,0.04293142841374469
2_155160.txt,2,0.0
2_033630.txt,1,0.0
5_102060.txt,1,0.0
4_058860.txt,2,0.0
3_000030.txt,1,0.0
2_013200.txt,4,0.01237898746230755
2_013260.txt,4,0.02894521326950657
3_121080.txt,1,0.0
3_084060.txt,2,0.17587709240999766
4_017490.txt,1,0.0
1_077310.txt,2,0.0162667340237434
3_057960.txt,1,0.0
1_016260.txt,1,0.0
5_051780.txt,2,0.0
2_136350.txt,2,0.026590577950461453
4_040410.txt,1,0.0
5_075150.txt,1,0.0
2_070500.txt,1,0.0
3_086190.txt,1,0.0
4_011580.txt,1,0.0
2_063660.txt,1,0.0
1_042540.txt,1,0.0
1_033240.txt,4,0.021655689391086013
2_105750.txt,3,0.03483487269058195
5_063630.txt,1,0.0
3_141390.txt,1,0.0
5_134550.txt,2,0.0028566461962249365
3_073560.txt,2,0.10349661694303174
1_039120.txt,3,0.012806437255533374
3_082380.txt,2,0.0
4_080160.txt,1,0.0
4_040890.txt,1,0.0
2_112530.txt,1,0.0
2_020850.txt,3,0.081377346853167
1_007110.txt,2,0.0
2_034860.txt,6,0.02660793192714757
2_066240.txt,1,0.0
4_078780.txt,2,0.0
2_147840.txt,7,0.06494903101612806
3_043920.txt,1,0.0
5_091530.txt,5,0.05457470337607394
2_107760.txt,1,0.0
2_097200.txt,1,0.0
5_045900.txt,1,0.0
4_085680.txt,1,0.0
4_011670.txt,1,0.0
4_035100.txt,1,0.0
4_029250.txt,3,0.0825072121541505
5_132150.txt,1,0.0
5_123930.txt,4,0.024176639050833587
5_112620.txt,1,0.0
3_076170.txt,1,0.0
5_106470.txt,1,0.0
2_028680.txt,5,0.03388175080926668
5_104940.txt,1,0.0
5_097140.txt,1,0.0
3_006690.txt,6,0.05979020871316858
3_083820.txt,2,0.10250569476082044
4_050850.txt,1,0.0
3_122940.txt,1,0.0
2_117360.txt,2,0.04437353542404131
4_090810.txt,1,0.0
5_159930.txt,1,0.0
3_078540.txt,2,0.14060396230044242
3_091950.txt,2,0.07194363862411943
3_051090.txt,2,0.06068805566292966
4_080910.txt,1,0.0
4_090510.txt,3,0.1126116088178896
3_085410.txt,2,0.37104969203325233
2_020340.txt,1,0.0
2_156060.txt,1,0.0
4_090540.txt,3,0.0940997469401398
3_006870.txt,3,0.006536173744639651
5_160710.txt,4,0.03252707344691902
3_017010.txt,5,0.11672722645733975
4_075960.txt,4,0.052414078013906094
4_013200.txt,2,0.0
4_037440.txt,1,0.0
4_029460.txt,2,0.13486248274397375
2_027900.txt,6,0.0443946656872084
5_131610.txt,3,0.07477174939657887
5_115590.txt,1,0.0
3_119490.txt,2,0.03466289717903019
3_082440.txt,2,0.0
2_099660.txt,1,0.0
2_002880.txt,4,0.0473160548570677
4_043800.txt,3,0.09251733724628321
5_127920.txt,2,0.0
3_116190.txt,1,0.0
4_028290.txt,1,0.0
3_080670.txt,1,0.0
3_074340.txt,4,0.03760895137483295
4_048810.txt,1,0.0
5_083400.txt,1,0.0
5_030900.txt,1,0.0
5_055680.txt,1,0.0
3_044430.txt,1,0.0
1_034920.txt,1,0.0
1_073920.txt,1,0.0
5_112050.txt,1,0.0
5_035160.txt,3,0.06167077805187013
5_112500.txt,1,0.0
1_034560.txt,1,0.0
5_043080.txt,1,0.0
5_133950.txt,1,0.0
2_012270.txt,1,0.0
1_014631.txt,1,0.0
5_080670.txt,2,0.0
2_064980.txt,1,0.0
2_105300.txt,4,0.05782057000828792
1_024360.txt,2,0.17537430635535545
2_052800.txt,8,0.04915553431911525
4_065430.txt,1,0.0
3_085530.txt,3,0.12167087688077867
2_132090.txt,2,0.24625444913500544
3_136230.txt,2,0.0
4_072120.txt,2,0.06793885503047233
2_117240.txt,2,0.0
2_002310.txt,11,0.04381963595605482
3_042540.txt,1,0.0
4_033330.txt,1,0.0
2_063480.txt,1,0.0
1_071580.txt,1,0.0
1_072750.txt,1,0.0
5_011880.txt,1,0.0
5_109350.txt,5,0.04941051280591781
4_083760.txt,4,0.046458882688321136
2_005760.txt,1,0.0
4_098370.txt,1,0.0
2_124170.txt,1,0.0
4_043650.txt,6,0.04180735201878945
3_045420.txt,1,0.0
4_000900.txt,3,0.0
1_070440.txt,1,0.0
3_121260.txt,1,0.0
3_067680.txt,1,0.0
4_090360.txt,2,0.06865649533402464
3_044760.txt,1,0.0
3_021780.txt,1,0.0
3_072930.txt,1,0.0
4_021090.txt,2,0.0
5_073380.txt,2,0.0
3_078660.txt,1,0.0
5_094950.txt,1,0.0
2_066720.txt,2,0.0
1_033480.txt,7,0.02941091255666067
3_053070.txt,1,0.0
3_032010.txt,1,0.0
5_146640.txt,1,0.0
2_042810.txt,3,0.0
4_045780.txt,1,0.0
2_061170.txt,4,0.009413392774468907
4_068400.txt,4,0.0
5_020130.txt,1,0.0
5_107430.txt,2,0.005634437683119304
4_081990.txt,1,0.0
2_116700.txt,1,0.0
4_082230.txt,1,0.0
2_014550.txt,2,0.0
5_099540.txt,1,0.0
2_028830.txt,1,0.0
2_010890.txt,2,0.0
4_051210.txt,2,0.035297962741039364
1_073710.txt,1,0.0
4_077790.txt,1,0.0
5_115800.txt,1,0.0
4_058830.txt,2,0.0
2_112770.txt,1,0.0
3_029130.txt,1,0.0
2_123360.txt,10,0.04357233888551999
4_033900.txt,1,0.0
2_066060.txt,1,0.0
2_032730.txt,1,0.0
3_117690.txt,4,0.041703780117741174
4_090090.txt,2,1.1176217987823524e-06
1_040680.txt,1,0.0
2_088800.txt,1,0.0
1_071550.txt,1,0.0
2_132390.txt,2,0.0
4_084720.txt,4,0.019860104921309067
2_046680.txt,1,0.0
5_033420.txt,1,0.0
2_027000.txt,1,0.0
3_110400.txt,6,0.02953812048472537
5_010290.txt,2,0.10188492063492068
3_068190.txt,1,0.0
4_085950.txt,1,0.0
4_036300.txt,5,0.036070201332542
3_063210.txt,2,0.32444444444444454
4_087330.txt,1,0.0
4_057690.txt,1,0.0
4_018930.txt,4,0.05109750707026101
2_060390.txt,6,0.05939259884769903
4_051000.txt,2,0.08488964346349744
5_161550.txt,2,0.0
5_063570.txt,1,0.0
3_140580.txt,2,0.0
1_062910.txt,1,0.0
5_154260.txt,2,0.13303076741718736
3_084120.txt,2,0.10523421028508569
2_114090.txt,5,0.019413847428974673
2_155220.txt,2,0.0
1_087840.txt,8,0.03222526522873439
4_035070.txt,1,0.0
3_068400.txt,1,0.0
4_090840.txt,1,0.0
3_114390.txt,1,0.0
2_024510.txt,1,0.0
5_043140.txt,1,0.0
3_041100.txt,9,0.04932907543563453
2_003180.txt,3,0.03387687581235969
3_067890.txt,1,0.0
3_042000.txt,3,0.1267821695830884
5_161610.txt,2,0.0
2_056130.txt,1,0.0
5_158460.txt,2,0.0
4_028800.txt,2,0.0
3_121110.txt,1,0.0
3_007500.txt,2,0.6052951917224586
5_100230.txt,9,0.05136490141871002
3_129990.txt,1,0.0
2_015030.txt,1,0.0
3_090570.txt,2,0.0
3_006150.txt,7,0.03847319656558124
1_038310.txt,3,0.0
4_055350.txt,1,0.0
3_140010.txt,2,0.0
2_065970.txt,1,0.0
1_072030.txt,1,0.0
5_085230.txt,1,0.0
2_069750.txt,4,0.10309191599324737
4_042210.txt,1,0.0
5_033300.txt,1,0.0
5_013680.txt,2,0.10891089108910887
5_033210.txt,1,0.0
5_136440.txt,2,0.0
5_107100.txt,2,0.023519599666388707
4_013500.txt,1,0.0
1_039360.txt,3,0.0
3_073050.txt,2,0.0
2_151710.txt,1,0.0
3_126540.txt,4,0.10518716323439414
5_178530.txt,1,0.0
3_099000.txt,2,0.0
4_021150.txt,2,0.0
5_051240.txt,3,0.04329965860672532
4_048750.txt,1,0.0
2_088890.txt,1,0.0
3_049440.txt,2,0.0
1_044580.txt,2,0.055779495864385145
2_002520.txt,7,0.0642647773679293
2_124020.txt,2,0.0
4_082260.txt,1,0.0
2_083730.txt,1,0.0
1_007320.txt,1,0.0
2_100590.txt,1,0.0
1_071610.txt,1,0.0
3_102240.txt,2,0.0
2_068430.txt,1,0.0
5_094380.txt,3,0.04865934458635556
4_014670.txt,1,0.0
5_115680.txt,1,0.0
5_013890.txt,1,0.0
5_098070.txt,1,0.0
5_160680.txt,3,8.126119629857746e-07
3_047970.txt,1,0.0
5_009840.txt,2,0.0
2_003340.txt,1,0.0
3_092730.txt,3,0.004369780743477267
3_073410.txt,1,0.0
5_080070.txt,3,0.22134424533182825
4_083940.txt,6,0.017678804569624913
2_044520.txt,1,0.0
1_014613.txt,1,0.0
3_025620.txt,1,0.0
2_010950.txt,1,0.0
5_020310.txt,2,0.0
4_057300.txt,3,0.0
2_071790.txt,1,0.0
3_030660.txt,1,0.0
5_106590.txt,1,0.0
4_079740.txt,1,0.0
3_136140.txt,2,0.0
2_113280.txt,1,0.0
4_075600.txt,5,0.0635257033157444
5_131730.txt,4,0.040556892009732906
2_106080.txt,1,0.0
4_050940.txt,1,0.0
2_109230.txt,1,0.0
5_155970.txt,5,0.023408428517759754
3_072300.txt,1,0.0
3_101760.txt,4,0.02453067347849004
3_049200.txt,5,0.06212557735528573
2_049590.txt,1,0.0
4_033420.txt,1,0.0
1_058770.txt,1,0.0
5_069630.txt,1,0.0
3_028890.txt,1,0.0
5_141330.txt,1,0.0
3_136890.txt,11,0.026550355656898478
3_093090.txt,1,0.0
2_117540.txt,2,0.02162073805774005
2_011160.txt,1,0.0
2_096420.txt,5,0.0056741312949859435
1_024480.txt,3,0.10415845129667356
3_097770.txt,4,0.01971239143383815
2_137100.txt,1,0.0
4_002910.txt,2,0.0
1_058830.txt,1,0.0
2_052500.txt,12,0.038029731221387225
5_127890.txt,2,0.06445603576751122
2_106110.txt,1,0.0
3_116880.txt,2,0.0479718466382663
3_025830.txt,1,0.0
5_066060.txt,3,0.044441811213586195
4_013320.txt,1,0.0
3_000120.txt,1,0.0
2_135120.txt,2,0.0
5_060780.txt,2,0.22859325460804739
2_083790.txt,1,0.0
4_058530.txt,1,0.0
2_005610.txt,1,0.0
4_084060.txt,2,0.0
2_051780.txt,1,0.0
4_075540.txt,7,0.04941001467972633
4_090030.txt,2,0.0
4_083040.txt,1,0.0
3_058710.txt,2,0.31136265940679186
2_148260.txt,4,0.04094789391064738
5_061440.txt,3,0.04744573299241467
2_127860.txt,1,0.0
2_011460.txt,1,0.0
5_074100.txt,1,0.0
3_028980.txt,1,0.0
1_038370.txt,2,0.0
3_021570.txt,1,0.0
3_074220.txt,6,0.02055088317666383
2_015300.txt,1,0.0
1_025380.txt,2,0.15988078048454438
4_058680.txt,1,0.0
2_061500.txt,3,0.0
4_059880.txt,5,0.039841070024901365
4_079170.txt,1,0.0
3_035040.txt,1,0.0
5_074220.txt,1,0.0
2_066810.txt,1,0.0
3_044670.txt,1,0.0
5_097890.txt,1,0.0
5_106380.txt,1,0.0
5_082590.txt,4,0.04131275737162828
3_098580.txt,1,0.0
4_078900.txt,3,0.1432927101704926
1_045180.txt,5,0.048332373744753854
5_127770.txt,2,0.017075773745997804
3_090840.txt,3,0.04168306296805601
5_085410.txt,1,0.0
5_108150.txt,1,0.0
5_105000.txt,1,0.0
3_018360.txt,5,0.016353257073257653
4_086970.txt,2,0.0
3_103320.txt,1,0.0
2_002640.txt,7,0.04883148949690842
5_022110.txt,6,0.05272278465908954
5_033180.txt,1,0.0
3_080850.txt,1,0.0
1_072630.txt,1,0.0
5_103230.txt,1,0.0
1_033660.txt,4,0.0010492739024594944
3_046680.txt,1,0.0
3_039600.txt,3,0.047332518275418234
2_021120.txt,3,0.10123971561703894
4_043680.txt,7,0.028823550370879854
2_090420.txt,1,0.0
5_051420.txt,5,0.0850192281552
2_086640.txt,1,0.0
3_054030.txt,1,0.0
2_100650.txt,1,0.0
4_021270.txt,1,0.0
3_023220.txt,4,0.0
3_054300.txt,1,0.0
5_063720.txt,1,0.0
5_002970.txt,1,0.0
3_086040.txt,2,0.20434782608695673
3_053010.txt,1,0.0
4_090720.txt,2,0.0151324085750315
2_010800.txt,2,0.0
3_043830.txt,1,0.0
2_055740.txt,2,0.06988817891373802
3_097170.txt,1,0.0
2_056460.txt,1,0.0
2_033900.txt,1,0.0
5_085920.txt,1,0.0
3_059400.txt,1,0.0
5_169800.txt,3,0.0
3_085980.txt,2,0.12479796813668903
3_002790.txt,2,0.0
5_002940.txt,1,0.0
1_040890.txt,1,0.0
2_052020.txt,1,0.0
2_100470.txt,1,0.0
1_077760.txt,1,0.0
5_102510.txt,1,0.0
3_062940.txt,1,0.0
4_065340.txt,1,0.0
3_002910.txt,2,0.06378495358505602
2_042240.txt,7,0.02695702343436706
2_111660.txt,1,0.0
4_023610.txt,1,0.0
5_055590.txt,1,0.0
5_154470.txt,1,0.0
5_134250.txt,2,0.19492846012183032
1_087930.txt,7,0.026266749907471576
1_044460.txt,2,0.07578624853564023
4_070350.txt,1,0.0
3_098100.txt,4,0.013456012399794576
4_060420.txt,9,0.0720199172001142
3_067290.txt,2,0.0
2_104790.txt,6,0.04444214674998688
4_079860.txt,1,0.0
4_008850.txt,1,0.0
3_051030.txt,2,0.0
5_154920.txt,1,0.0
2_090330.txt,1,0.0
1_037590.txt,1,0.0
5_081030.txt,2,0.0
4_014580.txt,1,0.0
4_070230.txt,1,0.0
5_058620.txt,1,0.0
2_111690.txt,1,0.0
5_071370.txt,2,0.0
1_085890.txt,1,0.0
5_116100.txt,1,0.0
2_156120.txt,1,0.0
5_072960.txt,3,0.015410645199530157
4_079140.txt,1,0.0
5_098010.txt,1,0.0
3_127560.txt,1,0.0
4_020640.txt,3,0.005470680489306196
4_008670.txt,1,0.0
4_072060.txt,2,0.043392160288892916
2_064230.txt,1,0.0
3_057600.txt,1,0.0
2_084870.txt,11,0.022104537861106915
3_042120.txt,2,0.1322408575585877
3_046560.txt,1,0.0
1_058410.txt,1,0.0
5_133350.txt,1,0.0
2_042420.txt,6,0.029693742761951105
3_010050.txt,1,0.0
5_158280.txt,1,0.0
4_004470.txt,1,0.0
5_110310.txt,2,0.0
5_070830.txt,3,0.023131300455933385
1_044850.txt,2,0.0
1_086340.txt,2,0.1494207940673711
3_136020.txt,2,0.0
3_054990.txt,1,0.0
5_094890.txt,1,0.0
4_040140.txt,3,0.06339168026702086
4_034920.txt,1,0.0
5_097860.txt,1,0.0
3_055290.txt,1,0.0
3_127380.txt,1,0.0
5_119910.txt,4,0.0966481209010072
5_026050.txt,2,0.15631328334519187
5_082530.txt,6,0.011394686423381777
2_021480.txt,1,0.0
5_011910.txt,1,0.0
2_137790.txt,1,0.0
1_072930.txt,1,0.0
4_051120.txt,3,0.0
3_077640.txt,1,0.0
2_100740.txt,1,0.0
4_081180.txt,1,0.0
3_114450.txt,1,0.0
5_118650.txt,2,0.10088164285396216
4_091110.txt,1,0.0
4_043590.txt,6,0.026196197730528916
3_073320.txt,2,0.0
3_007170.txt,5,0.06043012059006404
1_080280.txt,1,0.0
2_114390.txt,1,0.0
3_017550.txt,6,0.03792116212073793
5_042930.txt,1,0.0
3_084810.txt,4,0.14389907720862646
4_007110.txt,1,0.0
3_097800.txt,4,0.01714123677292111
2_113670.txt,5,0.04652998572497492
2_019680.txt,5,0.030114919538167723
2_055920.txt,1,0.0
5_131670.txt,4,0.05715756980415295
4_075720.txt,5,0.062000997559507554
5_058260.txt,2,0.15255731922398577
4_028470.txt,1,0.0
4_043320.txt,4,0.0021243261902865137
5_033900.txt,1,0.0
4_081810.txt,1,0.0
4_065460.txt,1,0.0
4_055530.txt,1,0.0
2_055710.txt,2,0.0
4_015000.txt,2,0.0
5_103080.txt,5,0.03089603762017365
1_062760.txt,1,0.0
2_032490.txt,1,0.0
4_010860.txt,1,0.0
2_131910.txt,2,0.005629838142153361
3_057870.txt,1,0.0
5_102450.txt,1,0.0
2_128040.txt,1,0.0
5_035310.txt,3,0.02745210177742104
3_139890.txt,3,0.0
4_086010.txt,1,0.0
4_033510.txt,1,0.0
3_017070.txt,5,0.12453652981956671
1_007200.txt,1,0.0
3_114540.txt,1,0.0
1_082740.txt,1,0.0
4_019500.txt,2,0.002209850835068606
4_029130.txt,3,0.10668471854473555
3_140760.txt,2,0.0
2_065790.txt,1,0.0
5_073200.txt,3,0.0168665667166417
3_097560.txt,2,0.0
3_116970.txt,2,0.0
2_061560.txt,3,0.1746210756947512
2_154980.txt,2,0.0
2_085530.txt,3,0.018081603634382052
3_086070.txt,2,0.12670781607601075
5_089010.txt,1,0.0
5_099690.txt,1,0.0
5_134610.txt,2,0.0
3_120810.txt,1,0.0
5_115050.txt,2,0.0
2_128010.txt,1,0.0
4_024180.txt,1,0.0
2_026970.txt,1,0.0
5_114870.txt,1,0.0
2_136770.txt,2,0.05080266687877282
3_039780.txt,1,0.0
3_082560.txt,1,0.0
3_102420.txt,1,0.0
3_111420.txt,1,0.0
3_073680.txt,8,0.04810219710038037
4_085650.txt,1,0.0
5_010320.txt,2,0.10636363636363673
2_025200.txt,3,0.1338941329572704
5_002790.txt,1,0.0
2_136560.txt,2,0.057923415690079944
2_135360.txt,2,0.18009489614640758
3_111120.txt,2,0.04246180877544039
2_113130.txt,1,0.0
4_028320.txt,1,0.0
5_134070.txt,1,0.0
2_121710.txt,1,0.0
5_102030.txt,1,0.0
5_127080.txt,1,0.0
3_022950.txt,6,0.008993176383862064
3_091350.txt,8,0.03738223398658994
3_054000.txt,1,0.0
2_150930.txt,1,0.0
2_081630.txt,1,0.0
2_127920.txt,1,0.0
2_072480.txt,1,0.0
2_137190.txt,1,0.0
3_006450.txt,8,0.043989951955654354
2_151080.txt,2,0.0
2_154440.txt,5,0.05966936437127708
2_135180.txt,2,0.0
5_079950.txt,3,0.0048303874097897935
4_091470.txt,4,0.039418813796409095
3_004290.txt,1,0.0
4_095820.txt,1,0.0
5_060930.txt,3,0.0
5_157380.txt,2,0.0
1_032310.txt,1,0.0
3_043620.txt,1,0.0
3_066990.txt,1,0.0
2_151740.txt,1,0.0
2_011310.txt,1,0.0
1_083070.txt,1,0.0
3_041760.txt,4,0.019025666407005124
5_037530.txt,1,0.0
3_045960.txt,2,0.03977798334875108
2_107430.txt,3,0.03449778055966767
4_010920.txt,1,0.0
4_002250.txt,2,0.1558655277799545
2_095880.txt,13,0.03426030432680732
1_012900.txt,1,0.0
1_073350.txt,1,0.0
5_126690.txt,1,0.0
2_065370.txt,2,0.13412200696771495
2_153960.txt,5,0.05034500335203988
4_031620.txt,1,0.0
2_137760.txt,1,0.0
3_087240.txt,1,0.0
2_028650.txt,5,0.04288483676374808
1_010500.txt,1,0.0
3_048210.txt,6,0.06626837760622557
4_043410.txt,5,0.03507326068955584
4_031470.txt,2,0.0
3_099120.txt,1,0.0
5_144570.txt,1,0.0
3_019440.txt,1,0.0
4_025740.txt,4,0.03563532337608694
4_030120.txt,1,0.0
2_061830.txt,3,0.015283274884147326
1_062820.txt,1,0.0
2_070830.txt,2,0.0
3_126000.txt,1,0.0
2_003060.txt,2,0.09119525137152625
2_041070.txt,1,0.0
3_032970.txt,5,0.06841936466874658
2_136470.txt,2,0.026203444722508486
3_023310.txt,2,0.006690792795825553
5_095340.txt,2,0.02217271377042224
4_014010.txt,1,0.0
4_057210.txt,2,0.07919138397742309
4_039420.txt,2,0.09348804376599312
4_021210.txt,1,0.0
3_003030.txt,2,0.07394594594594604
2_104700.txt,5,0.05278847451729553
3_117120.txt,1,0.0
1_012960.txt,1,0.0
5_095280.txt,2,0.0
5_119760.txt,4,0.042644932226519695
3_028920.txt,1,0.0
3_004260.txt,1,0.0
5_165780.txt,1,0.0
5_102300.txt,1,0.0
2_121590.txt,1,0.0
5_107220.txt,2,0.0702136075949367
2_151230.txt,2,0.0
3_003360.txt,3,0.025359212201522582
2_100620.txt,1,0.0
4_052140.txt,5,0.01579075483105797
5_047850.txt,2,0.05633802816901429
5_153660.txt,1,0.0
5_017490.txt,1,0.0
5_080760.txt,2,0.0
2_010740.txt,1,0.0
3_034200.txt,1,0.0
3_085770.txt,2,0.14782608695652183
3_073500.txt,1,0.0
5_073560.txt,3,0.0
4_082050.txt,1,0.0
4_010830.txt,1,0.0
4_014700.txt,1,0.0
1_042690.txt,1,0.0
5_026340.txt,2,0.0
1_070530.txt,1,0.0
1_063540.txt,1,0.0
3_054900.txt,1,0.0
1_007140.txt,2,0.0
4_042420.txt,1,0.0
3_076200.txt,1,0.0
5_137370.txt,1,0.0
2_014310.txt,1,0.0
4_092490.txt,1,0.0
2_110430.txt,1,0.0
1_088020.txt,5,0.005562897573818671
2_154740.txt,3,0.0
3_115800.txt,2,0.0
5_020730.txt,3,0.0
3_116010.txt,1,0.0
4_045510.txt,1,0.0
4_020190.txt,1,0.0
5_080790.txt,3,0.0
4_084300.txt,4,0.022517567248546463
5_080280.txt,1,0.0
2_137160.txt,2,0.0
4_092550.txt,1,0.0
4_044190.txt,5,0.042338590709607146
5_171180.txt,4,0.12130515911670796
3_085890.txt,1,0.0
3_044160.txt,1,0.0
5_155250.txt,1,0.0
1_019320.txt,1,0.0
2_025320.txt,3,0.022459893048128374
3_084930.txt,3,0.2086135627433882
4_084000.txt,2,0.0
3_101190.txt,3,0.052922529774026054
4_087270.txt,1,0.0
5_126870.txt,1,0.0
5_033600.txt,1,0.0
4_057720.txt,1,0.0
2_136650.txt,2,0.10334552349993217
3_033150.txt,4,0.07933518408855168
5_009660.txt,1,0.0
3_136950.txt,9,0.034186956269092225
4_015060.txt,1,0.0
5_147060.txt,2,0.0
3_143040.txt,1,0.0
2_015240.txt,1,0.0
5_093420.txt,1,0.0
3_118650.txt,7,0.04347586389363678
5_123600.txt,2,0.20161433088060146
2_070230.txt,1,0.0
2_156090.txt,1,0.0
2_077040.txt,2,0.0
2_056400.txt,1,0.0
5_134220.txt,2,0.1707294805076234
4_008700.txt,1,0.0
5_127140.txt,1,0.0
2_122130.txt,2,0.0
5_051210.txt,3,0.038972237543666105
3_048030.txt,3,0.004263171872424471
3_021690.txt,2,0.0
4_058470.txt,1,0.0
4_049920.txt,2,0.0
4_045870.txt,1,0.0
5_127260.txt,1,0.0
3_114360.txt,1,0.0
1_033600.txt,4,0.03748165216659041
3_063240.txt,2,0.17664930555555572
2_106290.txt,1,0.0
4_002400.txt,2,0.1152796725784447
4_022680.txt,1,0.0
5_002850.txt,1,0.0
2_092730.txt,1,0.0
2_105420.txt,4,0.0255508557333452
5_061200.txt,3,0.05101965026970721
2_122910.txt,1,0.0
2_049620.txt,1,0.0
2_004020.txt,1,0.0
2_002280.txt,9,0.060622977540584926
5_180330.txt,1,0.0
2_069390.txt,4,0.008967139308017505
2_055980.txt,1,0.0
4_060840.txt,2,0.0
3_054150.txt,1,0.0
4_050880.txt,1,0.0
1_070950.txt,1,0.0
