Model,Seed,mAP,mAP_50,mAP_75
Faster R-CNN,0,67.4,95.5,80.60000000000001
Faster R-CNN,1,68.5,94.5,83.39999999999999
Faster R-CNN,2,69.6,94.8,86.4
Faster R-CNN,3,69.8,95.3,84.89999999999999
Faster R-CNN,4,68.60000000000001,95.5,85.9
