width,height,area
0.1875,0.55625,0.10429687500000001
0.19062500000000002,0.609375,0.11616210937500002
0.26875,0.296875,0.07978515625
0.109375,0.440625,0.048193359375
0.184375,0.421875,0.077783203125
0.23750000000000002,0.415625,0.09871093750000001
0.259375,0.603125,0.15643554687500003
0.184375,0.46875,0.08642578125
0.22812500000000002,0.4625,0.10550781250000002
0.30000000000000004,0.49062500000000003,0.14718750000000003
0.15625,0.353125,0.05517578125
0.16562500000000002,0.41875,0.06935546875000001
0.115625,0.565625,0.06540039062500001
0.178125,0.253125,0.045087890625
0.21875,0.596875,0.13056640625000002
0.2,0.5593750000000001,0.11187500000000002
0.19062500000000002,0.484375,0.09233398437500001
0.234375,0.6156250000000001,0.14428710937500003
0.25625000000000003,0.64375,0.16496093750000004
0.22812500000000002,0.115625,0.026376953125000005
0.165625,0.596875,0.098857421875
0.18125000000000002,0.3125,0.05664062500000001
0.19687500000000002,0.49062500000000003,0.09659179687500001
0.25,0.6125,0.153125
0.17500000000000002,0.496875,0.086953125
0.178125,0.484375,0.08627929687500001
0.19687500000000002,0.534375,0.10520507812500002
0.09062500000000001,0.4375,0.03964843750000001
0.1375,0.56875,0.078203125
0.184375,0.609375,0.11235351562500001
0.153125,0.603125,0.09235351562500001
0.171875,0.259375,0.044580078125000006
0.178125,0.3375,0.06011718750000001
0.23125,0.565625,0.13080078125000003
0.215625,0.34375,0.07412109375
0.184375,0.4,0.07375000000000001
0.18125000000000002,0.446875,0.08099609375000001
0.203125,0.49062500000000003,0.09965820312500001
0.384375,0.546875,0.210205078125
0.19875776397515527,0.5327102803738317,0.10588030417368083
0.184375,0.525,0.096796875
0.253125,0.5906250000000001,0.149501953125
0.21250000000000002,0.50625,0.10757812500000001
0.24375000000000002,0.465625,0.11349609375000001
0.2,0.27187500000000003,0.05437500000000001
0.23750000000000002,0.578125,0.13730468750000002
0.2375,0.6125,0.14546875
0.2375,0.328125,0.0779296875
0.203125,0.471875,0.09584960937499999
0.215625,0.2625,0.05660156250000001
0.221875,0.328125,0.072802734375
0.15,0.3375,0.050625
0.190625,0.096875,0.018466796875
0.43125,0.525,0.22640625000000003
0.259375,0.634375,0.164541015625
0.18012422360248445,0.46417445482866043,0.08360906329211895
0.21739130434782608,0.5264797507788161,0.11445211973452525
0.16459627329192544,0.514018691588785,0.08460556103790559
0.30625,0.30000000000000004,0.09187500000000003
0.1875,0.51875,0.09726562500000001
0.253125,0.4625,0.1170703125
0.275,0.184375,0.05070312500000001
0.22187500000000002,0.496875,0.11024414062500001
0.1625,0.40937500000000004,0.0665234375
0.19375,0.521875,0.10111328124999999
0.209375,0.525,0.109921875
0.24375000000000002,0.584375,0.14244140625
0.22812500000000002,0.584375,0.13331054687500002
0.275,0.525,0.14437500000000003
0.45,0.278125,0.12515625
0.16875,0.33125000000000004,0.05589843750000001
0.290625,0.584375,0.169833984375
0.215625,0.65625,0.14150390625
0.384375,0.49375,0.18978515625000003
0.22812500000000002,0.15625,0.03564453125
0.25,0.375,0.09375
0.178125,0.45,0.08015625
0.16875,0.5,0.084375
0.3125,0.509375,0.1591796875
0.253125,0.4375,0.11074218749999999
0.1875,0.47500000000000003,0.0890625
0.184375,0.50625,0.09333984375
0.215625,0.553125,0.119267578125
0.225,0.559375,0.125859375
0.228125,0.46875,0.10693359375
0.16875,0.45,0.0759375
0.359375,0.61875,0.22236328125000002
0.28750000000000003,0.603125,0.17339843750000003
0.15000000000000002,0.3125,0.04687500000000001
0.234375,0.571875,0.134033203125
0.31562500000000004,0.65625,0.20712890625000002
0.275,0.640625,0.176171875
0.125,0.17500000000000002,0.021875000000000002
0.242236,0.535826,0.129796346936
0.184375,0.565625,0.10428710937500002
0.246875,0.134375,0.033173828125
0.253125,0.6125,0.1550390625
0.21875,0.571875,0.12509765625
0.16562500000000002,0.40937500000000004,0.06780273437500002
0.16875,0.38125,0.0643359375
0.3375,0.453125,0.15292968750000002
0.19062500000000002,0.45625000000000004,0.08697265625000002
0.1625,0.403125,0.0655078125
0.1875,0.521875,0.09785156249999999
0.0625,0.528125,0.0330078125
0.2625,0.353125,0.09269531250000002
0.246875,0.628125,0.15506835937500002
0.20625000000000002,0.546875,0.11279296875000001
0.36875,0.4625,0.17054687500000001
0.13125,0.515625,0.06767578125
0.134375,0.571875,0.076845703125
0.21875,0.515625,0.11279296875
0.19687500000000002,0.48125,0.09474609375000001
0.140625,0.615625,0.08657226562499999
0.16562500000000002,0.55625,0.09212890625000002
0.15937500000000002,0.4,0.06375000000000001
0.13125,0.49062500000000003,0.06439453125000001
0.10312500000000001,0.44062500000000004,0.04543945312500001
0.153125,0.509375,0.077998046875
0.153125,0.259375,0.03971679687500001
0.18125000000000002,0.4,0.07250000000000001
0.1625,0.41250000000000003,0.06703125000000001
0.15625,0.35625,0.0556640625
0.146875,0.44375000000000003,0.06517578125000001
0.18125000000000002,0.45625000000000004,0.08269531250000002
0.234375,0.084375,0.019775390625
0.25,0.475,0.11875
0.203125,0.325,0.06601562500000001
0.1875,0.49062500000000003,0.0919921875
0.171875,0.46875,0.08056640625
0.234375,0.465625,0.109130859375
0.325,0.5281250000000001,0.17164062500000002
0.246875,0.615625,0.151982421875
0.165625,0.353125,0.058486328125
0.16875,0.353125,0.05958984375000001
0.146875,0.4,0.058750000000000004
0.16875,0.440625,0.07435546875
0.1625,0.45625,0.074140625
0.096875,0.6,0.058124999999999996
0.16875,0.47500000000000003,0.08015625000000001
0.184375,0.453125,0.08354492187500001
0.19375,0.59375,0.1150390625
0.1875,0.578125,0.1083984375
0.15937500000000002,0.325,0.051796875000000006
0.30625,0.53125,0.16269531250000002
0.18125000000000002,0.565625,0.10251953125000002
0.25,0.434375,0.10859375
0.1375,0.553125,0.07605468750000001
0.140625,0.296875,0.041748046875
0.19062500000000002,0.31562500000000004,0.06016601562500001
0.22812500000000002,0.59375,0.13544921875000002
0.353125,0.46875,0.16552734375
0.21875,0.40937500000000004,0.08955078125000002
0.25,0.5875,0.146875
0.25625000000000003,0.534375,0.13693359375000003
0.153125,0.534375,0.081826171875
0.16562500000000002,0.321875,0.05331054687500001
0.20625000000000002,0.5625,0.11601562500000001
0.465625,0.534375,0.24881835937500002
0.15625,0.40625,0.0634765625
0.23602484472049687,0.5451713395638629,0.128673980766626
0.415625,0.503125,0.20911132812500002
0.20625000000000002,0.546875,0.11279296875000001
0.3375,0.503125,0.16980468750000002
0.265625,0.565625,0.15024414062500002
0.16875,0.53125,0.08964843750000001
0.171875,0.540625,0.092919921875
0.15625,0.44062500000000004,0.06884765625
0.146875,0.4,0.058750000000000004
0.15000000000000002,0.390625,0.05859375000000001
0.18125000000000002,0.340625,0.06173828125000001
0.23125,0.434375,0.10044921875000001
0.2,0.496875,0.099375
0.246875,0.578125,0.142724609375
0.25,0.59375,0.1484375
0.184375,0.30625,0.05646484375000001
0.22812500000000002,0.48125,0.10978515625000002
0.215625,0.5125,0.1105078125
0.18323,0.492212,0.09018800476
0.201863,0.507788,0.102503609044
0.217391,0.560748,0.121901568468
0.203125,0.45937500000000003,0.09331054687500001
0.068323,0.380062,0.025966976026
0.21250000000000002,0.515625,0.10957031250000002
0.21250000000000002,0.546875,0.11621093750000001
0.053125,0.59375,0.03154296875
0.22187500000000002,0.6000000000000001,0.13312500000000002
0.12187500000000001,0.21250000000000002,0.025898437500000007
0.153125,0.4,0.061250000000000006
0.19062500000000002,0.525,0.10007812500000002
0.23125,0.596875,0.13802734375
0.2875,0.60625,0.17429687499999996
0.18125000000000002,0.50625,0.09175781250000001
0.05625,0.440625,0.02478515625
0.140625,0.30625,0.04306640625
0.275,0.534375,0.14695312500000002
0.18125000000000002,0.26875,0.0487109375
0.234375,0.603125,0.141357421875
0.16875,0.309375,0.05220703125000001
0.276398,0.566978,0.15671158524399997
0.226708,0.619938,0.140544904104
0.152174,0.610592,0.09291622700800001
0.2857142857142857,0.6417445482866043,0.18335558522474407
0.21875,0.40937500000000004,0.08955078125000002
0.353125,0.421875,0.148974609375
0.328125,0.59375,0.19482421875
0.27187500000000003,0.6312500000000001,0.17162109375000004
0.178125,0.403125,0.071806640625
0.215625,0.5906250000000001,0.12735351562500002
0.21875,0.634375,0.13876953125
0.15000000000000002,0.309375,0.04640625000000001
0.253125,0.58125,0.14712890625
0.290625,0.6125,0.17800781250000003
0.16875,0.571875,0.09650390625000001
0.146875,0.56875,0.08353515625
0.178125,0.5,0.0890625
0.15,0.46875,0.0703125
0.328125,0.50625,0.16611328125
0.20625,0.321875,0.06638671875
0.21250000000000002,0.525,0.11156250000000002
0.2,0.48750000000000004,0.09750000000000002
0.340625,0.521875,0.177763671875
0.16875,0.3125,0.052734375
0.246875,0.534375,0.131923828125
0.0875,0.50625,0.04429687499999999
0.4,0.33437500000000003,0.13375
0.16562500000000002,0.41250000000000003,0.06832031250000001
0.184375,0.540625,0.09967773437500001
0.23750000000000002,0.51875,0.12320312500000002
0.19687500000000002,0.33437500000000003,0.06583007812500001
0.1625,0.275,0.044687500000000005
0.45,0.3125,0.140625
0.234375,0.4625,0.1083984375
0.24375000000000002,0.540625,0.13177734375000003
0.178125,0.271875,0.048427734374999996
0.096875,0.4375,0.0423828125
0.36250000000000004,0.48750000000000004,0.17671875000000004
0.25,0.53125,0.1328125
0.171875,0.390625,0.067138671875
0.23125,0.5375,0.124296875
0.240625,0.6312500000000001,0.15189453125000002
0.16875,0.275,0.04640625000000001
0.3125,0.59375,0.185546875
0.084375,0.603125,0.050888671875000006
0.16875,0.42812500000000003,0.07224609375
0.15937500000000002,0.296875,0.047314453125
0.20625000000000002,0.415625,0.08572265625000001
0.18125000000000002,0.3125,0.05664062500000001
0.30625,0.41250000000000003,0.126328125
0.353125,0.5125000000000001,0.18097656250000002
0.17500000000000002,0.565625,0.09898437500000001
0.209375,0.553125,0.115810546875
0.234375,0.56875,0.13330078125
0.2,0.290625,0.05812500000000001
0.20186335403726707,0.5981308411214953,0.12074069774191674
0.18322981366459626,0.4953271028037383,0.09075869274975329
0.17391304347826086,0.514018691588785,0.08939455505891912
0.2,0.284375,0.056875
0.2625,0.578125,0.1517578125
0.2,0.528125,0.105625
0.184375,0.321875,0.05934570312500001
0.196875,0.55625,0.10951171875
0.375,0.29375,0.11015625000000001
0.19565217391304346,0.48286604361370716,0.09447379114181226
0.16770186335403725,0.367601246105919,0.061647413943228646
0.30312500000000003,0.23125,0.07009765625000001
0.234375,0.65,0.15234375
0.21875,0.565625,0.12373046875000002
0.215625,0.5625,0.1212890625
0.22187500000000002,0.5593750000000001,0.12411132812500002
0.21250000000000002,0.31875000000000003,0.06773437500000001
0.15937500000000002,0.265625,0.042333984375
0.19687500000000002,0.515625,0.10151367187500002
0.21875,0.5,0.109375
0.24375,0.540625,0.13177734375
0.19375,0.40937500000000004,0.07931640625000001
0.321875,0.284375,0.091533203125
0.1875,0.371875,0.0697265625
0.1875,0.45625000000000004,0.08554687500000001
0.15625,0.340625,0.05322265625
0.2125,0.25625,0.05445312499999999
0.18125,0.603125,0.10931640625
0.175,0.3125,0.0546875
0.146875,0.578125,0.084912109375
0.246875,0.45625,0.11263671875
0.384375,0.30625,0.11771484375000002
0.353125,0.559375,0.197529296875
0.16875,0.55625,0.0938671875
0.209375,0.553125,0.115810546875
0.16875,0.503125,0.08490234375000001
0.140625,0.578125,0.081298828125
0.171875,0.25,0.04296875
0.19062500000000002,0.59375,0.11318359375
0.26875,0.596875,0.16041015625000002
0.109375,0.246875,0.027001953125000002
0.178125,0.34687500000000004,0.06178710937500001
0.1875,0.50625,0.09492187499999999
0.27187500000000003,0.671875,0.182666015625
0.23125,0.5906250000000001,0.13658203125
0.22187500000000002,0.59375,0.13173828125
0.203125,0.5625,0.1142578125
0.16875,0.521875,0.08806640625
0.22812500000000002,0.609375,0.13901367187500002
0.2,0.47500000000000003,0.09500000000000001
0.21875,0.55,0.12031250000000002
0.20625000000000002,0.509375,0.10505859375000001
0.22187500000000002,0.540625,0.11995117187500001
0.346875,0.453125,0.157177734375
0.240625,0.609375,0.146630859375
0.203125,0.578125,0.117431640625
0.209375,0.265625,0.055615234375
0.23750000000000002,0.47187500000000004,0.11207031250000002
0.13125,0.27187500000000003,0.035683593750000006
0.184375,0.44375000000000003,0.08181640625000001
0.178125,0.45937500000000003,0.081826171875
0.3375,0.44062500000000004,0.14871093750000003
0.27187500000000003,0.53125,0.14443359375
0.111801,0.566978,0.063388707378
0.221875,0.640625,0.14213867187499998
0.171875,0.609375,0.104736328125
0.21250000000000002,0.309375,0.06574218750000001
0.16562500000000002,0.47187500000000004,0.07815429687500001
0.225,0.5625,0.1265625
0.184375,0.384375,0.07086914062500001
0.22187500000000002,0.5,0.11093750000000001
0.23125,0.603125,0.13947265625000002
0.178125,0.328125,0.058447265625
0.184375,0.525,0.096796875
0.178125,0.35625,0.06345703125
0.215625,0.4,0.08625000000000001
0.21875,0.546875,0.11962890625
0.2875,0.45,0.129375
0.321875,0.5,0.1609375
0.253125,0.25625,0.06486328124999999
0.353125,0.5437500000000001,0.19201171875000003
0.275,0.33437500000000003,0.09195312500000001
0.24375000000000002,0.09062500000000001,0.022089843750000004
0.16562500000000002,0.47187500000000004,0.07815429687500001
0.19687500000000002,0.525,0.10335937500000002
0.23125,0.49375,0.11417968750000002
0.3375,0.278125,0.0938671875
0.27187500000000003,0.59375,0.16142578125
0.30312500000000003,0.58125,0.17619140625000004
0.12187500000000001,0.25,0.030468750000000003
0.19687500000000002,0.603125,0.11874023437500002
0.39375,0.50625,0.19933593749999998
0.1875,0.640625,0.1201171875
0.0875,0.221875,0.0194140625
0.125,0.3375,0.0421875
0.275,0.534375,0.14695312500000002
0.20625000000000002,0.5875,0.12117187500000001
0.20625000000000002,0.521875,0.10763671875
0.16562500000000002,0.328125,0.054345703125000006
0.253125,0.584375,0.147919921875
0.21250000000000002,0.47500000000000003,0.10093750000000001
0.21250000000000002,0.61875,0.13148437500000001
0.240625,0.659375,0.15866210937500003
0.16562500000000002,0.35000000000000003,0.05796875000000001
0.16562500000000002,0.446875,0.07401367187500002
0.19687500000000002,0.45625000000000004,0.08982421875000002
0.178125,0.509375,0.09073242187500001
0.23125,0.240625,0.055644531250000004
0.2,0.45625000000000004,0.09125000000000001
0.215625,0.525,0.11320312500000002
0.16875,0.275,0.04640625000000001
0.19375,0.625,0.12109375
0.15937500000000002,0.24375000000000002,0.03884765625000001
0.20625000000000002,0.41875,0.08636718750000001
0.296875,0.58125,0.17255859375000002
0.2125,0.496875,0.1055859375
0.228125,0.490625,0.11192382812499999
0.271875,0.53125,0.14443359374999998
0.06875,0.29375,0.020195312500000003
0.35,0.5,0.175
0.134375,0.353125,0.047451171875
0.10625000000000001,0.309375,0.032871093750000004
0.209375,0.40625,0.08505859375000001
0.203125,0.265625,0.053955078125
0.246875,0.609375,0.150439453125
0.2625,0.428125,0.1123828125
0.165625,0.56875,0.09419921875
0.1875,0.35,0.06562499999999999
0.215625,0.56875,0.12263671875
0.341615,0.545171,0.186238591165
0.40625,0.440625,0.17900390624999998
0.375,0.5,0.1875
0.215625,0.56875,0.12263671875
0.22812500000000002,0.4375,0.09980468750000002
0.12812500000000002,0.2625,0.033632812500000005
0.24375000000000002,0.596875,0.14548828125000002
0.478125,0.36562500000000003,0.17481445312500002
0.23125,0.478125,0.11056640625000001
0.25,0.5593750000000001,0.13984375000000002
0.19062500000000002,0.496875,0.09471679687500001
0.22187500000000002,0.59375,0.13173828125
0.19062500000000002,0.49375,0.09412109375000001
0.184375,0.328125,0.060498046875
0.2,0.50625,0.10125
0.19062500000000002,0.47500000000000003,0.09054687500000001
0.21250000000000002,0.55625,0.11820312500000002
0.240625,0.534375,0.12858398437500002
0.19687500000000002,0.5625,0.1107421875
0.259375,0.525,0.13617187500000003
0.25,0.6125,0.153125
0.16562500000000002,0.45937500000000003,0.07608398437500001
0.15000000000000002,0.45937500000000003,0.06890625000000002
0.17500000000000002,0.41250000000000003,0.07218750000000002
0.134375,0.4,0.05375
0.16875,0.521875,0.08806640625
0.2,0.553125,0.110625
0.275,0.628125,0.17273437500000002
0.24375000000000002,0.503125,0.12263671875000003
0.153125,0.296875,0.045458984375000004
0.19375,0.47500000000000003,0.09203125000000001
0.1875,0.5375,0.10078124999999999
0.25,0.578125,0.14453125
0.23750000000000002,0.546875,0.1298828125
0.171875,0.353125,0.060693359375000006
0.271875,0.621875,0.16907226562499997
0.20625000000000002,0.565625,0.11666015625000002
0.225,0.51875,0.11671875000000001
0.22187500000000002,0.584375,0.129658203125
0.25625000000000003,0.571875,0.14654296875000003
0.28125,0.59375,0.1669921875
0.209375,0.584375,0.12235351562499999
0.215625,0.515625,0.11118164062500001
0.1875,0.42812500000000003,0.0802734375
0.171875,0.45937500000000003,0.07895507812500001
0.18125000000000002,0.24375000000000002,0.04417968750000001
0.096875,0.55,0.05328125000000001
0.21875,0.6625000000000001,0.14492187500000003
0.234375,0.6312500000000001,0.14794921875000003
0.22187500000000002,0.553125,0.122724609375
0.09062500000000001,0.1875,0.016992187500000002
0.35625,0.61875,0.22042968750000003
0.19375,0.56875,0.1101953125
0.125,0.571875,0.071484375
0.178125,0.234375,0.041748046875
0.19687500000000002,0.584375,0.115048828125
0.15625,0.278125,0.04345703125
0.234375,0.23750000000000002,0.05566406250000001
0.22812500000000002,0.6125,0.1397265625
0.203125,0.6062500000000001,0.12314453125000001
0.23750000000000002,0.571875,0.1358203125
0.18125000000000002,0.540625,0.09798828125000002
0.28750000000000003,0.675,0.19406250000000003
0.259375,0.65,0.16859375000000001
0.19687500000000002,0.28125,0.05537109375
0.184375,0.578125,0.106591796875
0.2,0.46875,0.09375
0.21250000000000002,0.53125,0.11289062500000001
0.078125,0.615625,0.048095703125
0.078125,0.515625,0.040283203125
0.18125000000000002,0.446875,0.08099609375000001
0.184375,0.45937500000000003,0.08469726562500002
0.240625,0.49375,0.11880859375000001
0.209375,0.53125,0.11123046875
0.178125,0.59375,0.10576171875
0.178125,0.33125000000000004,0.05900390625000001
0.209375,0.5,0.1046875
0.16562500000000002,0.515625,0.08540039062500002
0.278125,0.496875,0.13819335937500002
0.14375000000000002,0.384375,0.05525390625000001
0.17500000000000002,0.35000000000000003,0.06125000000000001
0.2,0.34375,0.06875
0.26875,0.65,0.1746875
0.12812500000000002,0.384375,0.04924804687500001
0.26875,0.6125,0.164609375
0.140625,0.3125,0.0439453125
0.153125,0.5875,0.0899609375
0.153125,0.3375,0.05167968750000001
0.2,0.59375,0.11875000000000001
0.1625,0.46875,0.076171875
0.165625,0.378125,0.062626953125
0.30625,0.521875,0.15982421875
0.165625,0.309375,0.051240234375
0.28125,0.584375,0.16435546874999998
0.353125,0.484375,0.171044921875
0.228125,0.253125,0.057744140624999996
0.24375,0.571875,0.13939453125
0.178125,0.4875,0.0868359375
0.21875,0.396875,0.08681640624999999
0.209375,0.4,0.08375
0.234375,0.525,0.123046875
0.125,0.5125,0.0640625
0.259375,0.565625,0.14670898437500002
0.15625,0.484375,0.07568359375
0.15625,0.353125,0.05517578125
0.36875,0.46875,0.1728515625
0.246875,0.59375,0.14658203125
0.220497,0.598131,0.131886091107
0.22187500000000002,0.546875,0.12133789062500001
0.084375,0.578125,0.048779296875
0.17500000000000002,0.4,0.07
0.178125,0.49062500000000003,0.08739257812500001
0.209375,0.275,0.05757812500000001
0.30625,0.59375,0.18183593750000002
0.353125,0.578125,0.204150390625
0.15625,0.56875,0.0888671875
0.2,0.45937500000000003,0.09187500000000001
0.321875,0.353125,0.11366210937500001
0.275,0.503125,0.13835937500000003
0.203125,0.48125,0.09775390625000001
0.178125,0.47187500000000004,0.08405273437500001
0.18125000000000002,0.484375,0.08779296875
0.184375,0.49375,0.09103515625000001
0.178125,0.328125,0.058447265625
0.15937500000000002,0.446875,0.071220703125
0.16875,0.34375,0.058007812500000006
0.2,0.53125,0.10625000000000001
0.21875,0.55,0.12031250000000002
0.42812500000000003,0.34687500000000004,0.14850585937500002
0.421875,0.3375,0.1423828125
0.184375,0.2,0.036875000000000005
0.16562500000000002,0.26875,0.044511718750000005
0.26875,0.6125,0.164609375
0.215625,0.53125,0.11455078125000001
0.296875,0.5906250000000001,0.175341796875
0.209375,0.565625,0.11842773437500001
0.178125,0.446875,0.079599609375
0.19375,0.55,0.10656250000000002
0.221875,0.58125,0.12896484375
0.159375,0.61875,0.09861328124999999
0.321875,0.475,0.152890625
0.234375,0.584375,0.136962890625
0.2375,0.6625,0.15734374999999998
0.275,0.621875,0.171015625
0.24844720496894407,0.4517133956386293,0.11222693059344825
0.171875,0.41250000000000003,0.07089843750000001
0.165625,0.45625,0.07556640625
0.178125,0.459375,0.08182617187499999
0.271875,0.271875,0.07391601562499998
0.271875,0.625,0.169921875
0.175,0.625,0.109375
0.20625,0.55625,0.1147265625
0.2,0.53125,0.10625000000000001
0.18125,0.465625,0.08439453125
0.2,0.4625,0.09250000000000001
0.165625,0.328125,0.054345703125
0.234375,0.525,0.123046875
0.16875,0.515625,0.08701171875000001
0.184375,0.478125,0.08815429687500001
0.20625,0.509375,0.10505859375
0.140625,0.6375,0.0896484375
0.296875,0.6468750000000001,0.19204101562500003
0.209375,0.5375,0.1125390625
0.1125,0.5125,0.05765625
0.215625,0.603125,0.13004882812500002
0.340625,0.671875,0.228857421875
0.16149068322981366,0.4143302180685358,0.06691046999864554
0.146875,0.30625,0.04498046875
0.146875,0.384375,0.056455078125
0.1375,0.253125,0.0348046875
0.146875,0.340625,0.050029296875000004
0.259375,0.546875,0.141845703125
0.265625,0.48125,0.12783203125
0.15000000000000002,0.45625000000000004,0.06843750000000001
0.23750000000000002,0.59375,0.141015625
0.16459627329192544,0.3395638629283489,0.05589094638261642
0.21875,0.625,0.13671875
0.2,0.515625,0.10312500000000001
0.215625,0.546875,0.117919921875
0.18125,0.396875,0.07193359375
0.240625,0.5,0.1203125
0.15625,0.34375,0.0537109375
0.15000000000000002,0.340625,0.05109375000000001
0.10625000000000001,0.515625,0.05478515625000001
0.30000000000000004,0.625,0.18750000000000003
0.12187500000000001,0.31562500000000004,0.03846679687500001
0.225,0.596875,0.134296875
0.265625,0.5,0.1328125
0.21875,0.540625,0.11826171875000001
0.23750000000000002,0.5625,0.13359375
0.21250000000000002,0.36562500000000003,0.07769531250000002
0.16562500000000002,0.45937500000000003,0.07608398437500001
0.2,0.36875,0.07375000000000001
0.2,0.496875,0.099375
0.18125000000000002,0.453125,0.08212890625000001
0.45937500000000003,0.36875,0.16939453125000004
0.134375,0.55,0.07390625
0.21118012422360247,0.38006230529595014,0.08026160484510747
0.31875,0.690625,0.22013671875
0.22187500000000002,0.30625,0.06794921875000001
0.15937500000000002,0.28125,0.044824218750000006
0.2625,0.546875,0.1435546875
0.20625000000000002,0.49062500000000003,0.10119140625000002
0.19687500000000002,0.596875,0.11750976562500003
0.275,0.484375,0.133203125
0.1,0.440625,0.044062500000000004
0.35625,0.4375,0.155859375
0.325,0.521875,0.169609375
0.165625,0.290625,0.048134765625
0.2125,0.2375,0.05046875
0.19687500000000002,0.48750000000000004,0.09597656250000001
0.178125,0.484375,0.08627929687500001
0.2,0.625,0.125
0.184375,0.36875,0.06798828125
0.13125,0.240625,0.03158203125
0.15937500000000002,0.253125,0.040341796875
0.1875,0.35625,0.066796875
0.21250000000000002,0.609375,0.12949218750000002
0.29375,0.68125,0.20011718750000002
0.240625,0.553125,0.133095703125
0.265625,0.584375,0.155224609375
0.259375,0.4625,0.11996093750000002
0.115625,0.496875,0.057451171875000005
0.178125,0.296875,0.052880859375
0.08750000000000001,0.2625,0.022968750000000003
0.36562500000000003,0.46875,0.17138671875000003
0.225,0.50625,0.11390625
0.2875,0.55625,0.159921875
0.14375000000000002,0.253125,0.036386718750000005
0.184375,0.47187500000000004,0.08700195312500002
0.209375,0.42500000000000004,0.08898437500000002
0.16875,0.525,0.08859375000000001
0.4,0.321875,0.12875
0.240625,0.578125,0.13911132812500002
0.215625,0.278125,0.059970703125000004
0.2,0.34687500000000004,0.069375
0.24375,0.615625,0.15005859375
0.178125,0.21250000000000002,0.037851562500000005
0.225,0.371875,0.083671875
0.20625000000000002,0.515625,0.10634765625
0.22812500000000002,0.371875,0.084833984375
0.19062500000000002,0.509375,0.097099609375
0.146875,0.246875,0.036259765625
0.390625,0.525,0.205078125
0.153125,0.215625,0.033017578125
0.21875,0.475,0.10390624999999999
0.240625,0.50625,0.12181640625
0.05625,0.325,0.018281250000000002
0.184375,0.45625000000000004,0.08412109375000001
0.30625,0.578125,0.17705078125
0.16875,0.484375,0.08173828125
0.28125,0.565625,0.15908203125
0.35625,0.29375,0.10464843750000001
0.34375,0.640625,0.22021484375
0.203125,0.515625,0.104736328125
0.275,0.65,0.17875000000000002
0.29375,0.34375,0.1009765625
0.15625,0.37812500000000004,0.05908203125000001
0.203125,0.41250000000000003,0.08378906250000001
0.21875,0.365625,0.07998046874999999
0.309375,0.571875,0.17692382812500002
0.259375,0.15625,0.04052734375
0.209375,0.49375,0.10337890625000001
0.2,0.42812500000000003,0.085625
0.215625,0.30625,0.06603515625
0.215625,0.571875,0.12331054687500001
0.225,0.48125,0.10828125000000001
0.290625,0.509375,0.14803710937500003
0.125,0.534375,0.066796875
0.265625,0.640625,0.170166015625
0.21250000000000002,0.546875,0.11621093750000001
0.259375,0.33125000000000004,0.08591796875000002
0.18125000000000002,0.46875,0.08496093750000001
0.1875,0.53125,0.099609375
0.28750000000000003,0.253125,0.07277343750000001
0.24375000000000002,0.415625,0.10130859375000001
0.33437500000000003,0.496875,0.16614257812500002
0.146875,0.325,0.047734375
0.21250000000000002,0.55625,0.11820312500000002
0.215625,0.51875,0.11185546875000002
0.18125000000000002,0.509375,0.09232421875000002
0.203125,0.496875,0.10092773437500001
0.30625,0.65625,0.2009765625
0.18125000000000002,0.546875,0.09912109375000001
0.16562500000000002,0.2625,0.04347656250000001
0.13125,0.31562500000000004,0.04142578125000001
0.15217391304347824,0.34890965732087226,0.05309494785317621
0.19687500000000002,0.47187500000000004,0.09290039062500002
0.23125,0.534375,0.12357421875000002
0.178125,0.5125000000000001,0.09128906250000002
0.1,0.259375,0.025937500000000002
0.31562500000000004,0.5625,0.1775390625
0.1625,0.27187500000000003,0.04417968750000001
0.153125,0.325,0.04976562500000001
0.20625000000000002,0.515625,0.10634765625
0.17500000000000002,0.48125,0.08421875000000001
0.259375,0.603125,0.15643554687500003
0.240625,0.603125,0.145126953125
0.321875,0.278125,0.08952148437500002
0.384375,0.31875,0.12251953125
0.146875,0.51875,0.07619140625000001
0.225,0.584375,0.131484375
0.18125,0.659375,0.11951171875000001
0.190625,0.475,0.09054687499999999
0.171875,0.4,0.06875
0.20625000000000002,0.359375,0.07412109375
0.19062500000000002,0.48750000000000004,0.09292968750000001
0.240625,0.61875,0.14888671875
0.2625,0.58125,0.152578125
0.22187500000000002,0.565625,0.12549804687500002
0.340625,0.3375,0.11496093750000001
0.29375,0.3375,0.09914062500000001
0.296875,0.53125,0.15771484375
0.209375,0.4875,0.1020703125
0.223602,0.573209,0.12817067881799998
0.109375,0.22187500000000002,0.024267578125
0.19687500000000002,0.51875,0.10212890625000003
0.16875,0.521875,0.08806640625
0.209375,0.340625,0.071318359375
0.26875,0.65,0.1746875
0.21875,0.6000000000000001,0.13125000000000003
0.184375,0.53125,0.09794921875000001
0.209375,0.26875,0.05626953125
0.203125,0.640625,0.130126953125
0.253125,0.578125,0.146337890625
0.21250000000000002,0.553125,0.11753906250000001
0.378125,0.421875,0.159521484375
0.203125,0.58125,0.11806640625
0.240625,0.5875,0.14136718750000002
0.15937500000000002,0.546875,0.08715820312500001
0.190625,0.48125,0.09173828125
0.184375,0.5,0.0921875
0.171875,0.403125,0.069287109375
0.209375,0.5375,0.1125390625
0.340625,0.61875,0.21076171875000002
0.16875,0.490625,0.08279296875
0.2515527950310559,0.5202492211838006,0.13087014570151503
0.225,0.37812500000000004,0.08507812500000002
0.1875,0.45625000000000004,0.08554687500000001
0.19375,0.521875,0.10111328124999999
0.203125,0.453125,0.092041015625
0.234375,0.1375,0.0322265625
0.2875,0.371875,0.10691406249999999
0.18125,0.35625,0.0645703125
0.17500000000000002,0.44375000000000003,0.07765625000000001
0.225,0.609375,0.137109375
0.234375,0.5875,0.1376953125
0.13125,0.49375,0.0648046875
0.11875,0.275,0.03265625
0.215625,0.51875,0.11185546875000002
0.1875,0.515625,0.0966796875
0.203125,0.36875,0.07490234375
0.246875,0.6,0.148125
0.259375,0.3625,0.0940234375
0.384375,0.33125,0.12732421875
0.215625,0.521875,0.112529296875
0.15625,0.359375,0.05615234375
0.284375,0.53125,0.15107421875
0.225,0.496875,0.111796875
0.21250000000000002,0.38125000000000003,0.08101562500000002
0.278125,0.6,0.166875
0.259375,0.6218750000000001,0.16129882812500004
0.21250000000000002,0.509375,0.10824218750000002
0.23125,0.534375,0.12357421875000002
0.47500000000000003,0.321875,0.15289062500000003
0.259375,0.47500000000000003,0.12320312500000002
0.21875,0.415625,0.09091796875000001
0.19687500000000002,0.5437500000000001,0.10705078125000002
0.171875,0.540625,0.092919921875
0.325,0.22812500000000002,0.07414062500000002
0.19687500000000002,0.53125,0.10458984375000001
0.24375000000000002,0.61875,0.15082031250000003
0.19687500000000002,0.29375,0.057832031250000006
0.23125,0.6156250000000001,0.14236328125000003
0.384375,0.5875,0.2258203125
0.146875,0.5625,0.08261718750000001
0.18125,0.359375,0.06513671875
0.146875,0.35625,0.052324218750000005
0.171875,0.509375,0.087548828125
0.21250000000000002,0.56875,0.120859375
0.17500000000000002,0.496875,0.086953125
0.19375,0.478125,0.09263671875000001
0.16875,0.221875,0.03744140625
0.19375,0.553125,0.10716796875
0.1625,0.253125,0.0411328125
0.196875,0.58125,0.11443359375
0.275,0.48125,0.13234375
0.084375,0.4625,0.03902343750000001
0.215625,0.578125,0.124658203125
0.234375,0.45,0.10546875
0.19375,0.528125,0.10232421875
0.20625,0.578125,0.11923828125
0.209375,0.384375,0.08047851562500001
0.140625,0.4,0.05625
0.178125,0.234375,0.041748046875
0.2,0.65,0.13
0.375,0.45,0.16875
0.390625,0.35,0.13671875
0.24375,0.515625,0.12568359375
0.165625,0.278125,0.046064453125
0.165625,0.28125,0.046582031249999996
0.359375,0.4375,0.1572265625
0.3125,0.44375000000000003,0.138671875
0.19375,0.35625,0.0690234375
0.22187500000000002,0.53125,0.11787109375
0.11875000000000001,0.30625,0.0363671875
0.1875,0.521875,0.09785156249999999
0.215625,0.565625,0.12196289062500001
0.090625,0.45625,0.041347656249999996
0.1625,0.265625,0.0431640625
0.240625,0.65,0.15640625
0.271875,0.534375,0.145283203125
0.321875,0.515625,0.16596679687500002
0.34375,0.5375,0.184765625
0.1875,0.478125,0.08964843750000001
0.2,0.6218750000000001,0.12437500000000001
0.19375,0.509375,0.09869140625
0.14375000000000002,0.30625,0.044023437500000005
0.19687500000000002,0.4625,0.09105468750000001
0.17500000000000002,0.49062500000000003,0.08585937500000002
0.35000000000000003,0.48750000000000004,0.17062500000000003
0.21250000000000002,0.47500000000000003,0.10093750000000001
0.1625,0.603125,0.09800781250000001
0.17500000000000002,0.33437500000000003,0.05851562500000001
0.178125,0.496875,0.08850585937500001
0.225,0.534375,0.12023437500000002
0.321875,0.290625,0.09354492187500002
0.459375,0.48125,0.22107421875
0.15625,0.325,0.05078125
0.321875,0.47500000000000003,0.15289062500000003
0.19062500000000002,0.47187500000000004,0.08995117187500001
0.17500000000000002,0.44062500000000004,0.07710937500000002
0.20625000000000002,0.521875,0.10763671875
0.275,0.584375,0.160703125
0.20625,0.59375,0.12246093749999999
0.315625,0.625,0.197265625
0.240625,0.47500000000000003,0.114296875
0.22812500000000002,0.5625,0.1283203125
0.171875,0.515625,0.088623046875
0.1625,0.546875,0.0888671875
0.21739130434782608,0.5264797507788161,0.11445211973452525
0.19375,0.46875,0.0908203125
0.103125,0.53125,0.054785156249999994
0.228125,0.440625,0.10051757812499999
0.24375,0.609375,0.14853515625
0.259375,0.5875,0.15238281250000002
0.18125,0.428125,0.07759765625
0.11875,0.4625,0.054921875
0.340625,0.534375,0.18202148437500001
0.171875,0.51875,0.08916015625000001
0.1875,0.5750000000000001,0.1078125
0.203125,0.571875,0.116162109375
0.15000000000000002,0.259375,0.03890625000000001
0.203125,0.51875,0.10537109375
0.42812500000000003,0.45937500000000003,0.19666992187500004
0.278125,0.41875,0.11646484375
0.215625,0.525,0.11320312500000002
0.178125,0.484375,0.08627929687500001
0.21250000000000002,0.540625,0.11488281250000001
0.2,0.565625,0.11312500000000002
0.1375,0.36875,0.05070312500000001
0.15625,0.384375,0.06005859375
0.171875,0.421875,0.072509765625
0.36562500000000003,0.44375000000000003,0.16224609375000001
0.359375,0.40625,0.14599609375
0.25,0.509375,0.12734375
0.15625,0.34375,0.0537109375
0.21250000000000002,0.584375,0.12417968750000001
0.3125,0.546875,0.1708984375
0.234375,0.61875,0.14501953125
0.203125,0.6125,0.1244140625
0.20625000000000002,0.584375,0.12052734375
0.1375,0.259375,0.0356640625
0.21875,0.55,0.12031250000000002
0.2,0.478125,0.09562500000000002
0.184375,0.50625,0.09333984375
0.21428571428571427,0.43302180685358255,0.09279038718291054
0.1,0.515625,0.051562500000000004
0.1625,0.44375000000000003,0.072109375
0.140625,0.48750000000000004,0.0685546875
0.1375,0.253125,0.0348046875
0.203125,0.5625,0.1142578125
0.21875,0.49062500000000003,0.10732421875
0.284375,0.625,0.177734375
0.234375,0.5625,0.1318359375
0.21250000000000002,0.5625,0.11953125
0.24375000000000002,0.56875,0.1386328125
0.184375,0.53125,0.09794921875000001
0.18125000000000002,0.415625,0.07533203125000001
0.234375,0.421875,0.098876953125
0.153125,0.47187500000000004,0.07225585937500001
0.19687500000000002,0.47500000000000003,0.09351562500000002
0.21875,0.5625,0.123046875
0.15625,0.603125,0.09423828125
0.25,0.55625,0.1390625
0.225,0.59375,0.13359375
0.178125,0.521875,0.092958984375
0.21250000000000002,0.53125,0.11289062500000001
0.184375,0.446875,0.082392578125
0.43125,0.29375,0.1266796875
0.246875,0.534375,0.131923828125
0.24844720496894407,0.6666666666666666,0.16563146997929604
0.25,0.42500000000000004,0.10625000000000001
0.16875,0.540625,0.09123046875000002
0.28125,0.5875,0.16523437500000002
0.19687500000000002,0.35000000000000003,0.06890625000000002
0.201863,0.29595,0.05974135485
0.236025,0.613707,0.14485019467500002
0.34687500000000004,0.40937500000000004,0.14200195312500002
0.246875,0.41250000000000003,0.10183593750000001
0.184375,0.584375,0.107744140625
0.209375,0.465625,0.097490234375
0.19375,0.46875,0.0908203125
0.209375,0.40937500000000004,0.08571289062500001
0.259375,0.59375,0.15400390625000002
0.315625,0.528125,0.16668945312499997
0.096875,0.625,0.060546875
0.21739130434782608,0.5887850467289719,0.12799674928890695
0.215625,0.321875,0.06940429687500001
0.23602484472049687,0.6074766355140186,0.14337957856852612
0.178125,0.44062500000000004,0.078486328125
0.18125000000000002,0.46875,0.08496093750000001
0.234375,0.534375,0.125244140625
0.203125,0.48750000000000004,0.0990234375
0.19687500000000002,0.47187500000000004,0.09290039062500002
0.203125,0.4875,0.09902343749999999
0.178125,0.35,0.062343749999999996
0.09375,0.60625,0.056835937499999996
0.2375,0.61875,0.146953125
0.221875,0.584375,0.12965820312499998
0.24375,0.634375,0.15462890625
0.14375,0.334375,0.04806640624999999
0.434375,0.41250000000000003,0.17917968750000002
0.284375,0.58125,0.16529296875000002
0.17500000000000002,0.49375,0.08640625000000002
0.184375,0.503125,0.09276367187500001
0.209375,0.390625,0.081787109375
0.340625,0.51875,0.17669921875000003
0.15937500000000002,0.296875,0.047314453125
0.215625,0.55,0.11859375000000001
0.11875000000000001,0.296875,0.03525390625
0.215625,0.321875,0.06940429687500001
0.16562500000000002,0.53125,0.08798828125000001
0.21250000000000002,0.44062500000000004,0.09363281250000002
0.275,0.546875,0.150390625
0.28125,0.571875,0.16083984375000002
0.240625,0.5625,0.1353515625
0.27187500000000003,0.5750000000000001,0.15632812500000004
0.18125000000000002,0.49062500000000003,0.08892578125000002
0.22187500000000002,0.540625,0.11995117187500001
0.21875,0.353125,0.07724609375000001
0.21875,0.59375,0.1298828125
0.19687500000000002,0.609375,0.11997070312500001
0.12812500000000002,0.259375,0.03323242187500001
0.209375,0.146875,0.030751953125000002
0.19687500000000002,0.496875,0.09782226562500002
0.153125,0.58125,0.08900390625000001
0.290625,0.59375,0.17255859375000002
0.209375,0.534375,0.11188476562500001
0.234375,0.58125,0.13623046875
0.4,0.3875,0.15500000000000003
0.36562500000000003,0.340625,0.12454101562500001
0.178125,0.465625,0.082939453125
0.171875,0.56875,0.09775390625
0.15625,0.49375,0.0771484375
0.17500000000000002,0.36875,0.06453125000000001
0.253125,0.59375,0.15029296875
0.16875,0.296875,0.050097656250000004
0.225,0.603125,0.135703125
0.25625,0.534375,0.13693359375
0.301242,0.514019,0.15484411159800002
0.23913,0.495327,0.11844754551
0.271875,0.55625,0.15123046874999999
0.190625,0.565625,0.107822265625
0.171875,0.48750000000000004,0.08378906250000001
0.275,0.5375,0.1478125
0.296875,0.53125,0.15771484375
0.20625000000000002,0.22812500000000002,0.04705078125000001
0.14375000000000002,0.3375,0.04851562500000001
0.184375,0.234375,0.043212890625
0.225,0.525,0.11812500000000001
0.184375,0.55625,0.10255859375000001
0.246875,0.625,0.154296875
0.19375,0.584375,0.11322265625
0.203125,0.465625,0.09458007812500001
0.20625,0.321875,0.06638671875
0.15,0.30625,0.0459375
0.278125,0.515625,0.143408203125
0.184375,0.353125,0.065107421875
0.267081,0.545171,0.145604815851
0.153125,0.34375,0.052636718750000006
0.125,0.553125,0.069140625
0.215625,0.55,0.11859375000000001
0.203125,0.609375,0.123779296875
0.290625,0.55,0.15984375000000003
0.23125,0.590625,0.13658203124999999
0.234375,0.5906250000000001,0.13842773437500003
0.18322981366459626,0.4766355140186916,0.08733383641957392
0.22670807453416147,0.616822429906542,0.13983862541359493
0.375,0.284375,0.10664062499999999
0.36875,0.41875,0.1544140625
0.2,0.5375,0.1075
0.353125,0.65625,0.23173828125
0.22187500000000002,0.5906250000000001,0.13104492187500003
0.11875000000000001,0.275,0.032656250000000005
0.23125,0.453125,0.10478515625000001
0.4375,0.403125,0.1763671875
0.28125,0.503125,0.14150390625
0.17500000000000002,0.546875,0.09570312500000001
0.290625,0.490625,0.142587890625
0.22187500000000002,0.5437500000000001,0.12064453125000002
0.27187500000000003,0.3125,0.08496093750000001
0.4,0.503125,0.20125000000000004
0.203125,0.4375,0.0888671875
0.19687500000000002,0.51875,0.10212890625000003
0.184375,0.51875,0.09564453125000001
0.21250000000000002,0.403125,0.08566406250000001
0.321875,0.3625,0.1166796875
0.103125,0.109375,0.011279296874999999
0.369565,0.389408,0.14391156751999998
0.23125,0.525,0.12140625000000001
0.23125,0.5,0.115625
0.20625000000000002,0.5375,0.11085937500000001
0.19687500000000002,0.5375,0.10582031250000001
0.21250000000000002,0.5,0.10625000000000001
0.215625,0.40625,0.08759765625
0.203125,0.5875,0.1193359375
0.19687500000000002,0.6531250000000001,0.12858398437500002
0.321875,0.58125,0.18708984375000004
0.203125,0.415625,0.084423828125
0.178125,0.521875,0.092958984375
0.16875,0.315625,0.05326171875
0.203125,0.2625,0.0533203125
0.2375,0.61875,0.146953125
0.0375,0.525,0.0196875
0.22812500000000002,0.59375,0.13544921875000002
0.2,0.49375,0.09875
0.265625,0.596875,0.15854492187500002
0.359375,0.340625,0.12241210937500001
0.23750000000000002,0.50625,0.120234375
0.23750000000000002,0.55625,0.132109375
0.26875,0.55625,0.1494921875
0.290625,0.634375,0.18436523437500002
0.21428571428571427,0.4236760124610592,0.09078771695594125
0.371875,0.54375,0.20220703125
0.22187500000000002,0.55625,0.12341796875000001
0.209375,0.565625,0.11842773437500001
0.20625000000000002,0.59375,0.1224609375
0.278125,0.5625,0.15644531250000002
0.209375,0.596875,0.12497070312500001
0.2875,0.596875,0.1716015625
0.15,0.428125,0.06421874999999999
0.234375,0.53125,0.12451171875
0.178125,0.47500000000000003,0.08460937500000001
0.22812500000000002,0.565625,0.12903320312500002
0.19687500000000002,0.47187500000000004,0.09290039062500002
0.20625000000000002,0.609375,0.12568359375000002
0.16875,0.5625,0.094921875
0.20625000000000002,0.546875,0.11279296875000001
0.22812500000000002,0.515625,0.11762695312500002
0.253125,0.515625,0.130517578125
0.2,0.525,0.10500000000000001
0.24375000000000002,0.61875,0.15082031250000003
0.19062500000000002,0.3875,0.07386718750000001
0.20625000000000002,0.41875,0.08636718750000001
0.16562500000000002,0.25,0.041406250000000006
0.209375,0.484375,0.10141601562500001
0.259375,0.47187500000000004,0.12239257812500003
0.16875,0.225,0.03796875
0.39687500000000003,0.38125000000000003,0.15130859375000003
0.040625,0.29375,0.01193359375
0.19062500000000002,0.515625,0.098291015625
0.22187500000000002,0.584375,0.129658203125
0.253125,0.665625,0.168486328125
0.18125,0.321875,0.05833984375
0.178125,0.353125,0.06290039062500001
0.228125,0.44375,0.10123046875
0.159375,0.253125,0.040341796874999995
0.2375,0.515625,0.12246093749999999
0.15,0.4375,0.065625
0.2,0.55,0.11000000000000001
0.20625,0.290625,0.05994140625
0.234375,0.49062500000000003,0.11499023437500001
0.21875,0.496875,0.10869140625
0.059375,0.2625,0.015585937499999999
0.159375,0.5875,0.0936328125
0.128125,0.565625,0.072470703125
0.2,0.553125,0.110625
0.209375,0.46875,0.09814453125
0.16875,0.421875,0.07119140625
0.4,0.403125,0.16125
0.234375,0.36250000000000004,0.08496093750000001
0.421875,0.42812500000000003,0.18061523437500002
0.259375,0.634375,0.164541015625
0.19062500000000002,0.421875,0.08041992187500001
0.1375,0.45625000000000004,0.06273437500000001
0.215625,0.521875,0.112529296875
0.190625,0.51875,0.09888671875
0.18125,0.240625,0.04361328125
0.215625,0.5875,0.1266796875
0.29375,0.5375,0.157890625
0.228125,0.5625,0.1283203125
0.215625,0.375,0.08085937500000001
0.178125,0.534375,0.09518554687500001
0.184375,0.49375,0.09103515625000001
0.18125000000000002,0.384375,0.06966796875000002
0.11875,0.353125,0.04193359375
0.16875,0.665625,0.11232421875000001
0.178125,0.478125,0.08516601562500001
0.225,0.434375,0.097734375
0.115625,0.21875,0.025292968750000002
0.23750000000000002,0.6312500000000001,0.14992187500000004
0.178125,0.5,0.0890625
0.178125,0.4,0.07125000000000001
0.27187500000000003,0.51875,0.14103515625000002
0.17500000000000002,0.521875,0.09132812500000001
0.19687500000000002,0.61875,0.12181640625000002
0.15625,0.259375,0.04052734375
0.16875,0.453125,0.07646484375000001
0.15625,0.40625,0.0634765625
0.19687500000000002,0.421875,0.08305664062500001
0.265625,0.553125,0.146923828125
0.23750000000000002,0.49062500000000003,0.11652343750000002
0.28750000000000003,0.6000000000000001,0.17250000000000004
0.209375,0.56875,0.11908203125
0.2,0.603125,0.12062500000000001
0.209375,0.515625,0.107958984375
0.17500000000000002,0.4625,0.08093750000000001
0.22981366459627328,0.45794392523364486,0.10524177163754571
0.16875,0.4375,0.07382812500000001
0.22187500000000002,0.403125,0.089443359375
0.1625,0.284375,0.0462109375
0.28125,0.59375,0.1669921875
0.325,0.453125,0.147265625
0.391304,0.442368,0.17310036787199998
0.215625,0.42500000000000004,0.09164062500000002
0.384375,0.48125,0.18498046875000002
0.38125000000000003,0.43125,0.1644140625
0.1625,0.30312500000000003,0.049257812500000005
0.159375,0.34375,0.054785156249999994
0.215625,0.478125,0.10309570312500001
0.14375000000000002,0.31562500000000004,0.045371093750000015
0.375,0.625,0.234375
0.178125,0.625,0.111328125
0.30312500000000003,0.5906250000000001,0.17903320312500004
0.290625,0.55625,0.16166015625000002
0.240625,0.6625000000000001,0.15941406250000004
0.19062500000000002,0.3125,0.05957031250000001
0.240625,0.515625,0.124072265625
0.1875,0.45625000000000004,0.08554687500000001
0.21428571428571427,0.5420560747663551,0.11615487316421894
0.21250000000000002,0.48750000000000004,0.10359375000000003
0.20625000000000002,0.5125000000000001,0.10570312500000002
0.22812500000000002,0.55625,0.12689453125000003
0.265625,0.5375,0.1427734375
0.159375,0.603125,0.09612304687499999
0.19375,0.521875,0.10111328124999999
0.20625000000000002,0.596875,0.12310546875000002
0.171875,0.5625,0.0966796875
0.19375,0.5750000000000001,0.11140625000000001
0.23750000000000002,0.628125,0.14917968750000002
0.23125,0.65,0.15031250000000002
0.190625,0.275,0.052421875
0.2,0.428125,0.085625
0.184375,0.340625,0.062802734375
0.178125,0.209375,0.037294921875000005
0.184375,0.41875,0.07720703125
0.340625,0.509375,0.17350585937500002
0.265625,0.521875,0.138623046875
0.478125,0.36875,0.17630859375000002
0.284375,0.578125,0.164404296875
0.290625,0.53125,0.15439453125000002
0.2,0.521875,0.104375
0.234375,0.6062500000000001,0.14208984375000003
0.28125,0.6125,0.172265625
0.134375,0.55625,0.07474609375
0.2,0.59375,0.11875000000000001
0.30625,0.634375,0.19427734375000003
0.225,0.578125,0.13007812500000002
0.22812500000000002,0.553125,0.126181640625
0.19062500000000002,0.540625,0.10305664062500001
0.18125000000000002,0.321875,0.05833984375000001
0.134375,0.51875,0.06970703125000001
0.19375,0.571875,0.11080078125000001
0.19687500000000002,0.609375,0.11997070312500001
0.1875,0.371875,0.0697265625
0.153125,0.53125,0.08134765625000001
0.175,0.5375,0.0940625
0.153125,0.40625,0.06220703125
0.13125,0.259375,0.034042968750000006
0.05,0.44375,0.0221875
0.34375,0.384375,0.13212890625
0.315625,0.59375,0.18740234375
0.1375,0.26875,0.036953125
0.14375,0.58125,0.0835546875
0.22187500000000002,0.509375,0.11301757812500002
0.2625,0.553125,0.1451953125
0.215625,0.578125,0.124658203125
0.17500000000000002,0.421875,0.07382812500000001
0.17500000000000002,0.278125,0.048671875
0.125,0.26875,0.03359375
0.134375,0.26875,0.03611328125
0.22187500000000002,0.625,0.138671875
0.22187500000000002,0.534375,0.11856445312500002
0.21250000000000002,0.30000000000000004,0.06375000000000001
0.234375,0.56875,0.13330078125
0.215625,0.565625,0.12196289062500001
0.16875,0.47500000000000003,0.08015625000000001
0.1625,0.26875,0.043671875
0.15000000000000002,0.4375,0.06562500000000002
0.171875,0.35000000000000003,0.06015625000000001
0.15937500000000002,0.56875,0.09064453125000001
0.22187500000000002,0.5750000000000001,0.12757812500000001
0.175,0.490625,0.08585937499999999
0.05625,0.4,0.022500000000000003
0.165625,0.5375,0.0890234375
0.228125,0.546875,0.124755859375
0.446875,0.390625,0.174560546875
0.140625,0.403125,0.056689453125000004
0.278125,0.490625,0.136455078125
0.22187500000000002,0.14375000000000002,0.031894531250000004
0.18125000000000002,0.603125,0.10931640625000001
0.2608695652173913,0.6510903426791277,0.16984965461194634
0.24375000000000002,0.534375,0.13025390625000002
0.240625,0.178125,0.042861328125
0.28125,0.5875,0.16523437500000002
0.12187500000000001,0.359375,0.043798828125
0.1875,0.55625,0.10429687500000001
0.19062500000000002,0.41250000000000003,0.07863281250000001
0.259375,0.55625,0.14427734375
0.246875,0.521875,0.128837890625
0.17500000000000002,0.446875,0.07820312500000001
0.17500000000000002,0.453125,0.079296875
0.296875,0.4375,0.1298828125
0.265625,0.53125,0.14111328125
0.15000000000000002,0.39687500000000003,0.059531250000000015
0.18125000000000002,0.321875,0.05833984375000001
0.128125,0.471875,0.060458984375
0.1875,0.403125,0.0755859375
0.2625,0.51875,0.13617187500000003
0.22812500000000002,0.565625,0.12903320312500002
0.2875,0.375,0.10781249999999999
0.21875,0.5,0.109375
0.171875,0.490625,0.084326171875
0.196875,0.546875,0.107666015625
0.140625,0.209375,0.029443359375000002
0.10625,0.259375,0.027558593750000002
0.1375,0.3125,0.04296875
0.273292,0.538941,0.147288263772
0.223602,0.52648,0.11772198095999999
0.16875,0.546875,0.09228515625
0.21250000000000002,0.503125,0.10691406250000002
0.25625,0.640625,0.16416015625
0.209375,0.596875,0.12497070312500001
0.153125,0.309375,0.047373046875000005
0.3375,0.4625,0.15609375000000003
0.15625,0.24375,0.0380859375
0.125,0.253125,0.031640625
0.184375,0.45625000000000004,0.08412109375000001
0.22049689440993786,0.5389408099688473,0.11883477486890731
0.153125,0.55625,0.08517578125000001
0.259375,0.484375,0.125634765625
0.178125,0.30000000000000004,0.05343750000000001
0.21250000000000002,0.571875,0.12152343750000001
0.240625,0.609375,0.146630859375
0.23125,0.5625,0.13007812500000002
0.1875,0.46875,0.087890625
0.234375,0.50625,0.11865234375
0.140625,0.30625,0.04306640625
0.22187500000000002,0.53125,0.11787109375
0.178125,0.40625,0.07236328125000001
0.234375,0.55,0.12890625
0.19687500000000002,0.42500000000000004,0.08367187500000002
0.184375,0.48750000000000004,0.08988281250000002
0.16875,0.40937500000000004,0.06908203125000001
0.37812500000000004,0.42500000000000004,0.16070312500000003
0.34375,0.525,0.18046875
0.16875,0.290625,0.049042968750000006
0.215625,0.55625,0.11994140625000001
0.15000000000000002,0.359375,0.05390625000000001
0.18125000000000002,0.515625,0.09345703125000002
0.184375,0.546875,0.100830078125
0.153125,0.275,0.042109375000000004
0.19062500000000002,0.30625,0.05837890625000001
0.23125,0.41250000000000003,0.095390625
0.36875,0.478125,0.17630859375000002
0.178125,0.56875,0.10130859375
0.37812500000000004,0.571875,0.21624023437500003
0.215625,0.546875,0.117919921875
0.12812500000000002,0.4,0.05125000000000001
0.184375,0.3125,0.0576171875
0.19062500000000002,0.24375000000000002,0.046464843750000005
0.16562500000000002,0.484375,0.080224609375
0.184375,0.521875,0.096220703125
0.2625,0.55625,0.146015625
0.25,0.53125,0.1328125
0.134375,0.325,0.043671875
0.215625,0.44062500000000004,0.09500976562500002
0.3125,0.478125,0.1494140625
0.16875,0.5625,0.094921875
0.17500000000000002,0.453125,0.079296875
0.140625,0.321875,0.045263671875
0.1875,0.35625,0.066796875
0.19375,0.446875,0.08658203125000001
0.19062500000000002,0.465625,0.08875976562500001
0.146875,0.30625,0.04498046875
0.153125,0.465625,0.071298828125
0.16562500000000002,0.403125,0.066767578125
0.275,0.584375,0.160703125
0.06875,0.496875,0.034160156250000004
0.36875,0.384375,0.14173828125000001
0.075,0.1875,0.014062499999999999
0.16875,0.4,0.0675
0.184375,0.403125,0.07432617187500001
0.2625,0.53125,0.139453125
0.21250000000000002,0.509375,0.10824218750000002
0.20625000000000002,0.125,0.025781250000000002
0.203125,0.59375,0.12060546875
0.334375,0.45,0.15046874999999998
0.184375,0.5625,0.1037109375
0.278125,0.271875,0.07561523437499999
0.2625,0.58125,0.152578125
0.35,0.346875,0.12140625
0.15625,0.146875,0.02294921875
0.14375000000000002,0.35000000000000003,0.05031250000000001
0.215625,0.48125,0.10376953125
0.171875,0.45,0.07734375
0.21250000000000002,0.415625,0.08832031250000001
0.1875,0.265625,0.0498046875
0.31875000000000003,0.640625,0.20419921875000002
0.25,0.5437500000000001,0.13593750000000002
0.203125,0.49375,0.10029296875
0.184375,0.50625,0.09333984375
0.41250000000000003,0.45625000000000004,0.18820312500000003
0.30625,0.40937500000000004,0.12537109375000002
0.28750000000000003,0.4625,0.13296875000000002
0.15937500000000002,0.465625,0.07420898437500001
0.21118,0.538941,0.11381356038
0.13354,0.314642,0.04201729267999999
0.149068,0.246106,0.036686529208
0.270186,0.53271,0.14393078405999998
0.276398,0.669782,0.185126405236
0.18125,0.546875,0.09912109375
0.35625,0.409375,0.14583984375
0.22812500000000002,0.5375,0.1226171875
0.225,0.5375,0.1209375
0.13125,0.23750000000000002,0.031171875000000005
0.225,0.5750000000000001,0.12937500000000002
0.178125,0.68125,0.12134765625
0.146875,0.596875,0.08766601562500001
0.203125,0.5375,0.1091796875
0.19062500000000002,0.35625,0.06791015625
0.1375,0.390625,0.05371093750000001
0.18125000000000002,0.41250000000000003,0.07476562500000002
0.16875,0.51875,0.08753906250000001
0.22187500000000002,0.609375,0.13520507812500002
0.259375,0.4625,0.11996093750000002
0.34375,0.546875,0.18798828125
0.23125,0.55625,0.1286328125
0.20625000000000002,0.55,0.11343750000000002
0.14375,0.54375,0.07816406249999999
0.24375,0.115625,0.02818359375
0.1875,0.41250000000000003,0.07734375
0.21250000000000002,0.5375,0.11421875000000001
0.209375,0.44375000000000003,0.09291015625000001
0.19375,0.40625,0.07871093750000001
0.17500000000000002,0.45625000000000004,0.07984375000000002
0.259375,0.478125,0.12401367187500002
0.37812500000000004,0.45,0.17015625000000004
0.20625000000000002,0.49375,0.10183593750000001
0.3375,0.240625,0.08121093750000001
0.31562500000000004,0.4,0.12625000000000003
0.22812500000000002,0.48125,0.10978515625000002
0.080745,0.199377,0.016098695865
0.290625,0.56875,0.16529296875000002
0.1625,0.35625,0.057890625
0.221875,0.321875,0.071416015625
0.134375,0.240625,0.032333984375
0.175,0.603125,0.105546875
0.24375,0.625,0.15234375
0.325,0.51875,0.16859375000000001
0.265625,0.33125,0.08798828125
0.2,0.28125,0.05625
0.2125,0.565625,0.12019531250000001
0.178125,0.340625,0.060673828125
0.1875,0.446875,0.08378906250000001
0.209375,0.50625,0.10599609374999999
0.178125,0.49375,0.08794921875
0.18125000000000002,0.36875,0.06683593750000001
0.21250000000000002,0.553125,0.11753906250000001
0.275,0.584375,0.160703125
0.296875,0.50625,0.15029296875
0.21875,0.496875,0.10869140625
0.203125,0.484375,0.098388671875
0.225,0.478125,0.10757812500000001
0.146875,0.628125,0.09225585937500001
0.19687500000000002,0.546875,0.10766601562500001
0.19687500000000002,0.53125,0.10458984375000001
0.22187500000000002,0.525,0.11648437500000001
0.27187500000000003,0.49062500000000003,0.13338867187500003
0.203125,0.3125,0.0634765625
0.25,0.571875,0.14296875
0.10312500000000001,0.61875,0.06380859375
0.21875,0.5437500000000001,0.11894531250000001
0.27187500000000003,0.496875,0.135087890625
0.19062500000000002,0.553125,0.105439453125
0.19375,0.30000000000000004,0.05812500000000001
0.204969,0.560748,0.11493595681200001
0.19687500000000002,0.51875,0.10212890625000003
0.184375,0.50625,0.09333984375
0.265625,0.465625,0.123681640625
0.35000000000000003,0.47500000000000003,0.16625000000000004
0.22812500000000002,0.56875,0.12974609375
0.215625,0.5625,0.1212890625
0.13125,0.259375,0.034042968750000006
0.246875,0.53125,0.13115234375
0.2,0.603125,0.12062500000000001
0.15625,0.59375,0.0927734375
0.17701863354037267,0.4984423676012461,0.08823358681140071
0.3125,0.503125,0.1572265625
0.228125,0.484375,0.11049804687499999
0.275,0.2875,0.0790625
0.184375,0.578125,0.106591796875
0.19375,0.584375,0.11322265625
0.178125,0.5625,0.10019531250000001
0.171875,0.515625,0.088623046875
0.240625,0.58125,0.13986328125000003
0.125,0.2625,0.0328125
0.18125000000000002,0.30625,0.05550781250000001
0.134375,0.178125,0.023935546874999998
0.22812500000000002,0.6000000000000001,0.13687500000000002
0.419255,0.367601,0.154118557255
0.203125,0.43125,0.08759765625
0.209375,0.553125,0.115810546875
0.21875,0.609375,0.13330078125
0.196875,0.61875,0.12181640625
0.16875,0.584375,0.09861328125
0.215625,0.609375,0.131396484375
0.13125,0.30625,0.040195312500000004
0.23125,0.578125,0.13369140625
0.1875,0.521875,0.09785156249999999
0.2,0.48750000000000004,0.09750000000000002
0.18125000000000002,0.5,0.09062500000000001
0.290625,0.546875,0.158935546875
0.140625,0.51875,0.07294921875
0.28750000000000003,0.59375,0.170703125
0.265625,0.64375,0.17099609375000002
0.240625,0.596875,0.14362304687500002
0.22187500000000002,0.55,0.12203125000000002
0.178125,0.478125,0.08516601562500001
0.078125,0.5875,0.0458984375
0.153125,0.525,0.08039062500000001
0.20625000000000002,0.37812500000000004,0.07798828125000001
0.28125,0.65625,0.1845703125
0.384375,0.25625,0.09849609375
0.278125,0.42812500000000003,0.11907226562500002
0.246875,0.50625,0.12498046875
0.21250000000000002,0.453125,0.09628906250000001
0.30625,0.49375,0.15121093750000003
0.19687500000000002,0.45625000000000004,0.08982421875000002
0.215625,0.22812500000000002,0.049189453125000004
0.2,0.234375,0.046875
0.20625000000000002,0.53125,0.1095703125
0.22812500000000002,0.453125,0.10336914062500001
0.19062500000000002,0.44062500000000004,0.08399414062500002
0.146875,0.30000000000000004,0.04406250000000001
0.18125000000000002,0.3375,0.061171875000000014
0.246875,0.625,0.154296875
0.278125,0.628125,0.17469726562500001
0.21250000000000002,0.525,0.11156250000000002
0.184375,0.525,0.096796875
0.225,0.4625,0.1040625
0.21875,0.49375,0.10800781250000001
0.22187500000000002,0.47187500000000004,0.10469726562500002
0.18125000000000002,0.503125,0.09119140625000002
0.13125,0.296875,0.03896484375
0.23125,0.56875,0.1315234375
0.378882,0.554517,0.210096509994
0.234375,0.58125,0.13623046875
0.21118,0.616822,0.13026046996
0.201863,0.576324,0.11633849161199998
0.136646,0.5919,0.0808807674
0.321875,0.41250000000000003,0.1327734375
0.17500000000000002,0.5,0.08750000000000001
0.228125,0.521875,0.119052734375
0.225,0.5625,0.1265625
0.15625,0.5625,0.087890625
0.2375,0.478125,0.1135546875
0.232919,0.595016,0.138590531704
0.36646,0.364486,0.13356953956
0.2,0.478125,0.09562500000000002
0.171875,0.325,0.055859375
0.18125000000000002,0.353125,0.06400390625
0.29375,0.259375,0.07619140625000001
0.225,0.59375,0.13359375
0.259375,0.58125,0.15076171875000002
0.22187500000000002,0.596875,0.132431640625
0.192547,0.311526,0.059983396722
0.19375,0.571875,0.11080078125000001
0.203125,0.628125,0.127587890625
0.215625,0.403125,0.086923828125
0.20625,0.28125,0.0580078125
0.2,0.515625,0.10312500000000001
0.15625,0.5625,0.087890625
0.2375,0.5625,0.13359374999999998
0.20807453416149066,0.5451713395638629,0.1134362725179466
0.22670807453416147,0.5794392523364486,0.13136355720671036
0.16875,0.309375,0.05220703125000001
0.4625,0.33437500000000003,0.1546484375
0.26875,0.5875,0.157890625
0.353125,0.26875,0.09490234375
0.29375,0.35000000000000003,0.10281250000000001
0.19687500000000002,0.565625,0.11135742187500001
0.275,0.6125,0.16843750000000002
0.14375000000000002,0.23750000000000002,0.03414062500000001
0.34375,0.40937500000000004,0.14072265625000002
0.203125,0.565625,0.114892578125
0.1375,0.634375,0.08722656250000001
0.2,0.63125,0.12625
0.209375,0.634375,0.13282226562500002
0.146875,0.28750000000000003,0.04222656250000001
0.325,0.425,0.138125
0.221875,0.6375,0.14144531249999998
0.171875,0.6,0.103125
0.490625,0.55,0.26984375
0.140625,0.29375,0.041308593750000004
0.171875,0.390625,0.067138671875
0.15937500000000002,0.359375,0.057275390625000006
0.2625,0.578125,0.1517578125
0.3375,0.603125,0.20355468750000003
0.17500000000000002,0.43125,0.07546875000000001
0.203125,0.5625,0.1142578125
0.21875,0.68125,0.1490234375
0.22812500000000002,0.55,0.12546875000000002
0.240625,0.5,0.1203125
0.203125,0.496875,0.10092773437500001
0.178125,0.48750000000000004,0.08683593750000002
0.17500000000000002,0.284375,0.049765625
0.18125000000000002,0.340625,0.06173828125000001
0.21250000000000002,0.4,0.08500000000000002
0.321875,0.47187500000000004,0.15188476562500003
0.37812500000000004,0.521875,0.19733398437500002
0.178125,0.503125,0.08961914062500001
0.21250000000000002,0.48750000000000004,0.10359375000000003
0.14375000000000002,0.578125,0.08310546875000001
0.253125,0.61875,0.15662109375
0.19062500000000002,0.42500000000000004,0.08101562500000002
0.296875,0.5750000000000001,0.170703125
0.19687500000000002,0.4625,0.09105468750000001
0.1875,0.51875,0.09726562500000001
0.1625,0.45937500000000003,0.07464843750000001
0.071429,0.398754,0.028482599466000003
0.19375,0.47187500000000004,0.09142578125
0.15625,0.45625000000000004,0.0712890625
0.1875,0.53125,0.099609375
0.134375,0.259375,0.034853515625000005
0.18125000000000002,0.353125,0.06400390625
0.21250000000000002,0.36562500000000003,0.07769531250000002
0.171875,0.453125,0.077880859375
0.16875,0.465625,0.07857421875000001
0.14375,0.290625,0.04177734375
0.14375,0.196875,0.028300781249999997
0.190625,0.65,0.12390625
0.190625,0.53125,0.10126953124999999
0.2625,0.628125,0.16488281250000003
0.296875,0.459375,0.136376953125
0.22187500000000002,0.5625,0.12480468750000001
0.225,0.59375,0.13359375
0.209375,0.5906250000000001,0.12366210937500002
0.296875,0.42500000000000004,0.12617187500000002
0.34375,0.553125,0.19013671875
0.215625,0.478125,0.10309570312500001
0.190625,0.509375,0.09709960937499999
0.2,0.484375,0.096875
0.1875,0.5125000000000001,0.09609375
0.16875,0.21250000000000002,0.035859375000000006
0.275,0.640625,0.176171875
0.21250000000000002,0.5625,0.11953125
0.2,0.465625,0.09312500000000001
0.215625,0.50625,0.10916015625
0.1875,0.525,0.09843750000000001
0.19375,0.4625,0.089609375
0.385093,0.373832,0.143960086376
0.1875,0.340625,0.0638671875
0.040625,0.49375,0.020058593750000003
0.36562500000000003,0.47187500000000004,0.17252929687500004
0.09375,0.259375,0.024316406250000002
0.22812500000000002,0.375,0.08554687500000001
0.275,0.48125,0.13234375
0.33125000000000004,0.53125,0.17597656250000002
0.226708,0.607477,0.13771989571600002
0.391304,0.358255,0.14018661452
0.21250000000000002,0.49375,0.10492187500000001
0.225,0.53125,0.11953125
0.225,0.41875,0.09421875
0.22187500000000002,0.5875,0.13035156250000002
0.19062500000000002,0.5750000000000001,0.10960937500000002
0.259375,0.603125,0.15643554687500003
0.25,0.5375,0.134375
0.48125,0.33125000000000004,0.15941406250000004
0.22812500000000002,0.553125,0.126181640625
0.17500000000000002,0.453125,0.079296875
0.23125,0.525,0.12140625000000001
0.19375,0.51875,0.10050781250000002
0.19687500000000002,0.51875,0.10212890625000003
0.20625000000000002,0.5375,0.11085937500000001
0.3125,0.25625000000000003,0.08007812500000001
0.257764,0.663551,0.171039559964
0.2625,0.6375000000000001,0.16734375
0.240625,0.5875,0.14136718750000002
0.115625,0.384375,0.044443359375000005
0.23125,0.49375,0.11417968750000002
0.23125,0.63125,0.1459765625
0.221875,0.609375,0.135205078125
0.23125,0.509375,0.11779296875
0.190625,0.35625,0.06791015624999999
0.18125,0.328125,0.05947265625
0.10625,0.30625,0.0325390625
0.171875,0.48125,0.08271484375
0.29375,0.65625,0.1927734375
0.209375,0.546875,0.114501953125
0.184375,0.49062500000000003,0.09045898437500001
0.14375000000000002,0.48750000000000004,0.07007812500000002
0.265625,0.146875,0.039013671875
0.40625,0.54375,0.2208984375
0.22187500000000002,0.584375,0.129658203125
0.134375,0.6156250000000001,0.08272460937500001
0.2,0.503125,0.10062500000000002
0.184375,0.49375,0.09103515625000001
0.21118012422360247,0.5794392523364486,0.12236605328844254
0.146875,0.596875,0.08766601562500001
0.209375,0.521875,0.109267578125
0.19687500000000002,0.48750000000000004,0.09597656250000001
0.24375000000000002,0.434375,0.10587890625000002
0.225,0.546875,0.123046875
0.19062500000000002,0.45625000000000004,0.08697265625000002
0.159375,0.5375,0.08566406249999999
0.21875,0.4625,0.10117187500000001
0.20625,0.39375,0.0812109375
0.171875,0.290625,0.049951171875000006
0.15625,0.375,0.05859375
0.246875,0.659375,0.16278320312500003
0.4125,0.3625,0.14953124999999998
0.040625,0.253125,0.010283203125
0.175,0.3125,0.0546875
0.246875,0.521875,0.128837890625
0.315625,0.45625,0.14400390624999998
0.15,0.634375,0.09515625
0.384375,0.296875,0.11411132812500001
0.50625,0.41250000000000003,0.208828125
0.15625,0.534375,0.08349609375
0.22812500000000002,0.584375,0.13331054687500002
0.17500000000000002,0.47187500000000004,0.08257812500000002
0.215625,0.6625,0.1428515625
0.171875,0.3875,0.0666015625
0.303125,0.609375,0.18471679687499998
0.384375,0.43125,0.16576171875
0.21250000000000002,0.40625,0.086328125
0.171875,0.546875,0.093994140625
0.171875,0.35000000000000003,0.06015625000000001
0.240625,0.5593750000000001,0.134599609375
0.34375,0.584375,0.20087890625
0.23125,0.5,0.115625
0.246875,0.61875,0.15275390625000002
0.2375,0.415625,0.0987109375
0.16562500000000002,0.40625,0.06728515625
0.253125,0.546875,0.138427734375
0.115625,0.225,0.026015625
0.328125,0.6062500000000001,0.19892578125000002
0.11875000000000001,0.578125,0.06865234375000001
0.15625,0.296875,0.04638671875
0.18125000000000002,0.5,0.09062500000000001
0.19062500000000002,0.546875,0.10424804687500001
0.171875,0.353125,0.060693359375000006
0.159375,0.346875,0.05528320312499999
0.196875,0.546875,0.107666015625
0.30625,0.596875,0.18279296875000003
0.321875,0.515625,0.16596679687500002
0.242236,0.582555,0.14111579298000002
0.190625,0.59375,0.11318359374999999
0.234375,0.5593750000000001,0.13110351562500003
0.4,0.540625,0.21625000000000003
0.19375,0.53125,0.1029296875
0.25625,0.578125,0.14814453125
0.16875,0.4125,0.069609375
0.184375,0.515625,0.09506835937500001
0.1875,0.5625,0.10546875
0.19375,0.528125,0.10232421875
0.10625,0.2625,0.027890625
0.384375,0.61875,0.23783203125000002
0.225,0.321875,0.07242187500000001
0.16875,0.296875,0.050097656250000004
0.140625,0.2625,0.036914062500000004
0.15625,0.28750000000000003,0.04492187500000001
0.234375,0.384375,0.090087890625
0.384375,0.478125,0.18377929687500003
0.15937500000000002,0.634375,0.10110351562500001
0.16875,0.553125,0.09333984375
0.2,0.546875,0.109375
0.240625,0.553125,0.133095703125
0.171875,0.48125,0.08271484375
0.203125,0.515625,0.104736328125
0.24375,0.36875,0.0898828125
0.23125,0.58125,0.13441406250000001
0.21875,0.5625,0.123046875
0.20625000000000002,0.58125,0.11988281250000002
0.16562500000000002,0.525,0.08695312500000002
0.16875,0.509375,0.08595703125000001
0.23750000000000002,0.55,0.13062500000000002
0.16562500000000002,0.36875,0.06107421875000001
0.034375,0.42500000000000004,0.014609375000000003
0.22812500000000002,0.521875,0.11905273437500001
0.16562500000000002,0.525,0.08695312500000002
0.16562500000000002,0.59375,0.09833984375000002
0.19375,0.609375,0.11806640625
0.19375,0.4625,0.089609375
0.178125,0.50625,0.09017578125
0.184375,0.521875,0.096220703125
0.20625000000000002,0.540625,0.11150390625
0.381988,0.504673,0.192779029924
0.23125,0.546875,0.12646484375
0.22187500000000002,0.515625,0.114404296875
0.275,0.521875,0.143515625
0.18323,0.489097,0.08961724331
0.26087,0.619938,0.16172322606
0.23913,0.654206,0.15644028078
0.236025,0.5919,0.13970319750000001
0.142857,0.560748,0.08010677703600001
0.340625,0.375,0.127734375
0.20625000000000002,0.546875,0.11279296875000001
0.296875,0.51875,0.15400390625000002
0.153125,0.403125,0.06172851562500001
0.15625,0.4,0.0625
0.16875,0.36875,0.062226562500000006
0.19375,0.5375,0.104140625
0.203125,0.56875,0.11552734375
0.10312500000000001,0.625,0.064453125
0.078125,0.465625,0.036376953125
0.16875,0.571875,0.09650390625000001
0.2,0.41875,0.08375
0.353125,0.396875,0.140146484375
0.28125,0.48125,0.1353515625
0.19687500000000002,0.4,0.07875000000000001
0.23750000000000002,0.525,0.12468750000000002
0.17500000000000002,0.540625,0.09460937500000001
0.16562500000000002,0.48125,0.07970703125000002
0.184375,0.340625,0.062802734375
0.1875,0.45625000000000004,0.08554687500000001
0.290625,0.540625,0.15711914062500001
0.2,0.584375,0.116875
0.20625000000000002,0.465625,0.09603515625
0.20625000000000002,0.53125,0.1095703125
0.19687500000000002,0.46875,0.09228515625000001
0.18125000000000002,0.5375,0.097421875
0.203125,0.47500000000000003,0.09648437500000001
0.184375,0.49062500000000003,0.09045898437500001
0.171875,0.478125,0.082177734375
0.20625000000000002,0.39375000000000004,0.08121093750000001
0.20625000000000002,0.540625,0.11150390625
0.12187500000000001,0.23125,0.028183593750000003
0.44062500000000004,0.46875,0.20654296875000003
0.184375,0.446875,0.082392578125
0.21875,0.565625,0.12373046875000002
0.328125,0.534375,0.175341796875
0.19062500000000002,0.384375,0.07327148437500001
0.184375,0.521875,0.096220703125
0.15937500000000002,0.5625,0.08964843750000001
0.14375000000000002,0.2,0.028750000000000005
0.375,0.61875,0.23203125000000002
0.30625,0.603125,0.18470703125000001
0.19062500000000002,0.340625,0.06493164062500001
0.26875,0.5625,0.15117187499999998
0.203125,0.540625,0.109814453125
0.22812500000000002,0.515625,0.11762695312500002
0.24375000000000002,0.534375,0.13025390625000002
0.1875,0.596875,0.11191406250000001
0.33437500000000003,0.37812500000000004,0.12643554687500003
0.209375,0.58125,0.12169921875000002
0.16875,0.546875,0.09228515625
0.21250000000000002,0.553125,0.11753906250000001
0.236025,0.610592,0.14411497680000002
0.341615,0.404984,0.13834860916
0.41875,0.51875,0.21722656250000003
0.203125,0.30625,0.06220703125
0.434375,0.41875,0.18189453125000002
0.225,0.440625,0.099140625
0.234375,0.615625,0.144287109375
0.29375,0.46875,0.1376953125
0.30625,0.5625,0.172265625
0.19687500000000002,0.4625,0.09105468750000001
0.209375,0.596875,0.12497070312500001
0.23125,0.546875,0.12646484375
0.23125,0.5625,0.13007812500000002
0.178125,0.309375,0.05510742187500001
0.16875,0.4,0.0675
0.128125,0.1375,0.0176171875
0.3125,0.48750000000000004,0.15234375
0.240625,0.584375,0.140615234375
0.16875,0.5375,0.090703125
0.1875,0.35625,0.066796875
0.1875,0.34375,0.064453125
0.384375,0.315625,0.121318359375
0.290625,0.428125,0.124423828125
0.275,0.275,0.07562500000000001
0.134375,0.528125,0.07096679687499999
0.203125,0.534375,0.108544921875
0.209375,0.5125,0.1073046875
0.1625,0.33125,0.053828125
0.2375,0.26875,0.063828125
0.14375,0.421875,0.060644531249999994
0.134375,0.540625,0.072646484375
0.171875,0.359375,0.061767578125
0.21875,0.53125,0.1162109375
0.20625000000000002,0.51875,0.10699218750000002
0.165625,0.34375,0.05693359375
0.153125,0.275,0.042109375000000004
0.203125,0.440625,0.08950195312499999
0.196875,0.328125,0.06459960937499999
0.178125,0.35625,0.06345703125
0.209375,0.60625,0.12693359375
0.353125,0.33125,0.11697265625
0.33125,0.571875,0.18943359375
0.24375,0.6375,0.15539062499999998
0.259375,0.590625,0.153193359375
0.29375,0.63125,0.1854296875
0.228125,0.496875,0.113349609375
0.21250000000000002,0.46875,0.09960937500000001
0.24375,0.65625,0.15996093749999998
0.1625,0.68125,0.11070312500000001
0.1375,0.30625,0.042109375000000004
0.29375,0.540625,0.15880859375
0.1875,0.5,0.09375
0.14375000000000002,0.296875,0.04267578125
0.184375,0.634375,0.11696289062500001
0.20496894409937888,0.5264797507788161,0.10791199860683809
0.19254658385093165,0.5669781931464174,0.10916971420831638
0.13354037267080746,0.367601246105919,0.04908960739923763
0.08074534161490683,0.14018691588785046,0.011319440413304694
0.136646,0.271028,0.037034892087999996
0.296875,0.3875,0.1150390625
0.31875000000000003,0.33437500000000003,0.10658203125000003
0.21250000000000002,0.546875,0.11621093750000001
0.21875,0.5375,0.11757812499999999
0.271875,0.4,0.10875
0.171875,0.253125,0.043505859375
0.22812500000000002,0.5875,0.1340234375
0.21250000000000002,0.55625,0.11820312500000002
0.209375,0.546875,0.114501953125
0.18322981366459626,0.5545171339563862,0.10160407112865462
0.19254658385093165,0.5264797507788161,0.10137187747915093
0.234375,0.55,0.12890625
0.434375,0.484375,0.21040039062500002
0.178125,0.465625,0.082939453125
0.2625,0.53125,0.139453125
0.10312500000000001,0.353125,0.036416015625000006
0.196875,0.53125,0.10458984375
0.221875,0.634375,0.140751953125
0.190625,0.5,0.0953125
0.084375,0.528125,0.044560546875
0.184375,0.521875,0.096220703125
0.184375,0.553125,0.101982421875
0.19687500000000002,0.5875,0.11566406250000001
0.15937500000000002,0.465625,0.07420898437500001
0.215625,0.584375,0.126005859375
0.153125,0.465625,0.071298828125
0.234375,0.61875,0.14501953125
0.090625,0.440625,0.039931640625
0.23125,0.48750000000000004,0.11273437500000001
0.215625,0.546875,0.117919921875
0.2,0.53125,0.10625000000000001
0.259375,0.55,0.14265625
0.31875000000000003,0.540625,0.17232421875000004
0.225,0.59375,0.13359375
0.0875,0.525,0.0459375
0.25,0.534375,0.13359375
0.19062500000000002,0.53125,0.10126953125
0.4,0.55,0.22000000000000003
0.225,0.30625,0.06890625
0.1625,0.328125,0.0533203125
0.146875,0.625,0.091796875
0.209375,0.65,0.13609375
0.16562500000000002,0.496875,0.08229492187500001
0.184375,0.546875,0.100830078125
0.221875,0.553125,0.12272460937499999
0.2125,0.546875,0.1162109375
0.209375,0.6,0.125625
0.22187500000000002,0.496875,0.11024414062500001
0.240625,0.61875,0.14888671875
0.134375,0.265625,0.035693359375
0.161491,0.342679,0.055339574389
0.22187500000000002,0.47500000000000003,0.10539062500000002
0.19375,0.525,0.10171875000000001
0.178125,0.359375,0.064013671875
0.225,0.5125000000000001,0.11531250000000001
0.16875,0.353125,0.05958984375000001
0.13125,0.35,0.0459375
0.16875,0.45937500000000003,0.07751953125000001
0.18125000000000002,0.484375,0.08779296875
0.240625,0.5375,0.1293359375
0.1875,0.453125,0.0849609375
0.225,0.640625,0.144140625
0.33437500000000003,0.634375,0.21211914062500004
0.178125,0.31875,0.05677734375
0.21875,0.384375,0.08408203125000001
0.171875,0.384375,0.066064453125
0.28125,0.590625,0.16611328125
0.409375,0.396875,0.16247070312499998
0.184375,0.3875,0.07144531250000001
0.121875,0.228125,0.027802734375
0.196875,0.521875,0.102744140625
0.128125,0.20625,0.026425781249999995
0.203125,0.6125,0.1244140625
0.15,0.2375,0.035625
0.259375,0.546875,0.141845703125
0.178125,0.55,0.09796875000000001
0.20625000000000002,0.58125,0.11988281250000002
0.125,0.34687500000000004,0.043359375000000006
0.178125,0.5625,0.10019531250000001
0.203125,0.596875,0.121240234375
0.19375,0.48125,0.0932421875
0.178125,0.5,0.0890625
0.25,0.55625,0.1390625
0.225,0.55,0.12375000000000001
0.2,0.546875,0.109375
0.18633540372670807,0.4454828660436137,0.08300922969756777
0.421875,0.465625,0.196435546875
0.23125,0.540625,0.12501953125
0.084375,0.4875,0.041132812500000004
0.15937500000000002,0.353125,0.05627929687500001
0.15625,0.353125,0.05517578125
0.15937500000000002,0.309375,0.04930664062500001
0.12812500000000002,0.30625,0.03923828125000001
0.171875,0.55625,0.09560546875
0.203125,0.565625,0.114892578125
0.259375,0.5875,0.15238281250000002
0.14375000000000002,0.609375,0.08759765625000002
0.153125,0.590625,0.090439453125
0.209375,0.578125,0.121044921875
0.184375,0.55625,0.10255859375000001
0.275,0.434375,0.11945312500000001
0.34375,0.47500000000000003,0.16328125000000002
0.290625,0.465625,0.13532226562500002
0.134375,0.63125,0.08482421875
0.175,0.578125,0.101171875
0.321875,0.29375,0.09455078125000001
0.253125,0.459375,0.116279296875
0.25,0.584375,0.14609375
0.184375,0.48750000000000004,0.08988281250000002
0.209375,0.496875,0.104033203125
0.209375,0.56875,0.11908203125
0.20625000000000002,0.496875,0.10248046875000001
0.134375,0.275,0.036953125
0.146875,0.509375,0.074814453125
0.19062500000000002,0.41250000000000003,0.07863281250000001
0.209375,0.58125,0.12169921875000002
0.19687500000000002,0.51875,0.10212890625000003
0.353125,0.240625,0.084970703125
0.1625,0.28750000000000003,0.04671875000000001
0.178125,0.321875,0.05733398437500001
0.225,0.609375,0.137109375
0.325,0.375,0.12187500000000001
0.22187500000000002,0.596875,0.132431640625
0.234375,0.603125,0.141357421875
0.196875,0.309375,0.060908203125
0.059375,0.5375,0.0319140625
0.215625,0.6375,0.1374609375
0.259375,0.584375,0.151572265625
0.25625,0.6125,0.156953125
0.246875,0.15000000000000002,0.03703125000000001
0.19062500000000002,0.42812500000000003,0.08161132812500001
0.203125,0.553125,0.112353515625
0.338509,0.442368,0.149745549312
0.0875,0.65625,0.057421875
0.203125,0.47187500000000004,0.095849609375
0.21250000000000002,0.48750000000000004,0.10359375000000003
0.203125,0.05,0.01015625
0.19375,0.484375,0.09384765625000001
0.41250000000000003,0.44375000000000003,0.18304687500000003
0.24375000000000002,0.56875,0.1386328125
0.21875,0.5750000000000001,0.12578125
0.20625000000000002,0.478125,0.09861328125000002
0.23750000000000002,0.609375,0.14472656250000002
0.23125,0.646875,0.14958984375
0.196875,0.415625,0.081826171875
0.184375,0.64375,0.11869140625000002
0.2375,0.603125,0.1432421875
0.153125,0.26875,0.04115234375
0.19375,0.5,0.096875
0.240625,0.5875,0.14136718750000002
0.22187500000000002,0.1625,0.0360546875
0.225,0.490625,0.11039062499999999
0.065625,0.4625,0.030351562500000002
0.309375,0.446875,0.13825195312500002
0.26875,0.49062500000000003,0.13185546875
0.17500000000000002,0.4,0.07
0.171875,0.578125,0.099365234375
0.23750000000000002,0.5593750000000001,0.13285156250000002
0.18125000000000002,0.40937500000000004,0.07419921875000002
0.203125,0.48750000000000004,0.0990234375
0.20625000000000002,0.5,0.10312500000000001
0.209375,0.47500000000000003,0.099453125
0.225,0.609375,0.137109375
0.15625,0.259375,0.04052734375
0.171875,0.503125,0.08647460937500001
0.184375,0.53125,0.09794921875000001
0.196875,0.53125,0.10458984375
0.2,0.47187500000000004,0.09437500000000001
0.21250000000000002,0.51875,0.11023437500000002
0.215625,0.509375,0.10983398437500001
0.140625,0.284375,0.039990234374999996
0.1375,0.35625,0.048984375000000004
0.153125,0.35625,0.054550781250000006
0.1625,0.521875,0.0848046875
0.1875,0.4,0.07500000000000001
0.253125,0.59375,0.15029296875
0.36250000000000004,0.30000000000000004,0.10875000000000003
0.208075,0.485981,0.10112049657500001
0.21118,0.47352,0.09999795360000001
0.164596,0.417445,0.06870977722
0.192547,0.358255,0.068980925485
0.173913,0.323988,0.056345725044000004
0.161491,0.352025,0.05684886927499999
0.310559,0.23053,0.07159316627
0.159375,0.459375,0.07321289062499999
0.184375,0.515625,0.09506835937500001
0.225,0.596875,0.134296875
0.20625,0.53125,0.10957031249999999
0.203125,0.546875,0.111083984375
0.2125,0.51875,0.11023437500000001
0.26875,0.553125,0.14865234375
0.2625,0.6468750000000001,0.16980468750000002
0.19254658385093165,0.367601246105919,0.0707803641570403
0.146875,0.321875,0.047275390625000004
0.16875,0.31562500000000004,0.05326171875000001
0.459627,0.323988,0.148913632476
0.3375,0.56875,0.191953125
0.26875,0.578125,0.15537109375
0.1875,0.45,0.084375
0.35,0.4375,0.15312499999999998
0.28125,0.55625,0.15644531250000002
0.171875,0.484375,0.083251953125
0.1,0.578125,0.0578125
0.215625,0.5,0.1078125
0.2625,0.603125,0.1583203125
0.1,0.225,0.022500000000000003
0.275,0.453125,0.12460937500000001
0.3375,0.484375,0.1634765625
0.21875,0.07187500000000001,0.01572265625
0.359375,0.340625,0.12241210937500001
0.184375,0.484375,0.089306640625
0.065625,0.22812500000000002,0.014970703125000002
0.1875,0.46875,0.087890625
0.259375,0.56875,0.14751953125
0.228125,0.353125,0.08055664062500001
0.246875,0.58125,0.14349609375000003
0.184375,0.45,0.08296875000000001
0.19062500000000002,0.53125,0.10126953125
0.265625,0.55,0.14609375000000002
0.265625,0.603125,0.160205078125
0.19687500000000002,0.33125000000000004,0.06521484375000001
0.215625,0.609375,0.131396484375
0.146875,0.26875,0.03947265625
0.15625,0.30312500000000003,0.04736328125000001
0.290625,0.6125,0.17800781250000003
0.2,0.46875,0.09375
0.19375,0.484375,0.09384765625000001
0.178125,0.509375,0.09073242187500001
0.16875,0.47500000000000003,0.08015625000000001
0.359375,0.565625,0.203271484375
0.171875,0.65625,0.11279296875
0.178125,0.47500000000000003,0.08460937500000001
0.24375000000000002,0.6781250000000001,0.16529296875000005
0.1875,0.31562500000000004,0.05917968750000001
0.203125,0.453125,0.092041015625
0.19375,0.509375,0.09869140625
0.22812500000000002,0.603125,0.13758789062500001
0.184375,0.58125,0.10716796875000001
0.22812500000000002,0.5625,0.1283203125
0.19062500000000002,0.371875,0.070888671875
0.18125000000000002,0.49062500000000003,0.08892578125000002
0.203125,0.578125,0.117431640625
0.22812500000000002,0.609375,0.13901367187500002
0.21875,0.5625,0.123046875
0.16562500000000002,0.35000000000000003,0.05796875000000001
0.178125,0.359375,0.064013671875
0.16875,0.28125,0.0474609375
0.17500000000000002,0.03125,0.0054687500000000005
0.178125,0.40937500000000004,0.07291992187500002
0.184375,0.515625,0.09506835937500001
0.161491,0.404984,0.065401271144
0.173913,0.383178,0.06663963551400001
0.167702,0.367601,0.061647422901999996
0.257764,0.476636,0.122859601904
0.184375,0.5625,0.1037109375
0.184375,0.353125,0.065107421875
0.22187500000000002,0.534375,0.11856445312500002
0.1875,0.48750000000000004,0.09140625000000001
0.290625,0.3375,0.09808593750000001
0.203125,0.584375,0.118701171875
0.15625,0.40625,0.0634765625
0.22187500000000002,0.578125,0.12827148437500002
0.13125,0.296875,0.03896484375
0.134375,0.28125,0.037792968749999996
0.146875,0.4,0.058750000000000004
0.201863,0.5919,0.1194827097
0.192547,0.619938,0.11936720208599999
0.360248,0.53271,0.19190771208000001
0.26087,0.495327,0.12921595449
0.158385,0.517134,0.08190626859
0.203125,0.46875,0.09521484375
0.28125,0.6375000000000001,0.17929687500000002
0.23750000000000002,0.565625,0.13433593750000003
0.234375,0.53125,0.12451171875
0.164596,0.327103,0.05383984538799999
0.152174,0.308411,0.046932135514
0.204969,0.454829,0.093225845301
0.26087,0.445483,0.11621315021
0.240625,0.51875,0.12482421875000001
0.3375,0.61875,0.20882812500000003
0.21250000000000002,0.48125,0.10226562500000001
0.259375,0.61875,0.16048828125000003
0.17500000000000002,0.5375,0.09406250000000001
0.21250000000000002,0.49375,0.10492187500000001
0.223602,0.604361,0.135136328322
0.34472,0.520249,0.17934023528
0.14285714285714285,0.24922118380062305,0.035603026257231864
0.209375,0.47500000000000003,0.099453125
0.15937500000000002,0.353125,0.05627929687500001
0.20625000000000002,0.49375,0.10183593750000001
0.23125,0.61875,0.1430859375
0.275,0.565625,0.15554687500000003
0.15528,0.545171,0.08465415288
0.309375,0.38125,0.11794921875
0.309375,0.45,0.13921875
0.2375,0.153125,0.0363671875
0.21250000000000002,0.578125,0.12285156250000001
0.3375,0.55625,0.187734375
0.178125,0.4,0.07125000000000001
0.2125,0.48125,0.102265625
0.0875,0.5375,0.04703125
0.196875,0.4125,0.0812109375
0.221875,0.534375,0.11856445312500001
0.203125,0.42812500000000003,0.08696289062500001
0.30625,0.55,0.16843750000000002
0.30625,0.6062500000000001,0.18566406250000003
0.17500000000000002,0.625,0.10937500000000001
0.1625,0.478125,0.0776953125
0.19375,0.44375000000000003,0.0859765625
0.20625000000000002,0.5625,0.11601562500000001
0.115625,0.353125,0.040830078125
0.153125,0.278125,0.042587890625000006
0.15937500000000002,0.4,0.06375000000000001
0.33125000000000004,0.35625,0.11800781250000002
0.19062500000000002,0.503125,0.09590820312500002
0.278125,0.609375,0.169482421875
0.125,0.23750000000000002,0.029687500000000002
0.25625,0.625,0.16015625
0.225,0.58125,0.13078125000000002
0.171875,0.41250000000000003,0.07089843750000001
0.28750000000000003,0.584375,0.16800781250000002
0.21875,0.46875,0.1025390625
0.17701863354037267,0.4672897196261682,0.08271898763568816
0.215625,0.115625,0.024931640625
0.1875,0.51875,0.09726562500000001
0.30625,0.58125,0.17800781250000003
0.253125,0.546875,0.138427734375
0.15937500000000002,0.546875,0.08715820312500001
0.384375,0.534375,0.20540039062500004
0.178125,0.340625,0.060673828125
0.16875,0.2625,0.044296875000000006
0.1125,0.19375,0.021796875
0.25625000000000003,0.609375,0.15615234375000003
0.178125,0.675,0.12023437500000002
0.340625,0.603125,0.205439453125
0.19375,0.371875,0.07205078125
0.22187500000000002,0.553125,0.122724609375
0.225,0.5625,0.1265625
0.18125000000000002,0.36562500000000003,0.06626953125000001
0.20496894409937888,0.411214953271028,0.08428629476983804
0.15625,0.44062500000000004,0.06884765625
0.17391304347826086,0.45794392523364486,0.07964242177976431
0.16459627329192544,0.411214953271028,0.06768444883032448
0.22981366459627328,0.5887850467289719,0.13531084924827305
0.1625,0.33437500000000003,0.05433593750000001
0.178125,0.5625,0.10019531250000001
0.353125,0.55625,0.19642578125000001
0.16562500000000002,0.36875,0.06107421875000001
0.20625000000000002,0.509375,0.10505859375000001
0.17080745341614906,0.5327102803738317,0.09099088639925697
0.14906832298136646,0.5202492211838006,0.07755267893423114
0.19687500000000002,0.453125,0.08920898437500001
0.184375,0.509375,0.09391601562500002
0.265625,0.634375,0.168505859375
0.29375,0.47187500000000004,0.13861328125000003
0.265625,0.521875,0.138623046875
0.25625000000000003,0.6125,0.15695312500000003
0.246875,0.540625,0.13346679687500002
0.234375,0.46875,0.10986328125
0.259375,0.5625,0.1458984375
0.17500000000000002,0.48750000000000004,0.08531250000000001
0.19687500000000002,0.4625,0.09105468750000001
0.31875000000000003,0.609375,0.19423828125000003
0.1625,0.31875000000000003,0.051796875000000006
0.3375,0.578125,0.1951171875
0.18125000000000002,0.5125000000000001,0.09289062500000002
0.215625,0.6125,0.1320703125
0.275,0.44375,0.12203125000000001
0.25,0.425,0.10625
0.371875,0.5375,0.1998828125
0.44375,0.4,0.1775
0.16562500000000002,0.321875,0.05331054687500001
0.2,0.565625,0.11312500000000002
0.334375,0.41875,0.14001953125
0.078125,0.54375,0.04248046875
0.259375,0.615625,0.15967773437500002
0.19062500000000002,0.49375,0.09412109375000001
0.184375,0.415625,0.07663085937500001
0.078125,0.12187500000000001,0.009521484375
0.15937500000000002,0.4375,0.0697265625
0.16562500000000002,0.359375,0.05952148437500001
0.234375,0.53125,0.12451171875
0.20625000000000002,0.5875,0.12117187500000001
0.2,0.309375,0.061875000000000006
0.259375,0.5625,0.1458984375
0.36875,0.453125,0.16708984375000002
0.2625,0.584375,0.1533984375
0.290625,0.55625,0.16166015625000002
0.18322981366459626,0.43302180685358255,0.07934250498248872
0.21118012422360247,0.43613707165109034,0.09210348096979547
0.290625,0.525,0.152578125
0.225,0.45,0.10125
0.215625,0.578125,0.124658203125
0.071875,0.6125,0.0440234375
0.3375,0.49062500000000003,0.16558593750000003
0.171875,0.353125,0.060693359375000006
0.19375,0.534375,0.10353515625000001
0.21875,0.55,0.12031250000000002
0.340625,0.55,0.18734375000000003
0.275,0.64375,0.17703125000000003
0.19875776397515527,0.4454828660436137,0.08854317834407228
0.115625,0.28125,0.032519531250000004
0.20625000000000002,0.5,0.10312500000000001
0.21875,0.53125,0.1162109375
0.171875,0.403125,0.069287109375
0.22187500000000002,0.609375,0.13520507812500002
0.234375,0.6000000000000001,0.14062500000000003
0.22812500000000002,0.584375,0.13331054687500002
0.184375,0.546875,0.100830078125
0.22187500000000002,0.509375,0.11301757812500002
0.284375,0.628125,0.178623046875
0.2329192546583851,0.5015576323987538,0.11682242990654204
0.17701863354037267,0.573208722741433,0.10146862483311081
0.36875,0.525,0.19359375
0.259375,0.45625000000000004,0.11833984375000002
0.23125,0.51875,0.11996093750000002
0.23750000000000002,0.521875,0.1239453125
0.359375,0.490625,0.17631835937499998
0.259375,0.5437500000000001,0.14103515625000002
0.234375,0.68125,0.15966796875
0.171875,0.290625,0.049951171875000006
0.240625,0.40625,0.09775390625000001
0.303125,0.4625,0.1401953125
0.328125,0.53125,0.17431640625
0.265625,0.5375,0.1427734375
0.1875,0.46875,0.087890625
0.178125,0.503125,0.08961914062500001
0.15937500000000002,0.41250000000000003,0.06574218750000001
0.1625,0.3625,0.05890625
0.209375,0.434375,0.09094726562500001
0.134375,0.3125,0.0419921875
0.15,0.534375,0.08015625
0.2125,0.625,0.1328125
0.234375,0.471875,0.110595703125
0.03125,0.55,0.0171875
0.2625,0.61875,0.16242187500000002
0.22187500000000002,0.65,0.14421875
0.146875,0.48125,0.07068359375000001
0.15937500000000002,0.53125,0.08466796875
0.2,0.4,0.08000000000000002
0.046875,0.09375,0.00439453125
0.071875,0.578125,0.041552734375
0.3375,0.559375,0.1887890625
0.21250000000000002,0.540625,0.11488281250000001
0.1875,0.5,0.09375
0.1875,0.284375,0.053320312499999994
0.20625000000000002,0.51875,0.10699218750000002
0.20625000000000002,0.534375,0.11021484375000001
0.390625,0.490625,0.191650390625
0.190625,0.61875,0.11794921875
0.47205,0.258567,0.12205655235
0.17500000000000002,0.44062500000000004,0.07710937500000002
0.184375,0.434375,0.080087890625
0.253125,0.6218750000000001,0.157412109375
0.19062500000000002,0.584375,0.11139648437500001
0.125,0.259375,0.032421875
0.278125,0.55625,0.15470703125000002
0.25,0.353125,0.08828125
0.215625,0.453125,0.09770507812500001
0.4,0.5,0.2
0.15625,0.30625,0.0478515625
0.19062500000000002,0.321875,0.06135742187500001
0.303125,0.24375,0.07388671875
0.30625,0.30625,0.09378906250000002
0.22187500000000002,0.47187500000000004,0.10469726562500002
0.30625,0.59375,0.18183593750000002
0.225,0.6000000000000001,0.13500000000000004
0.1625,0.628125,0.10207031250000001
0.178125,0.421875,0.075146484375
0.215625,0.53125,0.11455078125000001
0.04375,0.3125,0.013671875
0.1875,0.415625,0.07792968750000001
0.478125,0.4625,0.22113281250000003
0.146875,0.30625,0.04498046875
0.16875,0.48750000000000004,0.08226562500000001
0.21875,0.503125,0.11005859375000002
0.16562500000000002,0.353125,0.058486328125000014
0.203125,0.375,0.076171875
0.2875,0.4,0.11499999999999999
0.17500000000000002,0.45937500000000003,0.08039062500000001
0.184375,0.578125,0.106591796875
0.16875,0.590625,0.09966796875
0.21875,0.36875,0.08066406250000001
0.14375,0.4,0.057499999999999996
0.40625,0.4625,0.187890625
0.134375,0.353125,0.047451171875
0.253125,0.540625,0.136845703125
0.203125,0.40937500000000004,0.083154296875
0.084375,0.22812500000000002,0.019248046875000004
0.22049689440993786,0.5202492211838006,0.11471333759021689
0.146875,0.253125,0.037177734375
0.1375,0.2625,0.03609375000000001
0.209375,0.5875,0.12300781250000001
0.1875,0.596875,0.11191406250000001
0.19375,0.5281250000000001,0.10232421875000001
0.10625,0.478125,0.05080078125
0.146875,0.246875,0.036259765625
0.290625,0.61875,0.17982421875000001
0.171875,0.53125,0.09130859375
0.140625,0.5625,0.0791015625
0.2375,0.59375,0.141015625
0.103125,0.45,0.046406249999999996
0.234375,0.515625,0.120849609375
0.22187500000000002,0.565625,0.12549804687500002
0.240625,0.59375,0.14287109375
0.24375000000000002,0.640625,0.15615234375
0.19062500000000002,0.375,0.071484375
0.1375,0.284375,0.0391015625
0.203125,0.5437500000000001,0.11044921875000001
0.29375,0.5875,0.17257812500000003
0.203125,0.415625,0.084423828125
0.21875,0.5906250000000001,0.12919921875
0.209375,0.5906250000000001,0.12366210937500002
0.13125,0.26875,0.0352734375
0.25,0.553125,0.13828125
0.259375,0.55,0.14265625
0.08750000000000001,0.34375,0.030078125000000004
0.1625,0.546875,0.0888671875
0.209375,0.59375,0.12431640625
0.06875,0.55,0.037812500000000006
0.190625,0.6125,0.1167578125
0.20625000000000002,0.45937500000000003,0.09474609375000001
0.19375,0.49062500000000003,0.09505859375
0.225,0.44375000000000003,0.09984375000000001
0.23750000000000002,0.571875,0.1358203125
0.19062500000000002,0.578125,0.11020507812500001
0.19375,0.609375,0.11806640625
0.19375,0.47187500000000004,0.09142578125
0.29375,0.5625,0.16523437500000002
0.209375,0.603125,0.126279296875
0.178125,0.59375,0.10576171875
0.1875,0.5,0.09375
0.190625,0.515625,0.09829101562499999
0.175,0.3375,0.0590625
0.159375,0.55625,0.08865234375
0.25,0.65625,0.1640625
0.203125,0.59375,0.12060546875
0.18125,0.453125,0.08212890625
0.16875,0.346875,0.058535156250000005
0.434375,0.521875,0.226689453125
0.18125,0.525,0.09515625
0.11875,0.640625,0.07607421874999999
0.21875,0.45625000000000004,0.09980468750000002
0.203125,0.53125,0.10791015625
0.15937500000000002,0.43125,0.06873046875000001
0.18125000000000002,0.359375,0.06513671875
0.27187500000000003,0.22812500000000002,0.06202148437500001
0.059375000000000004,0.12812500000000002,0.007607421875000002
0.209375,0.53125,0.11123046875
0.18125000000000002,0.546875,0.09912109375000001
0.203125,0.5,0.1015625
0.203125,0.55625,0.11298828125
0.184375,0.515625,0.09506835937500001
0.1875,0.36875,0.06914062500000001
0.153125,0.36875,0.05646484375000001
0.309375,0.153125,0.047373046875000005
0.4125,0.53125,0.21914062499999998
0.090625,0.40625,0.036816406249999996
0.296875,0.5625,0.1669921875
0.1875,0.521875,0.09785156249999999
0.134375,0.30000000000000004,0.0403125
0.184375,0.290625,0.053583984375000004
0.17391304347826086,0.557632398753894,0.09697954760937287
0.22360248447204967,0.557632398753894,0.1246879897834794
0.20625000000000002,0.47500000000000003,0.09796875000000002
0.184375,0.5,0.0921875
0.19875776397515527,0.5856697819314641,0.1164064162845146
0.19565217391304346,0.5077881619937694,0.09934985778138966
0.20186335403726707,0.21806853582554517,0.04402004605174048
0.2795031055900621,0.5794392523364486,0.16195507052882102
0.2826086956521739,0.6573208722741433,0.18576459433834483
0.19687500000000002,0.46875,0.09228515625000001
0.36875,0.296875,0.10947265625000001
0.2,0.565625,0.11312500000000002
0.184375,0.34375,0.06337890625
0.225,0.60625,0.13640625
0.196875,0.340625,0.067060546875
0.171875,0.56875,0.09775390625
0.146875,0.44375,0.06517578125
0.2625,0.63125,0.165703125
0.046875,0.546875,0.025634765625
0.159375,0.29375,0.04681640625
0.13125,0.553125,0.07259765625
0.20625000000000002,0.4625,0.095390625
0.14375000000000002,0.325,0.04671875000000001
0.203125,0.4625,0.0939453125
0.19687500000000002,0.515625,0.10151367187500002
0.22049689440993786,0.5389408099688473,0.11883477486890731
0.19375,0.42500000000000004,0.08234375000000001
0.21250000000000002,0.41250000000000003,0.08765625000000002
0.15625,0.4,0.0625
0.22812500000000002,0.415625,0.09481445312500002
0.19062500000000002,0.403125,0.07684570312500001
0.19062500000000002,0.353125,0.067314453125
0.275,0.359375,0.098828125
0.0875,0.50625,0.04429687499999999
0.525,0.290625,0.152578125
0.270186,0.647975,0.17507377335
0.23913,0.613707,0.14675575491
0.161491,0.426791,0.06892290538099999
0.15838509316770186,0.24922118380062305,0.03947292041562663
0.20496894409937888,0.573208722741433,0.11748998664886515
0.19062500000000002,0.553125,0.105439453125
0.19062500000000002,0.578125,0.11020507812500001
0.1375,0.253125,0.0348046875
0.41250000000000003,0.30625,0.126328125
0.225,0.503125,0.11320312500000002
0.18322981366459626,0.4236760124610592,0.07763007681739903
0.16149068322981366,0.2866043613707165,0.04628393413440142
0.171875,0.515625,0.088623046875
0.25,0.540625,0.13515625
0.184375,0.40625,0.07490234375
0.12187500000000001,0.375,0.045703125000000004
0.21250000000000002,0.503125,0.10691406250000002
0.22187500000000002,0.584375,0.129658203125
0.17500000000000002,0.50625,0.08859375
0.259375,0.59375,0.15400390625000002
0.1875,0.51875,0.09726562500000001
0.278125,0.51875,0.14427734375
0.328125,0.5437500000000001,0.17841796875000002
0.225,0.584375,0.131484375
0.178125,0.45625000000000004,0.08126953125000001
0.21250000000000002,0.5375,0.11421875000000001
0.215625,0.50625,0.10916015625
0.17500000000000002,0.571875,0.10007812500000002
0.2,0.596875,0.11937500000000001
0.134375,0.5,0.0671875
0.275,0.61875,0.17015625
0.18125000000000002,0.446875,0.08099609375000001
0.28750000000000003,0.609375,0.17519531250000003
0.23125,0.584375,0.13513671875
0.19375,0.33125000000000004,0.06417968750000001
0.203125,0.403125,0.08188476562500001
0.18125,0.453125,0.08212890625
0.259375,0.384375,0.09969726562500002
0.259375,0.578125,0.149951171875
0.153125,0.1625,0.024882812500000004
0.184375,0.325,0.059921875000000006
0.109375,0.128125,0.014013671874999998
0.584375,0.421875,0.246533203125
0.209375,0.5875,0.12300781250000001
0.146875,0.41875,0.061503906250000004
0.22187500000000002,0.603125,0.133818359375
0.21875,0.5,0.109375
0.146875,0.359375,0.052783203125000004
0.10312500000000001,0.53125,0.05478515625
0.140625,0.259375,0.036474609375
0.22187500000000002,0.553125,0.122724609375
0.16562500000000002,0.35625,0.05900390625000001
0.23125,0.534375,0.12357421875000002
0.20625000000000002,0.546875,0.11279296875000001
0.23750000000000002,0.55625,0.132109375
0.1875,0.515625,0.0966796875
0.19687500000000002,0.4,0.07875000000000001
0.171875,0.45937500000000003,0.07895507812500001
0.178125,0.603125,0.107431640625
0.26875,0.571875,0.15369140625
0.26875,0.59375,0.1595703125
0.4625,0.48125,0.22257812500000002
0.19375,0.540625,0.10474609375
0.203125,0.4,0.08125
0.184375,0.484375,0.089306640625
0.371875,0.471875,0.175478515625
0.1625,0.45937500000000003,0.07464843750000001
0.259375,0.55625,0.14427734375
0.15937500000000002,0.43125,0.06873046875000001
0.19687500000000002,0.49375,0.09720703125000002
0.15625,0.45625000000000004,0.0712890625
0.184375,0.4375,0.08066406250000001
0.178125,0.465625,0.082939453125
0.109375,0.35625,0.03896484375
0.15625,0.340625,0.05322265625
0.384375,0.490625,0.188583984375
0.134375,0.34375,0.04619140625
0.240625,0.59375,0.14287109375
0.3375,0.5875,0.19828125000000002
0.225,0.509375,0.11460937500000001
0.16562500000000002,0.41250000000000003,0.06832031250000001
0.203125,0.284375,0.057763671875
0.1625,0.421875,0.0685546875
0.165625,0.209375,0.034677734375
0.19375,0.50625,0.0980859375
0.465625,0.49375,0.22990234375000002
0.184375,0.45625000000000004,0.08412109375000001
0.28125,0.55,0.1546875
0.175,0.278125,0.048671874999999996
0.303125,0.40625,0.12314453125
0.20625,0.478125,0.09861328125
0.315625,0.50625,0.15978515624999998
0.22812500000000002,0.534375,0.12190429687500003
0.19687500000000002,0.540625,0.10643554687500002
0.203125,0.515625,0.104736328125
0.384375,0.47187500000000004,0.18137695312500002
0.265625,0.603125,0.160205078125
0.275,0.55625,0.15296875000000001
0.21875,0.48750000000000004,0.10664062500000002
0.209375,0.596875,0.12497070312500001
0.16562500000000002,0.28125,0.04658203125
0.19375,0.553125,0.10716796875
0.25625000000000003,0.584375,0.14974609375
0.23125,0.6125,0.14164062500000002
0.259375,0.628125,0.162919921875
0.240625,0.5906250000000001,0.14211914062500003
0.328125,0.55625,0.18251953125
0.140625,0.4625,0.06503906250000001
0.1625,0.428125,0.0695703125
0.18125,0.5375,0.09742187499999999
0.140625,0.45,0.06328125
0.259375,0.634375,0.164541015625
0.271875,0.596875,0.162275390625
0.16875,0.553125,0.09333984375
0.140625,0.28125,0.03955078125
0.165625,0.6625,0.1097265625
0.209375,0.48125,0.10076171875
0.153125,0.290625,0.04450195312500001
0.1875,0.65,0.12187500000000001
0.215625,0.5625,0.1212890625
0.15625,0.50625,0.0791015625
0.3625,0.4,0.145
0.415625,0.325,0.13507812500000002
0.325,0.45625,0.14828125
0.19062500000000002,0.553125,0.105439453125
0.203125,0.525,0.106640625
0.246875,0.571875,0.14118164062500002
0.184375,0.521875,0.096220703125
0.353125,0.3875,0.1368359375
0.1875,0.45937500000000003,0.0861328125
0.19687500000000002,0.5,0.09843750000000001
0.209375,0.534375,0.11188476562500001
0.19375,0.59375,0.1150390625
0.340625,0.5593750000000001,0.19053710937500004
0.26875,0.51875,0.13941406250000002
0.16875,0.31562500000000004,0.05326171875000001
0.146875,0.346875,0.050947265625
0.20625,0.265625,0.054785156249999994
0.16875,0.275,0.04640625000000001
0.149068,0.308411,0.045974210948
0.26875,0.509375,0.13689453125
0.246875,0.603125,0.148896484375
0.1625,0.44375000000000003,0.072109375
0.215625,0.375,0.08085937500000001
0.19375,0.371875,0.07205078125
0.140625,0.584375,0.08217773437499999
0.225,0.671875,0.151171875
0.18125000000000002,0.43125,0.07816406250000002
0.21875,0.534375,0.11689453125000002
0.17500000000000002,0.40625,0.07109375000000001
0.25,0.578125,0.14453125
0.246875,0.65,0.16046875000000002
0.2,0.625,0.125
0.140625,0.40625,0.05712890625
0.1625,0.4,0.065
0.18125000000000002,0.525,0.09515625000000001
0.19062500000000002,0.609375,0.11616210937500002
0.259375,0.24375000000000002,0.06322265625000001
0.16562500000000002,0.46875,0.07763671875000001
0.178125,0.525,0.093515625
0.16875,0.515625,0.08701171875000001
0.096875,0.23125,0.02240234375
0.17500000000000002,0.45937500000000003,0.08039062500000001
0.21250000000000002,0.47187500000000004,0.10027343750000002
0.178125,0.51875,0.09240234375
0.18125000000000002,0.5125000000000001,0.09289062500000002
0.290625,0.609375,0.17709960937500002
0.21875,0.58125,0.12714843750000002
0.23125,0.521875,0.12068359375
0.178125,0.515625,0.091845703125
0.16562500000000002,0.51875,0.08591796875000002
0.209375,0.515625,0.107958984375
0.16562500000000002,0.353125,0.058486328125000014
0.39441,0.389408,0.15358640927999997
0.259375,0.64375,0.16697265625000002
0.10625,0.284375,0.030214843749999998
0.19375,0.384375,0.07447265625
0.240625,0.484375,0.11655273437500001
0.296875,0.578125,0.171630859375
0.18125000000000002,0.30625,0.05550781250000001
0.14375000000000002,0.296875,0.04267578125
0.178125,0.375,0.066796875
0.15000000000000002,0.45,0.06750000000000002
0.22187500000000002,0.465625,0.103310546875
0.19375,0.659375,0.12775390625000002
0.21250000000000002,0.571875,0.12152343750000001
0.36875,0.50625,0.1866796875
0.30312500000000003,0.478125,0.14493164062500002
0.15937500000000002,0.496875,0.079189453125
0.178125,0.48125,0.08572265625
0.18125000000000002,0.44375000000000003,0.08042968750000001
0.20625000000000002,0.546875,0.11279296875000001
0.2,0.46875,0.09375
0.19375,0.47187500000000004,0.09142578125
0.178125,0.478125,0.08516601562500001
0.178125,0.56875,0.10130859375
0.36875,0.5593750000000001,0.20626953125000003
0.19687500000000002,0.540625,0.10643554687500002
0.15937500000000002,0.321875,0.05129882812500001
0.21428571428571427,0.5077881619937694,0.10881174899866487
0.1875,0.5625,0.10546875
0.16875,0.546875,0.09228515625
0.19375,0.5,0.096875
0.321875,0.540625,0.17401367187500003
0.20625000000000002,0.484375,0.09990234375000001
0.171875,0.478125,0.082177734375
0.16875,0.29375,0.049570312500000005
0.20625,0.4875,0.100546875
0.24375,0.24375,0.059414062499999996
0.45625,0.4,0.1825
0.259375,0.540625,0.14022460937500003
0.2,0.559375,0.111875
0.3375,0.434375,0.1466015625
0.225,0.421875,0.094921875
0.350932,0.451713,0.158520546516
0.253125,0.58125,0.14712890625
0.190625,0.515625,0.09829101562499999
0.140625,0.278125,0.039111328125000004
0.153125,0.296875,0.045458984375000004
0.18125,0.296875,0.05380859375
0.16459627329192544,0.32087227414330216,0.052814380526692586
0.18322981366459626,0.5077881619937694,0.09304193030320619
0.18322981366459626,0.5327102803738317,0.09760840541011201
0.275,0.5875,0.16156250000000003
0.390625,0.55625,0.21728515625
0.15937500000000002,0.4625,0.07371093750000002
0.23125,0.53125,0.12285156250000001
0.19687500000000002,0.534375,0.10520507812500002
0.19062500000000002,0.36875,0.07029296875
0.19375,0.55625,0.10777343750000001
0.240625,0.59375,0.14287109375
0.19375,0.484375,0.09384765625000001
0.153125,0.26875,0.04115234375
0.16875,0.253125,0.04271484375
0.278125,0.53125,0.14775390625
0.11875000000000001,0.284375,0.03376953125
0.21428571428571427,0.5919003115264797,0.1268357810413885
0.17500000000000002,0.525,0.09187500000000001
0.21250000000000002,0.5750000000000001,0.12218750000000003
0.071875,0.521875,0.037509765625
0.215625,0.55,0.11859375000000001
0.259375,0.625,0.162109375
0.19687500000000002,0.5625,0.1107421875
0.384375,0.246875,0.09489257812500002
0.22187500000000002,0.496875,0.11024414062500001
0.14375000000000002,0.30000000000000004,0.04312500000000001
0.19062500000000002,0.29375,0.05599609375000001
0.1875,0.36875,0.06914062500000001
0.22187500000000002,0.609375,0.13520507812500002
0.30625,0.5125000000000001,0.15695312500000003
0.121875,0.31875,0.038847656249999994
0.209375,0.59375,0.12431640625
0.209375,0.584375,0.12235351562499999
0.146875,0.259375,0.038095703125000005
0.09375,0.578125,0.05419921875
0.3,0.571875,0.1715625
0.240625,0.265625,0.063916015625
0.13125,0.546875,0.07177734375
0.171875,0.34375,0.05908203125
0.1625,0.41250000000000003,0.06703125000000001
0.2,0.603125,0.12062500000000001
0.19062500000000002,0.5625,0.10722656250000001
0.23750000000000002,0.434375,0.10316406250000001
0.3375,0.41875,0.14132812500000003
0.16562500000000002,0.584375,0.09678710937500001
0.378125,0.359375,0.135888671875
0.146875,0.33125000000000004,0.04865234375000001
0.246875,0.640625,0.15815429687500002
0.153125,0.31875000000000003,0.04880859375000001
0.15625,0.434375,0.06787109375
0.2,0.453125,0.09062500000000001
0.19687500000000002,0.5,0.09843750000000001
0.242236,0.52648,0.12753240927999998
0.23125,0.59375,0.1373046875
0.1875,0.47187500000000004,0.08847656250000001
0.234375,0.19687500000000002,0.04614257812500001
0.17500000000000002,0.4625,0.08093750000000001
0.214286,0.598131,0.128171099466
0.201863,0.327103,0.066029992889
0.2,0.47187500000000004,0.09437500000000001
0.18125000000000002,0.509375,0.09232421875000002
0.19062500000000002,0.43125,0.08220703125
0.171875,0.5,0.0859375
0.253125,0.659375,0.166904296875
0.30625,0.515625,0.15791015625000002
0.1875,0.059375000000000004,0.0111328125
0.203125,0.5625,0.1142578125
0.203125,0.515625,0.104736328125
0.19687500000000002,0.53125,0.10458984375000001
0.321875,0.51875,0.16697265625000002
0.30625,0.6125,0.18757812500000004
0.225,0.521875,0.117421875
0.234375,0.565625,0.132568359375
0.115625,0.25625,0.02962890625
0.275,0.58125,0.15984375000000003
0.21875,0.565625,0.12373046875000002
0.19375,0.65625,0.12714843750000002
0.19062500000000002,0.45937500000000003,0.08756835937500002
0.21250000000000002,0.5437500000000001,0.11554687500000002
0.22187500000000002,0.496875,0.11024414062500001
0.1875,0.50625,0.09492187499999999
0.20625000000000002,0.51875,0.10699218750000002
0.253125,0.578125,0.146337890625
0.22670807453416147,0.5794392523364486,0.13136355720671036
0.173913,0.53271,0.09264519423
0.145963,0.535826,0.07821077043800001
0.217391,0.582555,0.126642214005
0.209375,0.5593750000000001,0.11711914062500002
0.196875,0.49375,0.09720703125
0.165625,0.4,0.06625
0.16875,0.390625,0.06591796875
0.215625,0.5625,0.1212890625
0.20625,0.228125,0.04705078125
0.253125,0.51875,0.13130859375
0.284375,0.565625,0.160849609375
0.13125,0.296875,0.03896484375
0.15937500000000002,0.3875,0.06175781250000001
0.240625,0.525,0.126328125
0.215625,0.53125,0.11455078125000001
0.21875,0.50625,0.11074218749999999
0.16875,0.4125,0.069609375
0.16875,0.484375,0.08173828125
0.20625000000000002,0.434375,0.08958984375000001
0.17500000000000002,0.478125,0.083671875
0.27187500000000003,0.596875,0.16227539062500004
0.44375000000000003,0.44062500000000004,0.19552734375000003
0.184375,0.578125,0.106591796875
0.20496894409937888,0.38006230529595014,0.07790096940848668
0.146875,0.321875,0.047275390625000004
0.165625,0.30625,0.050722656250000005
0.21875,0.55625,0.12167968750000001
0.34375,0.671875,0.23095703125
0.2125,0.603125,0.1281640625
0.15625,0.546875,0.08544921875
0.209375,0.296875,0.062158203125
0.084375,0.478125,0.040341796875
0.2,0.546875,0.109375
0.25,0.421875,0.10546875
0.178125,0.34375,0.06123046875
0.184375,0.321875,0.05934570312500001
0.246875,0.65625,0.16201171875
0.26875,0.5375,0.144453125
0.4375,0.415625,0.18183593750000002
0.209375,0.51875,0.10861328125000001
0.225,0.5375,0.1209375
0.21875,0.58125,0.12714843750000002
0.246875,0.371875,0.091806640625
0.25,0.371875,0.09296875
0.21875,0.5625,0.123046875
0.27187500000000003,0.35000000000000003,0.09515625000000003
0.2375,0.659375,0.1566015625
0.375,0.50625,0.18984374999999998
0.309375,0.61875,0.19142578125
0.184375,0.578125,0.106591796875
0.134375,0.265625,0.035693359375
0.1375,0.265625,0.036523437500000006
0.19375,0.49375,0.09566406250000001
0.397516,0.352025,0.13993556989999997
0.084375,0.21250000000000002,0.017929687500000003
0.353125,0.503125,0.17766601562500003
0.2,0.48750000000000004,0.09750000000000002
0.184375,0.6125,0.11292968750000001
0.171875,0.58125,0.09990234375000001
0.19687500000000002,0.565625,0.11135742187500001
0.1875,0.415625,0.07792968750000001
0.15937500000000002,0.55625,0.08865234375000001
0.19687500000000002,0.565625,0.11135742187500001
0.246875,0.5625,0.13886718750000002
0.1875,0.353125,0.06621093750000001
0.25,0.465625,0.11640625
0.275,0.546875,0.150390625
0.19062500000000002,0.496875,0.09471679687500001
0.259375,0.625,0.162109375
0.21875,0.553125,0.12099609374999999
0.13125,0.29375,0.038554687500000004
0.23750000000000002,0.525,0.12468750000000002
0.21875,0.453125,0.09912109375
0.15000000000000002,0.571875,0.08578125000000002
0.321875,0.49375,0.15892578125
0.19687500000000002,0.534375,0.10520507812500002
0.21875,0.6000000000000001,0.13125000000000003
0.153125,0.45937500000000003,0.07034179687500001
0.171875,0.42812500000000003,0.07358398437500001
0.234375,0.584375,0.136962890625
0.19375,0.565625,0.10958984375000001
0.4375,0.515625,0.2255859375
0.25625,0.6625,0.16976562499999998
0.259375,0.634375,0.164541015625
0.325,0.5625,0.18281250000000002
0.2,0.51875,0.10375000000000001
0.209375,0.625,0.130859375
0.265625,0.65,0.17265625
0.290625,0.521875,0.151669921875
0.17500000000000002,0.525,0.09187500000000001
0.30000000000000004,0.47500000000000003,0.14250000000000004
0.18633540372670807,0.4236760124610592,0.07894584083125326
0.225,0.534375,0.12023437500000002
0.254658,0.554517,0.141212190186
0.21739130434782608,0.42679127725856697,0.09278071244751455
0.22187500000000002,0.546875,0.12133789062500001
0.215625,0.59375,0.12802734375
0.146875,0.31562500000000004,0.046357421875000006
0.203125,0.56875,0.11552734375
0.159375,0.190625,0.030380859374999996
0.115625,0.571875,0.06612304687500001
0.2125,0.5625,0.11953124999999999
0.265625,0.61875,0.16435546875
0.21875,0.41875,0.0916015625
0.36875,0.48125,0.17746093750000003
0.215625,0.49062500000000003,0.10579101562500001
0.42500000000000004,0.35625,0.15140625000000002
0.15625,0.625,0.09765625
0.290625,0.540625,0.15711914062500001
0.15625,0.403125,0.06298828125
0.23125,0.61875,0.1430859375
0.25,0.28125,0.0703125
0.22812500000000002,0.51875,0.11833984375000002
0.27187500000000003,0.603125,0.16397460937500002
0.21250000000000002,0.578125,0.12285156250000001
0.20625,0.515625,0.10634765624999999
0.059375,0.440625,0.026162109375
0.223602,0.451713,0.10100393022599999
0.215625,0.415625,0.08961914062500001
0.15625,0.5,0.078125
0.19375,0.51875,0.10050781250000002
0.26875,0.49062500000000003,0.13185546875
0.446875,0.21875,0.09775390625000001
0.134375,0.253125,0.034013671875
0.203125,0.375,0.076171875
0.19687500000000002,0.51875,0.10212890625000003
0.203125,0.515625,0.104736328125
0.146875,0.240625,0.035341796875000005
0.16562500000000002,0.29375,0.04865234375000001
0.209375,0.571875,0.11973632812500001
0.28125,0.49062500000000003,0.13798828125
0.178125,0.4625,0.08238281250000001
0.26875,0.521875,0.14025390624999998
0.09375,0.46875,0.0439453125
0.332298,0.4081,0.1356108138
0.21250000000000002,0.30625,0.06507812500000001
0.225,0.5625,0.1265625
0.1875,0.23125,0.043359375000000006
0.215625,0.328125,0.070751953125
0.15625,0.48750000000000004,0.076171875
0.321875,0.521875,0.167978515625
0.290625,0.53125,0.15439453125000002
0.40937500000000004,0.3125,0.1279296875
0.284375,0.553125,0.157294921875
0.225,0.578125,0.13007812500000002
0.1625,0.259375,0.042148437500000004
0.209375,0.5593750000000001,0.11711914062500002
0.209375,0.534375,0.11188476562500001
0.203125,0.53125,0.10791015625
0.19687500000000002,0.5625,0.1107421875
0.19375,0.521875,0.10111328124999999
0.20625000000000002,0.55,0.11343750000000002
0.23125,0.503125,0.11634765625000001
0.253125,0.625,0.158203125
0.30312500000000003,0.51875,0.15724609375000004
0.209375,0.540625,0.11319335937500001
0.44062500000000004,0.33437500000000003,0.14733398437500003
0.30625,0.503125,0.15408203125000003
0.28750000000000003,0.515625,0.1482421875
0.14375000000000002,0.45625000000000004,0.06558593750000001
0.171875,0.446875,0.076806640625
0.23125,0.290625,0.06720703125000001
0.20625000000000002,0.234375,0.04833984375000001
0.17500000000000002,0.48125,0.08421875000000001
0.253125,0.521875,0.13209960937499998
0.1625,0.321875,0.0523046875
0.14375000000000002,0.30312500000000003,0.04357421875000001
0.321875,0.296875,0.09555664062500001
0.17391304347826086,0.49221183800623053,0.08560205878369226
0.2,0.47500000000000003,0.09500000000000001
0.246875,0.45625000000000004,0.11263671875000002
0.21739130434782608,0.5887850467289719,0.12799674928890695
0.24844720496894407,0.6199376947040498,0.15402178750411175
0.2,0.515625,0.10312500000000001
0.21875,0.578125,0.12646484375
0.146875,0.43125,0.06333984375
0.12812500000000002,0.353125,0.045244140625000005
0.184375,0.33437500000000003,0.06165039062500001
0.2,0.478125,0.09562500000000002
0.16562500000000002,0.453125,0.07504882812500001
0.225,0.36562500000000003,0.08226562500000001
0.1875,0.47500000000000003,0.0890625
0.153125,0.465625,0.071298828125
0.24375000000000002,0.61875,0.15082031250000003
0.15625,0.596875,0.09326171875
0.15000000000000002,0.565625,0.08484375000000002
0.15625,0.609375,0.09521484375
0.10625000000000001,0.5625,0.059765625
0.184375,0.55,0.10140625000000002
0.171875,0.30625,0.052636718750000006
0.240625,0.525,0.126328125
0.14375000000000002,0.578125,0.08310546875000001
0.23125,0.378125,0.08744140625
0.271875,0.3625,0.09855468749999999
0.10625,0.53125,0.0564453125
0.29375,0.56875,0.1670703125
0.22812500000000002,0.584375,0.13331054687500002
0.434375,0.453125,0.196826171875
0.371875,0.446875,0.16618164062500002
0.15625,0.353125,0.05517578125
0.325,0.3375,0.10968750000000001
0.184375,0.25625000000000003,0.04724609375000001
0.11875000000000001,0.2625,0.031171875000000005
0.1125,0.265625,0.0298828125
0.21875,0.571875,0.12509765625
0.340625,0.19687500000000002,0.06706054687500002
0.27187500000000003,0.41250000000000003,0.11214843750000002
0.19062500000000002,0.44062500000000004,0.08399414062500002
0.17080745341614906,0.3644859813084112,0.06225692227317582
0.2329192546583851,0.6043613707165109,0.14076740001160967
0.2329192546583851,0.5514018691588785,0.12843211238172633
0.14285714285714285,0.24922118380062305,0.035603026257231864
0.325,0.50625,0.16453125
0.465625,0.33437500000000003,0.155693359375
0.15000000000000002,0.434375,0.06515625000000001
0.140625,0.515625,0.072509765625
0.146875,0.603125,0.08858398437500001
0.153125,0.603125,0.09235351562500001
0.284375,0.565625,0.160849609375
0.22187500000000002,0.503125,0.11163085937500002
0.134375,0.48125,0.06466796875
0.134375,0.509375,0.068447265625
0.35,0.465625,0.16296875
0.171875,0.47187500000000004,0.08110351562500001
0.403125,0.384375,0.15495117187500002
0.2,0.546875,0.109375
0.22812500000000002,0.521875,0.11905273437500001
0.240625,0.55,0.13234375
0.23750000000000002,0.628125,0.14917968750000002
0.1875,0.534375,0.10019531250000001
0.065625,0.5125,0.0336328125
0.2625,0.6062500000000001,0.15914062500000004
0.36875,0.534375,0.19705078125000003
0.25625000000000003,0.478125,0.12251953125000002
0.1625,0.340625,0.05535156250000001
0.1625,0.353125,0.057382812500000005
0.21875,0.42812500000000003,0.09365234375
0.16875,0.26875,0.0453515625
0.278125,0.35625,0.09908203125000001
0.19062500000000002,0.5281250000000001,0.10067382812500002
0.29375,0.55625,0.16339843750000002
0.071875,0.475,0.034140624999999994
0.22812500000000002,0.496875,0.11334960937500001
0.19375,0.515625,0.09990234375
0.1875,0.290625,0.054492187500000004
0.215625,0.55,0.11859375000000001
0.177019,0.595016,0.10532913730400001
0.180124,0.566978,0.102126345272
0.15000000000000002,0.284375,0.04265625000000001
0.19375,0.31875000000000003,0.06175781250000001
0.20625000000000002,0.384375,0.07927734375
0.24375000000000002,0.2625,0.06398437500000001
0.21250000000000002,0.259375,0.05511718750000001
0.328125,0.5750000000000001,0.18867187500000002
0.321875,0.42812500000000003,0.137802734375
0.13125,0.55,0.07218750000000002
0.25,0.6125,0.153125
0.22670807453416147,0.4672897196261682,0.10593835258605676
0.22187500000000002,0.259375,0.05754882812500001
0.325,0.571875,0.18585937500000002
0.214286,0.598131,0.128171099466
0.142857,0.595016,0.085002200712
0.201863,0.576324,0.11633849161199998
0.13125,0.259375,0.034042968750000006
0.303125,0.421875,0.127880859375
0.25625000000000003,0.525,0.13453125000000002
0.225,0.4375,0.0984375
0.21250000000000002,0.53125,0.11289062500000001
0.203125,0.53125,0.10791015625
0.13125,0.265625,0.03486328125
0.240625,0.46875,0.11279296875
0.34375,0.478125,0.16435546875
0.16875,0.2625,0.044296875000000006
0.18012422360248445,0.470404984423676,0.08473133259805343
0.23602484472049687,0.4797507788161994,0.1132331030746309
0.18633540372670807,0.5545171339563862,0.1033261740291403
0.20807453416149066,0.4953271028037383,0.10306495617344864
0.171875,0.4,0.06875
0.18125000000000002,0.42812500000000003,0.07759765625000002
0.225,0.421875,0.094921875
0.42500000000000004,0.45937500000000003,0.19523437500000004
0.22187500000000002,0.578125,0.12827148437500002
0.275,0.65625,0.18046875
0.215625,0.2,0.043125000000000004
0.209375,0.540625,0.11319335937500001
0.17500000000000002,0.403125,0.07054687500000001
0.353125,0.265625,0.09379882812500001
0.215625,0.44062500000000004,0.09500976562500002
0.2625,0.6531250000000001,0.17144531250000003
0.21250000000000002,0.509375,0.10824218750000002
0.20625000000000002,0.56875,0.1173046875
0.263975,0.566978,0.14966801755
0.21250000000000002,0.44375000000000003,0.09429687500000002
0.240625,0.55625,0.13384765625
0.19375,0.440625,0.08537109375
0.20625,0.525,0.10828125
0.215625,0.515625,0.11118164062500001
0.13125,0.240625,0.03158203125
0.23125,0.3875,0.089609375
0.203125,0.45625000000000004,0.09267578125
0.12812500000000002,0.265625,0.034033203125
0.2625,0.50625,0.132890625
0.30625,0.53125,0.16269531250000002
0.23750000000000002,0.625,0.1484375
0.209375,0.484375,0.10141601562500001
0.296875,0.68125,0.20224609375
0.215625,0.640625,0.13813476562500002
0.15000000000000002,0.521875,0.07828125000000001
0.15625,0.34687500000000004,0.05419921875000001
0.1375,0.31562500000000004,0.04339843750000001
0.23125,0.634375,0.14669921875
0.146875,0.446875,0.06563476562500001
0.19062500000000002,0.509375,0.097099609375
0.153125,0.478125,0.07321289062500001
0.1625,0.359375,0.058398437500000004
0.25,0.6000000000000001,0.15000000000000002
0.1875,0.49062500000000003,0.0919921875
0.21250000000000002,0.55625,0.11820312500000002
0.19062500000000002,0.35000000000000003,0.06671875000000001
0.21875,0.546875,0.11962890625
0.19687500000000002,0.496875,0.09782226562500002
0.15937500000000002,0.26875,0.04283203125
0.33125000000000004,0.55625,0.18425781250000003
0.11875000000000001,0.109375,0.01298828125
0.23125,0.5750000000000001,0.13296875000000002
0.334375,0.59375,0.19853515624999998
0.321875,0.525,0.16898437500000002
0.175,0.44375,0.07765625
0.16875,0.4,0.0675
0.159375,0.4,0.06375
0.3,0.453125,0.1359375
0.21250000000000002,0.503125,0.10691406250000002
0.234375,0.4375,0.1025390625
0.19375,0.41250000000000003,0.079921875
0.296875,0.628125,0.18647460937500002
0.240625,0.203125,0.048876953125000004
0.25625000000000003,0.515625,0.13212890625
0.28125,0.265625,0.07470703125
0.301242,0.482866,0.145459519572
0.23125,0.525,0.12140625000000001
0.177019,0.336449,0.059557865531
0.198758,0.579439,0.115168136762
0.189441,0.595016,0.112720426056
0.254658,0.619938,0.157872171204
0.236025,0.601246,0.14190908715
0.209375,0.4,0.08375
0.215625,0.55,0.11859375000000001
0.1375,0.484375,0.0666015625
0.16562500000000002,0.503125,0.08333007812500001
0.225,0.371875,0.083671875
0.109375,0.584375,0.063916015625
0.184375,0.64375,0.11869140625000002
0.184375,0.31875000000000003,0.05876953125000001
0.19375,0.36250000000000004,0.07023437500000002
0.171875,0.359375,0.061767578125
0.2329192546583851,0.5264797507788161,0.12262727114413419
0.19375,0.44062500000000004,0.08537109375000002
0.415625,0.36875,0.15326171875000003
0.234375,0.4375,0.1025390625
0.203125,0.53125,0.10791015625
0.2,0.609375,0.12187500000000001
0.209375,0.515625,0.107958984375
0.18125000000000002,0.53125,0.09628906250000001
0.284375,0.10625000000000001,0.03021484375
0.23125,0.515625,0.11923828125000001
0.26087,0.629283,0.16416105621000002
0.253125,0.465625,0.117861328125
0.31875000000000003,0.5125000000000001,0.16335937500000003
0.42500000000000004,0.49375,0.20984375000000002
0.220497,0.638629,0.140815778613
0.17500000000000002,0.309375,0.054140625000000005
0.209375,0.58125,0.12169921875000002
0.20625000000000002,0.446875,0.09216796875000001
0.15000000000000002,0.30000000000000004,0.04500000000000001
0.19375,0.534375,0.10353515625000001
0.234375,0.58125,0.13623046875
0.16562500000000002,0.26875,0.044511718750000005
0.254658,0.595016,0.151525584528
0.209375,0.55625,0.11646484375
0.225,0.53125,0.11953125
0.215625,0.521875,0.112529296875
0.41250000000000003,0.5375,0.22171875000000002
0.209375,0.45,0.09421875
0.3,0.14375,0.043125
0.284375,0.309375,0.087978515625
0.30312500000000003,0.39375000000000004,0.11935546875000003
0.209375,0.49062500000000003,0.10272460937500001
0.20625000000000002,0.525,0.10828125000000001
0.16562500000000002,0.41875,0.06935546875000001
0.1875,0.371875,0.0697265625
0.21875,0.6000000000000001,0.13125000000000003
0.203125,0.46875,0.09521484375
0.275,0.55625,0.15296875000000001
0.2,0.503125,0.10062500000000002
0.11875000000000001,0.50625,0.0601171875
0.278125,0.575,0.159921875
0.2375,0.6,0.1425
0.22812500000000002,0.625,0.142578125
0.12187500000000001,0.415625,0.050654296875000004
0.24375000000000002,0.53125,0.12949218750000002
0.171875,0.546875,0.093994140625
0.2,0.546875,0.109375
0.16562500000000002,0.4,0.06625000000000002
0.171875,0.465625,0.080029296875
0.16875,0.48750000000000004,0.08226562500000001
0.30625,0.509375,0.15599609375
0.240625,0.478125,0.115048828125
0.278125,0.509375,0.14166992187500002
0.13125,0.40625,0.0533203125
0.3375,0.465625,0.15714843750000002
0.184375,0.584375,0.107744140625
0.16875,0.209375,0.03533203125000001
0.161491,0.314642,0.05081185122199999
0.186335,0.392523,0.073140773205
0.223602,0.492212,0.11005958762399999
0.295031,0.504673,0.148894179863
0.319876,0.641745,0.20527882362
0.25625000000000003,0.53125,0.1361328125
0.22812500000000002,0.496875,0.11334960937500001
0.18125000000000002,0.321875,0.05833984375000001
0.225,0.49375,0.11109375
0.403125,0.2625,0.10582031250000001
0.15625,0.353125,0.05517578125
0.22187500000000002,0.55,0.12203125000000002
0.15937500000000002,0.321875,0.05129882812500001
0.203125,0.515625,0.104736328125
0.19565217391304346,0.3395638629283489,0.06643640796424216
0.19062500000000002,0.5375,0.1024609375
0.22187500000000002,0.584375,0.129658203125
0.2608695652173913,0.5358255451713395,0.139780577001219
0.19687500000000002,0.5375,0.10582031250000001
0.21875,0.5625,0.123046875
0.20625000000000002,0.50625,0.1044140625
0.19687500000000002,0.525,0.10335937500000002
0.153125,0.36250000000000004,0.05550781250000001
0.2,0.553125,0.110625
0.203125,0.509375,0.103466796875
0.19687500000000002,0.503125,0.09905273437500002
0.209375,0.55625,0.11646484375
0.19375,0.42500000000000004,0.08234375000000001
0.310559,0.476636,0.148023599524
0.109375,0.6218750000000001,0.068017578125
0.22812500000000002,0.509375,0.11620117187500002
0.134375,0.30625,0.04115234375
0.13125,0.30625,0.040195312500000004
0.215625,0.36875,0.07951171875000002
0.24375000000000002,0.5906250000000001,0.14396484375000002
0.240625,0.56875,0.13685546875
0.30000000000000004,0.371875,0.11156250000000002
0.19375,0.55,0.10656250000000002
0.309375,0.628125,0.194326171875
0.1875,0.5375,0.10078124999999999
0.21250000000000002,0.59375,0.12617187500000002
0.259375,0.6156250000000001,0.15967773437500005
0.20625,0.59375,0.12246093749999999
0.234375,0.609375,0.142822265625
0.15838509316770186,0.27102803738317754,0.04292680095199396
0.12422360248447203,0.26479750778816197,0.03289410034635552
0.21250000000000002,0.5,0.10625000000000001
0.178125,0.540625,0.09629882812500001
0.134375,0.25625000000000003,0.034433593750000005
0.246875,0.596875,0.14735351562500001
0.19687500000000002,0.42500000000000004,0.08367187500000002
0.209375,0.41875,0.08767578125
0.184375,0.29375,0.05416015625000001
0.184375,0.6156250000000001,0.11350585937500002
0.23125,0.65625,0.1517578125
0.2125,0.2875,0.061093749999999995
0.284375,0.55625,0.15818359375
0.159375,0.534375,0.08516601562500001
0.184375,0.203125,0.037451171875
0.23125,0.365625,0.08455078125
0.1875,0.465625,0.0873046875
0.19375,0.3875,0.07507812500000001
0.196875,0.4125,0.0812109375
0.353125,0.325,0.11476562500000001
0.15937500000000002,0.3375,0.05378906250000001
0.15625,0.4125,0.064453125
0.15625,0.271875,0.04248046875
0.28125,0.553125,0.15556640624999998
0.34375,0.53125,0.1826171875
0.25,0.590625,0.14765625
0.2625,0.5875,0.15421875000000002
0.22812500000000002,0.571875,0.13045898437500003
0.28882,0.510903,0.14755900446
0.284375,0.55,0.15640625
0.1875,0.51875,0.09726562500000001
0.215625,0.5125000000000001,0.11050781250000002
0.19062500000000002,0.40937500000000004,0.07803710937500001
0.225,0.61875,0.13921875
0.22187500000000002,0.515625,0.114404296875
0.21875,0.415625,0.09091796875000001
0.353125,0.478125,0.16883789062500001
0.14375000000000002,0.45625000000000004,0.06558593750000001
0.19062500000000002,0.453125,0.086376953125
0.14375000000000002,0.4,0.05750000000000001
0.253125,0.5875,0.1487109375
0.17500000000000002,0.4,0.07
0.22812500000000002,0.1,0.022812500000000003
0.178125,0.565625,0.10075195312500002
0.234375,0.49062500000000003,0.11499023437500001
0.23750000000000002,0.55625,0.132109375
0.23125,0.634375,0.14669921875
0.290625,0.525,0.152578125
0.2125,0.478125,0.1016015625
0.265625,0.465625,0.123681640625
0.275,0.50625,0.13921875
0.309375,0.546875,0.169189453125
0.240625,0.415625,0.10000976562500001
0.225,0.5625,0.1265625
0.178125,0.45937500000000003,0.081826171875
0.24375000000000002,0.546875,0.13330078125
0.20625000000000002,0.49062500000000003,0.10119140625000002
0.184375,0.36875,0.06798828125
0.19062500000000002,0.515625,0.098291015625
0.215625,0.61875,0.13341796875
0.184375,0.42500000000000004,0.07835937500000001
0.178125,0.296875,0.052880859375
0.203125,0.671875,0.136474609375
0.171875,0.509375,0.087548828125
0.14375000000000002,0.665625,0.09568359375000002
0.22187500000000002,0.39375000000000004,0.08736328125000002
0.33437500000000003,0.45937500000000003,0.15360351562500002
0.240625,0.403125,0.097001953125
0.15937500000000002,0.453125,0.072216796875
0.371875,0.521875,0.194072265625
0.2577639751552795,0.6074766355140186,0.1565855923840483
0.15937500000000002,0.384375,0.06125976562500001
0.178125,0.41250000000000003,0.07347656250000001
0.20625,0.609375,0.12568359375
0.19375,0.49062500000000003,0.09505859375
0.16875,0.484375,0.08173828125
0.209375,0.521875,0.109267578125
0.203125,0.4625,0.0939453125
0.209375,0.5750000000000001,0.12039062500000001
0.16875,0.259375,0.04376953125000001
0.19375,0.4,0.07750000000000001
0.2,0.578125,0.115625
0.190625,0.503125,0.09590820312500001
0.284375,0.58125,0.16529296875000002
0.18125,0.41875,0.0758984375
0.146875,0.30625,0.04498046875
0.26875,0.625,0.16796875
0.290625,0.56875,0.16529296875000002
0.19687500000000002,0.30625,0.06029296875000001
0.184375,0.553125,0.101982421875
0.209375,0.453125,0.094873046875
0.1375,0.275,0.037812500000000006
0.34375,0.5375,0.184765625
0.35000000000000003,0.609375,0.21328125000000003
0.22187500000000002,0.5,0.11093750000000001
0.225,0.478125,0.10757812500000001
0.29375,0.34375,0.1009765625
0.18125000000000002,0.290625,0.05267578125000001
0.2329192546583851,0.6199376947040498,0.14439542578510475
0.19062500000000002,0.45,0.08578125
0.23750000000000002,0.61875,0.14695312500000002
0.153125,0.321875,0.049287109375000006
0.21875,0.553125,0.12099609374999999
0.19687500000000002,0.578125,0.11381835937500001
0.1375,0.25,0.034375
0.1875,0.5125000000000001,0.09609375
0.18125000000000002,0.503125,0.09119140625000002
0.19375,0.49062500000000003,0.09505859375
0.153125,0.515625,0.07895507812500001
0.19062500000000002,0.4375,0.0833984375
0.18125000000000002,0.403125,0.07306640625000001
0.215625,0.19062500000000002,0.041103515625
0.19375,0.353125,0.06841796875
0.124224,0.616822,0.076624096128
0.2,0.421875,0.084375
0.171875,0.45,0.07734375
0.21250000000000002,0.59375,0.12617187500000002
0.309375,0.671875,0.207861328125
0.109375,0.43125,0.047167968750000004
0.225,0.56875,0.12796875
0.278125,0.403125,0.112119140625
0.229814,0.096573,0.022193827422
0.23750000000000002,0.478125,0.11355468750000001
0.20625000000000002,0.55625,0.11472656250000002
0.115625,0.45,0.05203125
0.1375,0.51875,0.071328125
0.134375,0.503125,0.067607421875
0.22812500000000002,0.184375,0.04206054687500001
0.12187500000000001,0.11875000000000001,0.014472656250000002
0.23125,0.5625,0.13007812500000002
0.059375000000000004,0.15000000000000002,0.008906250000000003
0.196875,0.48125,0.09474609375
0.1625,0.4625,0.07515625000000001
0.090625,0.446875,0.040498046875
0.118012,0.205607,0.024264093284
0.1625,0.36875,0.059921875000000006
0.2875,0.390625,0.11230468749999999
0.146875,0.31875000000000003,0.046816406250000005
0.203125,0.48750000000000004,0.0990234375
0.18125000000000002,0.496875,0.09005859375000001
0.21250000000000002,0.515625,0.10957031250000002
0.178125,0.521875,0.092958984375
0.115625,0.578125,0.066845703125
0.1375,0.578125,0.0794921875
0.225,0.59375,0.13359375
0.309375,0.675,0.20882812500000003
0.19062500000000002,0.53125,0.10126953125
0.19375,0.521875,0.10111328124999999
0.178125,0.38125,0.06791015624999999
0.36875,0.365625,0.13482421875
0.303125,0.5625,0.1705078125
0.26875,0.409375,0.11001953125
0.184375,0.53125,0.09794921875000001
0.21875,0.4,0.08750000000000001
0.359375,0.459375,0.16508789062499998
0.20625,0.446875,0.09216796875
0.190625,0.515625,0.09829101562499999
0.225,0.58125,0.13078125000000002
0.253125,0.65,0.16453125
0.184375,0.575,0.106015625
0.046875,0.209375,0.009814453125
0.203125,0.41875,0.08505859375000001
0.415625,0.44375000000000003,0.18443359375
0.22812500000000002,0.603125,0.13758789062500001
0.209375,0.55625,0.11646484375
0.259375,0.603125,0.15643554687500003
0.16875,0.371875,0.06275390625
0.16875,0.415625,0.07013671875000001
0.196875,0.525,0.103359375
0.415625,0.309375,0.12858398437500002
0.178125,0.353125,0.06290039062500001
0.18125000000000002,0.553125,0.10025390625000001
0.20625000000000002,0.56875,0.1173046875
0.16562500000000002,0.4,0.06625000000000002
0.17500000000000002,0.42812500000000003,0.07492187500000001
0.2,0.515625,0.10312500000000001
0.184375,0.540625,0.09967773437500001
0.153125,0.259375,0.03971679687500001
0.15625,0.2625,0.041015625
0.20625000000000002,0.49375,0.10183593750000001
0.134375,0.359375,0.048291015624999996
0.2,0.45937500000000003,0.09187500000000001
0.22187500000000002,0.603125,0.133818359375
0.40937500000000004,0.375,0.15351562500000002
0.23750000000000002,0.36875,0.087578125
0.2625,0.415625,0.10910156250000001
0.30625,0.5906250000000001,0.18087890625000003
0.20625000000000002,0.515625,0.10634765625
0.13125,0.36875,0.0483984375
0.1625,0.503125,0.08175781250000001
0.21875,0.59375,0.1298828125
0.234375,0.496875,0.116455078125
0.22187500000000002,0.390625,0.086669921875
0.146875,0.46875,0.06884765625
0.24375000000000002,0.6062500000000001,0.14777343750000002
0.253125,0.565625,0.143173828125
0.290625,0.5375,0.1562109375
0.2546583850931677,0.5794392523364486,0.14755906425959248
0.115625,0.453125,0.052392578125000006
0.178125,0.40625,0.07236328125000001
0.30625,0.5125000000000001,0.15695312500000003
0.3375,0.484375,0.1634765625
0.14375000000000002,0.253125,0.036386718750000005
0.295031,0.47352,0.13970307912
0.29375,0.6218750000000001,0.18267578125000003
0.49062500000000003,0.40625,0.19931640625000002
0.21118012422360247,0.367601246105919,0.07763007681739903
0.259375,0.65,0.16859375000000001
0.171875,0.31875000000000003,0.05478515625000001
0.1875,0.384375,0.07207031250000001
0.19375,0.540625,0.10474609375
0.16562500000000002,0.446875,0.07401367187500002
0.22187500000000002,0.53125,0.11787109375
0.465625,0.38125000000000003,0.17751953125000003
0.2453416149068323,0.5451713395638629,0.13375321684951916
0.23125,0.53125,0.12285156250000001
0.22187500000000002,0.515625,0.114404296875
0.146875,0.2625,0.038554687500000004
0.2,0.30625,0.061250000000000006
0.2,0.53125,0.10625000000000001
0.14375000000000002,0.59375,0.0853515625
0.184375,0.28125,0.05185546875
0.215625,0.603125,0.13004882812500002
0.1875,0.22812500000000002,0.042773437500000004
0.13975155279503104,0.4174454828660436,0.05833865443780112
0.225,0.453125,0.101953125
0.26875,0.55625,0.1494921875
0.2,0.5593750000000001,0.11187500000000002
0.19062500000000002,0.51875,0.09888671875000002
0.29375,0.5,0.146875
0.40625,0.390625,0.15869140625
0.22187500000000002,0.478125,0.10608398437500001
0.19375,0.36875,0.07144531250000001
0.1875,0.503125,0.09433593750000001
0.25,0.5875,0.146875
0.209375,0.6156250000000001,0.128896484375
0.19254658385093165,0.5825545171339563,0.11216888218107232
0.19565217391304346,0.5763239875389408,0.11275904104022753
0.23125,0.625,0.14453125
0.178125,0.515625,0.091845703125
0.215625,0.5375,0.1158984375
0.225,0.546875,0.123046875
0.11875000000000001,0.609375,0.07236328125000001
0.34472,0.308411,0.10631543992
0.18125000000000002,0.5625,0.101953125
0.1875,0.30312500000000003,0.0568359375
0.1875,0.571875,0.10722656250000001
0.48125,0.540625,0.26017578125
0.321875,0.45937500000000003,0.14786132812500002
0.290625,0.515625,0.14985351562500002
0.19687500000000002,0.521875,0.10274414062500001
0.1875,0.609375,0.1142578125
0.22187500000000002,0.53125,0.11787109375
0.234375,0.625,0.146484375
0.26875,0.659375,0.17720703125
0.23125,0.63125,0.1459765625
0.184375,0.521875,0.096220703125
0.22812500000000002,0.65625,0.14970703125
0.17500000000000002,0.36875,0.06453125000000001
0.259375,0.565625,0.14670898437500002
0.171875,0.290625,0.049951171875000006
0.2453416149068323,0.5669781931464174,0.13910334552349993
0.1875,0.46875,0.087890625
0.465625,0.384375,0.178974609375
0.18125000000000002,0.359375,0.06513671875
0.240625,0.625,0.150390625
0.20625000000000002,0.51875,0.10699218750000002
0.075,0.53125,0.03984375
0.203125,0.36875,0.07490234375
0.215625,0.484375,0.104443359375
0.209375,0.471875,0.098798828125
0.1625,0.384375,0.06246093750000001
0.14375,0.584375,0.08400390625
0.28125,0.490625,0.13798828124999998
0.165625,0.5,0.0828125
0.040625,0.1,0.0040625
0.265625,0.596875,0.15854492187500002
0.19062500000000002,0.525,0.10007812500000002
0.16875,0.478125,0.08068359375
0.146875,0.22812500000000002,0.033505859375
0.184375,0.53125,0.09794921875000001
0.21250000000000002,0.540625,0.11488281250000001
0.465625,0.43125,0.20080078125
0.39687500000000003,0.4,0.15875000000000003
0.350932,0.386293,0.135562575076
0.321875,0.625,0.201171875
0.45625000000000004,0.36875,0.16824218750000003
0.22187500000000002,0.25625000000000003,0.05685546875000001
0.184375,0.534375,0.09852539062500001
0.215625,0.5625,0.1212890625
0.16875,0.48750000000000004,0.08226562500000001
0.17500000000000002,0.515625,0.090234375
0.078125,0.5593750000000001,0.04370117187500001
0.36250000000000004,0.375,0.13593750000000002
0.29375,0.540625,0.15880859375
0.209375,0.51875,0.10861328125000001
0.40625,0.45937500000000003,0.18662109375000002
0.259375,0.6218750000000001,0.16129882812500004
0.19687500000000002,0.584375,0.115048828125
0.1875,0.47187500000000004,0.08847656250000001
0.290625,0.61875,0.17982421875000001
0.246875,0.5875,0.1450390625
0.14375000000000002,0.275,0.03953125000000001
0.146875,0.2625,0.038554687500000004
0.2,0.4625,0.09250000000000001
0.19375,0.521875,0.10111328124999999
0.21250000000000002,0.53125,0.11289062500000001
0.23750000000000002,0.478125,0.11355468750000001
0.153125,0.36562500000000003,0.05598632812500001
0.15625,0.309375,0.04833984375
0.41875,0.415625,0.17404296875000003
0.19375,0.49062500000000003,0.09505859375
0.15625,0.209375,0.03271484375
0.275,0.55,0.15125000000000002
0.240625,0.30312500000000003,0.07293945312500001
0.1875,0.309375,0.058007812500000006
0.16459627329192544,0.3644859813084112,0.059993034190514875
0.16149068322981366,0.42679127725856697,0.06892281496101081
0.16459627329192544,0.48286604361370716,0.07947795127803253
0.2,0.47187500000000004,0.09437500000000001
0.203125,0.45,0.09140625000000001
0.309375,0.634375,0.19625976562500003
0.1625,0.61875,0.10054687500000001
0.190625,0.41875,0.07982421875
0.203125,0.415625,0.084423828125
0.1875,0.5125,0.09609374999999999
0.184375,0.371875,0.06856445312500001
0.21250000000000002,0.5625,0.11953125
0.47187500000000004,0.37812500000000004,0.17842773437500004
0.1875,0.45937500000000003,0.0861328125
0.215625,0.059375000000000004,0.012802734375000001
0.21875,0.48750000000000004,0.10664062500000002
0.25625000000000003,0.46875,0.12011718750000001
0.23750000000000002,0.484375,0.11503906250000001
0.434375,0.45,0.19546875
0.18125000000000002,0.40625,0.0736328125
0.22187500000000002,0.625,0.138671875
0.253125,0.56875,0.14396484375
0.209375,0.465625,0.097490234375
0.18125000000000002,0.53125,0.09628906250000001
0.19062500000000002,0.35625,0.06791015625
0.184375,0.403125,0.07432617187500001
0.35000000000000003,0.30000000000000004,0.10500000000000002
0.071875,0.596875,0.042900390625
0.19375,0.58125,0.11261718750000001
0.18125000000000002,0.45937500000000003,0.08326171875000002
0.209375,0.5625,0.11777343750000001
0.19687500000000002,0.55,0.10828125000000002
0.184375,0.26875,0.04955078125
0.190625,0.35625,0.06791015624999999
0.30625,0.296875,0.09091796875000001
0.16875,0.353125,0.05958984375000001
0.278125,0.584375,0.162529296875
0.24375,0.5875,0.14320312500000001
0.353125,0.6625,0.2339453125
0.20625000000000002,0.609375,0.12568359375000002
0.203125,0.484375,0.098388671875
0.35625,0.496875,0.17701171875000002
0.23750000000000002,0.5625,0.13359375
0.17500000000000002,0.390625,0.068359375
0.209375,0.53125,0.11123046875
0.178125,0.565625,0.10075195312500002
0.1625,0.49375,0.08023437500000001
0.109375,0.24375000000000002,0.026660156250000004
0.178125,0.353125,0.06290039062500001
0.21875,0.290625,0.06357421875000001
0.128125,0.459375,0.05885742187499999
0.178125,0.484375,0.08627929687500001
0.225,0.5875,0.1321875
0.171875,0.434375,0.074658203125
0.4,0.37812500000000004,0.15125000000000002
0.20625000000000002,0.38125000000000003,0.07863281250000001
0.18125000000000002,0.446875,0.08099609375000001
0.19375,0.46875,0.0908203125
0.16875,0.515625,0.08701171875000001
0.21739130434782608,0.6043613707165109,0.13138290667750235
0.21875,0.45937500000000003,0.10048828125
0.184375,0.49375,0.09103515625000001
0.209375,0.503125,0.10534179687500002
0.215625,0.51875,0.11185546875000002
0.109375,0.3875,0.0423828125
0.265625,0.609375,0.161865234375
0.18125000000000002,0.321875,0.05833984375000001
0.1875,0.4,0.07500000000000001
0.21875,0.55625,0.12167968750000001
0.2625,0.46875,0.123046875
0.146875,0.353125,0.051865234375000006
0.15625,0.41875,0.0654296875
0.21875,0.565625,0.12373046875000002
0.184375,0.53125,0.09794921875000001
0.25,0.4625,0.115625
0.17500000000000002,0.484375,0.08476562500000001
0.19687500000000002,0.47187500000000004,0.09290039062500002
0.242236,0.542056,0.131305477216
0.108696,0.17757,0.01930114872
0.225,0.5593750000000001,0.12585937500000002
0.184375,0.36562500000000003,0.06741210937500001
0.203125,0.35625,0.07236328125000001
0.22812500000000002,0.6062500000000001,0.13830078125000003
0.203125,0.478125,0.097119140625
0.20625000000000002,0.61875,0.1276171875
0.215625,0.40625,0.08759765625
0.20625000000000002,0.596875,0.12310546875000002
0.41875,0.390625,0.16357421875
0.21250000000000002,0.49062500000000003,0.10425781250000002
0.29375,0.625,0.18359375
0.209375,0.065625,0.013740234375
0.2625,0.6125,0.16078125000000001
0.165625,0.24375,0.040371093749999996
0.203125,0.503125,0.102197265625
0.19375,0.36875,0.07144531250000001
0.209375,0.534375,0.11188476562500001
0.225,0.571875,0.12867187500000002
0.2125,0.584375,0.1241796875
0.2625,0.525,0.1378125
0.078125,0.1,0.0078125
0.071875,0.259375,0.018642578125
0.14375,0.4,0.057499999999999996
0.203125,0.525,0.106640625
0.21875,0.584375,0.12783203125
0.25625,0.28125,0.0720703125
0.253125,0.10625,0.02689453125
0.21250000000000002,0.5,0.10625000000000001
0.04375,0.265625,0.011621093749999999
0.21250000000000002,0.515625,0.10957031250000002
0.18125000000000002,0.453125,0.08212890625000001
0.24375000000000002,0.59375,0.14472656250000002
0.14375000000000002,0.571875,0.08220703125
0.24375000000000002,0.546875,0.13330078125
0.14375000000000002,0.278125,0.039980468750000005
0.153125,0.50625,0.07751953125
0.16875,0.2625,0.044296875000000006
0.24375000000000002,0.578125,0.14091796875
0.20625000000000002,0.584375,0.12052734375
0.16562500000000002,0.40937500000000004,0.06780273437500002
0.18125000000000002,0.51875,0.09402343750000001
0.16875,0.509375,0.08595703125000001
0.203125,0.50625,0.10283203125
0.3375,0.275,0.09281250000000002
0.1875,0.36875,0.06914062500000001
0.22187500000000002,0.55,0.12203125000000002
0.19375,0.53125,0.1029296875
0.23125,0.58125,0.13441406250000001
0.2375,0.615625,0.1462109375
0.2,0.5625,0.1125
0.1625,0.36250000000000004,0.05890625000000001
0.26875,0.634375,0.17048828125
0.341615,0.423676,0.14473407674
0.23750000000000002,0.625,0.1484375
0.253125,0.53125,0.13447265625
0.22187500000000002,0.465625,0.103310546875
0.209375,0.565625,0.11842773437500001
0.275,0.5593750000000001,0.15382812500000004
0.403125,0.46875,0.18896484375
0.1875,0.51875,0.09726562500000001
0.21875,0.53125,0.1162109375
0.17500000000000002,0.453125,0.079296875
0.25,0.609375,0.15234375
0.30625,0.609375,0.18662109375000002
0.184375,0.321875,0.05934570312500001
0.26875,0.534375,0.14361328125
0.21875,0.5625,0.123046875
0.19687500000000002,0.521875,0.10274414062500001
0.2329192546583851,0.5763239875389408,0.1342369536193185
0.203125,0.49062500000000003,0.09965820312500001
0.19687500000000002,0.515625,0.10151367187500002
0.1875,0.60625,0.11367187499999999
0.240625,0.615625,0.148134765625
0.24375,0.484375,0.11806640624999999
0.225,0.528125,0.11882812499999999
0.190625,0.375,0.07148437499999999
0.14375,0.265625,0.038183593749999994
0.175,0.3375,0.0590625
0.265625,0.4875,0.1294921875
0.265625,0.515625,0.136962890625
0.21250000000000002,0.534375,0.11355468750000001
0.21875,0.64375,0.14082031250000002
0.22187500000000002,0.5,0.11093750000000001
0.15937500000000002,0.45,0.07171875000000001
0.18125000000000002,0.58125,0.10535156250000002
0.215625,0.45,0.09703125000000001
0.421875,0.4375,0.1845703125
0.421875,0.375,0.158203125
0.209375,0.44062500000000004,0.09225585937500001
0.1875,0.5875,0.11015625000000001
0.16562500000000002,0.53125,0.08798828125000001
0.19062500000000002,0.540625,0.10305664062500001
0.16875,0.525,0.08859375000000001
0.15625,0.553125,0.08642578125
0.2,0.540625,0.10812500000000001
0.1875,0.515625,0.0966796875
0.2,0.5593750000000001,0.11187500000000002
0.10625000000000001,0.525,0.05578125000000001
0.22187500000000002,0.48125,0.10677734375000002
0.36875,0.284375,0.10486328125
0.220497,0.5919,0.1305121743
0.301242,0.554517,0.16704381011400002
0.35625,0.42500000000000004,0.15140625000000002
0.27187500000000003,0.65,0.17671875000000004
0.215625,0.509375,0.10983398437500001
0.234375,0.55,0.12890625
0.203125,0.6125,0.1244140625
0.17500000000000002,0.5625,0.09843750000000001
0.22187500000000002,0.525,0.11648437500000001
0.171875,0.3375,0.058007812500000006
0.225,0.53125,0.11953125
0.21875,0.53125,0.1162109375
0.15937500000000002,0.353125,0.05627929687500001
0.23125,0.428125,0.09900390625
0.33125,0.659375,0.21841796875
0.22187500000000002,0.59375,0.13173828125
0.059375,0.5875,0.0348828125
0.184375,0.490625,0.090458984375
0.1875,0.46875,0.087890625
0.203125,0.55,0.11171875
0.278125,0.56875,0.15818359375
0.13125,0.23750000000000002,0.031171875000000005
0.23125,0.521875,0.12068359375
0.146875,0.59375,0.08720703125
0.234375,0.5875,0.1376953125
0.2,0.571875,0.114375
0.240625,0.61875,0.14888671875
0.225,0.54375,0.12234374999999999
0.071875,0.609375,0.043798828124999994
0.28125,0.528125,0.14853515625
0.20625000000000002,0.45,0.0928125
0.22187500000000002,0.584375,0.129658203125
0.209375,0.525,0.109921875
0.23125,0.55,0.1271875
0.21875,0.475,0.10390624999999999
0.128125,0.275,0.035234375
0.3,0.2375,0.07125
0.340625,0.278125,0.094736328125
0.290625,0.5750000000000001,0.16710937500000003
0.165625,0.609375,0.100927734375
0.209375,0.496875,0.104033203125
0.225,0.559375,0.125859375
0.19375,0.4625,0.089609375
0.3875,0.24375,0.094453125
0.3375,0.41875,0.14132812500000003
0.196875,0.240625,0.047373046875
0.17500000000000002,0.44375000000000003,0.07765625000000001
0.090625,0.53125,0.04814453125
0.146875,0.50625,0.07435546875
0.1875,0.55,0.10312500000000001
0.22812500000000002,0.41250000000000003,0.09410156250000001
0.36250000000000004,0.484375,0.1755859375
0.22812500000000002,0.3125,0.0712890625
0.17500000000000002,0.453125,0.079296875
0.1875,0.565625,0.10605468750000001
0.240625,0.5625,0.1353515625
0.2,0.509375,0.10187500000000001
0.24375,0.309375,0.07541015625
0.19062500000000002,0.40937500000000004,0.07803710937500001
0.178125,0.546875,0.097412109375
0.15,0.28125,0.042187499999999996
0.215625,0.546875,0.117919921875
0.065625,0.49375,0.03240234375
0.171875,0.4875,0.0837890625
0.1875,0.48125,0.090234375
0.16875,0.46875,0.0791015625
0.13125,0.446875,0.05865234375
0.221875,0.5875,0.1303515625
0.18125,0.559375,0.10138671875
0.259375,0.19375,0.05025390625000001
0.234375,0.628125,0.147216796875
0.19687500000000002,0.353125,0.06952148437500001
0.21250000000000002,0.553125,0.11753906250000001
0.215625,0.275,0.059296875000000006
0.1875,0.496875,0.0931640625
0.209375,0.546875,0.114501953125
0.209375,0.353125,0.07393554687500001
0.0375,0.35625,0.013359375
0.20625000000000002,0.5625,0.11601562500000001
0.15625,0.56875,0.0888671875
0.2,0.34375,0.06875
0.2625,0.240625,0.0631640625
0.159375,0.35625,0.05677734375
0.146875,0.440625,0.064716796875
0.14375,0.325,0.046718749999999996
0.2,0.434375,0.08687500000000001
0.271875,0.603125,0.163974609375
0.2125,0.403125,0.0856640625
0.190625,0.540625,0.103056640625
0.234375,0.5625,0.1318359375
0.209375,0.5875,0.12300781250000001
0.19062500000000002,0.45625000000000004,0.08697265625000002
0.171875,0.4875,0.0837890625
0.340625,0.48125,0.16392578125
0.22187500000000002,0.584375,0.129658203125
0.20625000000000002,0.571875,0.11794921875000001
0.19062500000000002,0.3125,0.05957031250000001
0.05,0.515625,0.025781250000000002
0.22187500000000002,0.5281250000000001,0.11717773437500002
0.4,0.5,0.2
0.225,0.5375,0.1209375
0.12187500000000001,0.30000000000000004,0.03656250000000001
0.21428571428571427,0.4485981308411215,0.09612817089452602
0.178125,0.46875,0.08349609375
0.2625,0.625,0.1640625
0.209375,0.409375,0.085712890625
0.134375,0.6218750000000001,0.08356445312500001
0.21250000000000002,0.584375,0.12417968750000001
0.21875,0.5750000000000001,0.12578125
0.19687500000000002,0.565625,0.11135742187500001
0.19062500000000002,0.51875,0.09888671875000002
0.22812500000000002,0.640625,0.146142578125
0.2,0.515625,0.10312500000000001
0.22812500000000002,0.553125,0.126181640625
0.353125,0.290625,0.10262695312500002
0.265625,0.575,0.15273437499999998
0.190625,0.296875,0.056591796874999996
0.196875,0.290625,0.057216796875
0.225,0.55625,0.12515625
0.15,0.41875,0.0628125
0.2,0.321875,0.064375
0.234375,0.178125,0.041748046875
0.271875,0.4375,0.11894531249999998
0.175,0.465625,0.081484375
0.2,0.440625,0.08812500000000001
0.17500000000000002,0.30625,0.05359375000000001
0.1625,0.275,0.044687500000000005
0.15000000000000002,0.384375,0.05765625000000001
0.18125000000000002,0.290625,0.05267578125000001
0.19062500000000002,0.321875,0.06135742187500001
0.20625000000000002,0.6062500000000001,0.12503906250000002
0.25,0.546875,0.13671875
0.19687500000000002,0.521875,0.10274414062500001
0.171875,0.47187500000000004,0.08110351562500001
0.41250000000000003,0.371875,0.1533984375
0.25,0.18125000000000002,0.045312500000000006
0.13125,0.215625,0.028300781250000004
0.20807453416149066,0.4984423676012461,0.10371316344497977
0.403125,0.509375,0.205341796875
0.375,0.31875000000000003,0.11953125
0.19375,0.340625,0.06599609375
0.15937500000000002,0.415625,0.06624023437500001
0.171875,0.41250000000000003,0.07089843750000001
0.1875,0.3875,0.07265625
0.18125,0.34375,0.0623046875
0.159375,0.49375,0.07869140625
0.16875,0.2625,0.044296875000000006
0.521875,0.446875,0.233212890625
0.325,0.584375,0.189921875
0.178125,0.49375,0.08794921875
0.22187500000000002,0.478125,0.10608398437500001
0.18322981366459626,0.514018691588785,0.09418354907993265
0.12187500000000001,0.259375,0.031611328125000004
0.16875,0.36875,0.062226562500000006
0.14375000000000002,0.3375,0.04851562500000001
0.246875,0.540625,0.13346679687500002
0.184375,0.6125,0.11292968750000001
0.18125,0.60625,0.10988281249999998
0.16875,0.665625,0.11232421875000001
0.23125,0.41875,0.09683593750000001
0.39375,0.525,0.20671875
0.31875,0.625,0.19921875
0.28125,0.5625,0.158203125
0.16562500000000002,0.30000000000000004,0.049687500000000016
0.178125,0.5625,0.10019531250000001
0.16562500000000002,0.41875,0.06935546875000001
0.12812500000000002,0.21250000000000002,0.027226562500000006
0.1875,0.340625,0.0638671875
0.203125,0.325,0.06601562500000001
0.18125000000000002,0.375,0.06796875000000001
0.178125,0.49062500000000003,0.08739257812500001
0.359375,0.446875,0.16059570312500002
0.259375,0.534375,0.13860351562500003
0.403125,0.3875,0.1562109375
0.203125,0.540625,0.109814453125
0.140625,0.253125,0.035595703124999996
0.27187500000000003,0.25625000000000003,0.06966796875000002
0.31875,0.534375,0.17033203125000002
0.215625,0.6218750000000001,0.13409179687500003
0.275,0.446875,0.12289062500000002
0.215625,0.13125,0.028300781250000004
0.29375,0.478125,0.14044921875000002
0.16875,0.371875,0.06275390625
0.17500000000000002,0.509375,0.08914062500000001
0.171875,0.51875,0.08916015625000001
0.128125,0.55625,0.07126953124999999
0.3875,0.353125,0.1368359375
0.184375,0.275,0.05070312500000001
0.234375,0.440625,0.103271484375
0.259375,0.50625,0.13130859375
0.18125000000000002,0.515625,0.09345703125000002
0.18125000000000002,0.4625,0.08382812500000002
0.146875,0.30625,0.04498046875
0.40625,0.36875,0.1498046875
0.16562500000000002,0.50625,0.08384765625000001
0.16562500000000002,0.49375,0.08177734375000001
0.263975,0.535826,0.14144466835000002
0.1875,0.465625,0.0873046875
0.1875,0.453125,0.0849609375
0.2,0.55,0.11000000000000001
0.2,0.5,0.1
0.05625,0.41875,0.0235546875
0.18125000000000002,0.453125,0.08212890625000001
0.35000000000000003,0.5750000000000001,0.20125000000000004
0.45625000000000004,0.478125,0.21814453125000002
0.19687500000000002,0.5906250000000001,0.11627929687500002
0.184375,0.421875,0.077783203125
0.19062500000000002,0.41875,0.07982421875000001
0.34375,0.45625000000000004,0.15683593750000002
0.19375,0.4,0.07750000000000001
0.19375,0.571875,0.11080078125000001
0.240625,0.28750000000000003,0.0691796875
0.19687500000000002,0.540625,0.10643554687500002
0.215625,0.534375,0.11522460937500001
0.290625,0.2625,0.0762890625
0.26875,0.56875,0.15285156249999998
0.27187500000000003,0.496875,0.135087890625
0.225,0.56875,0.12796875
0.240625,0.49375,0.11880859375000001
0.215625,0.546875,0.117919921875
0.223602,0.595016,0.133046767632
0.124224,0.58567,0.07275427008
0.30625,0.603125,0.18470703125000001
0.18633540372670807,0.367601246105919,0.06849712660358738
0.2670807453416149,0.660436137071651,0.17638977573963352
0.14285714285714285,0.2616822429906542,0.037383177570093455
0.24223602484472048,0.5700934579439252,0.13809717304231728
0.12187500000000001,0.553125,0.067412109375
0.15000000000000002,0.596875,0.08953125000000002
0.178125,0.5,0.0890625
0.153125,0.26875,0.04115234375
0.19687500000000002,0.553125,0.108896484375
0.16875,0.0625,0.010546875
0.29375,0.55,0.16156250000000003
0.171875,0.525,0.090234375
0.203125,0.546875,0.111083984375
0.209375,0.565625,0.11842773437500001
0.15528,0.249221,0.03869903688
0.28882,0.4081,0.11786744200000002
0.178125,0.5375,0.09574218749999999
0.15625,0.42500000000000004,0.06640625
0.19062500000000002,0.553125,0.105439453125
0.16875,0.521875,0.08806640625
0.23125,0.2125,0.049140625
0.328125,0.45,0.14765625000000002
0.278125,0.4125,0.1147265625
0.165625,0.39375,0.06521484375
0.2375,0.19375,0.046015625
0.278125,0.534375,0.14862304687500003
0.103125,0.2,0.020625
0.14375,0.259375,0.03728515625
0.1625,0.30625,0.04976562500000001
0.2125,0.425,0.09031249999999999
0.240625,0.53125,0.12783203125
0.2,0.503125,0.10062500000000002
0.290625,0.6,0.174375
0.2,0.42812500000000003,0.085625
0.22187500000000002,0.5375,0.1192578125
0.18125000000000002,0.525,0.09515625000000001
0.24375000000000002,0.6062500000000001,0.14777343750000002
0.203125,0.15,0.03046875
0.153125,0.325,0.04976562500000001
0.178125,0.50625,0.09017578125
0.22812500000000002,0.41250000000000003,0.09410156250000001
0.371875,0.48125,0.17896484375000002
0.19687500000000002,0.571875,0.11258789062500002
0.21875,0.553125,0.12099609374999999
0.178125,0.4625,0.08238281250000001
0.18125000000000002,0.3375,0.061171875000000014
0.328125,0.5625,0.1845703125
0.340625,0.509375,0.17350585937500002
0.290625,0.55625,0.16166015625000002
0.2,0.625,0.125
0.21250000000000002,0.5375,0.11421875000000001
0.2546583850931677,0.6105919003115264,0.15549234728430175
0.15625,0.603125,0.09423828125
0.203125,0.296875,0.060302734375
0.290625,0.58125,0.16892578125000002
0.225,0.66875,0.15046874999999998
0.17500000000000002,0.53125,0.09296875
0.1875,0.5375,0.10078124999999999
0.19375,0.26875,0.0520703125
0.17500000000000002,0.253125,0.044296875
0.240625,0.1625,0.0391015625
0.38125000000000003,0.5625,0.21445312500000002
0.146875,0.296875,0.043603515625
0.134375,0.50625,0.06802734375
0.259375,0.56875,0.14751953125
0.22187500000000002,0.578125,0.12827148437500002
0.30312500000000003,0.2625,0.07957031250000002
0.180124,0.542056,0.097637294944
0.223602,0.566978,0.126777414756
0.400621,0.345794,0.138532338074
0.180124,0.523364,0.09427041713600001
0.36875,0.484375,0.17861328125
0.22187500000000002,0.521875,0.11579101562500001
0.22187500000000002,0.603125,0.133818359375
0.19375,0.5437500000000001,0.10535156250000001
0.254658,0.121495,0.03093967371
0.180124,0.545171,0.098198381204
0.18125000000000002,0.571875,0.10365234375000001
0.215625,0.571875,0.12331054687500001
0.2,0.534375,0.10687500000000001
0.215625,0.51875,0.11185546875000002
0.19687500000000002,0.47500000000000003,0.09351562500000002
0.4625,0.334375,0.15464843749999999
0.21428571428571427,0.6074766355140186,0.13017356475300398
0.20625000000000002,0.55625,0.11472656250000002
0.203125,0.5593750000000001,0.11362304687500001
0.15625,0.26875,0.0419921875
0.12187500000000001,0.26875,0.03275390625
0.19375,0.48125,0.0932421875
0.209375,0.50625,0.10599609374999999
0.190625,0.471875,0.089951171875
0.184375,0.353125,0.065107421875
0.284375,0.384375,0.109306640625
0.18125000000000002,0.44375000000000003,0.08042968750000001
0.184375,0.515625,0.09506835937500001
0.240625,0.5875,0.14136718750000002
0.309375,0.628125,0.194326171875
0.23125,0.48750000000000004,0.11273437500000001
0.134375,0.28750000000000003,0.0386328125
0.209375,0.534375,0.11188476562500001
0.171875,0.259375,0.044580078125000006
0.19375,0.5125,0.09929687499999999
0.215625,0.625,0.134765625
0.271875,0.571875,0.15547851562499998
0.25,0.59375,0.1484375
0.18125,0.63125,0.1144140625
0.1625,0.59375,0.096484375
0.175,0.3875,0.0678125
0.1625,0.5125,0.08328125
0.228125,0.621875,0.14186523437499998
0.221875,0.553125,0.12272460937499999
0.203125,0.34375,0.06982421875
0.16875,0.490625,0.08279296875
0.20625000000000002,0.553125,0.11408203125000001
0.15625,0.36875,0.0576171875
0.153125,0.384375,0.05885742187500001
0.18125000000000002,0.521875,0.09458984375000001
0.20625000000000002,0.55625,0.11472656250000002
0.209375,0.5625,0.11777343750000001
0.114907,0.367601,0.042239928107
0.19687500000000002,0.4625,0.09105468750000001
0.234375,0.434375,0.101806640625
0.284375,0.5906250000000001,0.167958984375
0.25,0.5750000000000001,0.14375000000000002
0.275,0.51875,0.14265625
0.1875,0.41875,0.078515625
0.15625,0.278125,0.04345703125
0.22187500000000002,0.64375,0.14283203125000002
0.31562500000000004,0.403125,0.12723632812500002
0.309375,0.61875,0.19142578125
0.1875,0.41250000000000003,0.07734375
0.2,0.353125,0.07062500000000001
0.128125,0.546875,0.070068359375
0.171875,0.46875,0.08056640625
0.3375,0.290625,0.09808593750000001
0.118012,0.514019,0.060660410228000006
0.278125,0.509375,0.14166992187500002
0.328125,0.45625,0.14970703124999998
0.175,0.5375,0.0940625
0.19687500000000002,0.584375,0.115048828125
0.203125,0.578125,0.117431640625
0.278125,0.58125,0.16166015625000002
0.184375,0.15937500000000002,0.029384765625000003
0.215625,0.515625,0.11118164062500001
0.16562500000000002,0.515625,0.08540039062500002
0.246875,0.53125,0.13115234375
0.41875,0.534375,0.22376953125000001
0.28750000000000003,0.465625,0.1338671875
0.17500000000000002,0.515625,0.090234375
0.159375,0.209375,0.033369140625
0.22812500000000002,0.584375,0.13331054687500002
0.28125,0.4375,0.123046875
0.353125,0.484375,0.171044921875
0.16562500000000002,0.30312500000000003,0.05020507812500001
0.328125,0.315625,0.103564453125
0.20625000000000002,0.53125,0.1095703125
0.109375,0.246875,0.027001953125000002
0.153125,0.265625,0.040673828125000006
0.16875,0.44375000000000003,0.0748828125
0.20625000000000002,0.240625,0.04962890625000001
0.2625,0.5281250000000001,0.13863281250000004
0.184375,0.284375,0.052431640625
0.184375,0.5875,0.10832031250000002
0.240625,0.51875,0.12482421875000001
0.2125,0.615625,0.13082031249999998
0.265625,0.5625,0.1494140625
0.2125,0.6,0.1275
0.0625,0.496875,0.0310546875
0.28125,0.64375,0.1810546875
0.178125,0.453125,0.080712890625
0.09375,0.5625,0.052734375
0.225,0.571875,0.12867187500000002
0.38125,0.475,0.18109374999999997
0.184375,0.3625,0.0668359375
0.178125,0.47500000000000003,0.08460937500000001
0.25,0.525,0.13125
0.20625000000000002,0.5875,0.12117187500000001
0.1875,0.578125,0.1083984375
0.184375,0.509375,0.09391601562500002
0.19687500000000002,0.48125,0.09474609375000001
0.228125,0.49375,0.11263671875
0.084375,0.565625,0.047724609375000004
0.31875,0.546875,0.17431640625
0.353125,0.271875,0.096005859375
0.246875,0.6156250000000001,0.15198242187500002
0.16875,0.321875,0.054316406250000004
0.203125,0.5625,0.1142578125
0.215625,0.571875,0.12331054687500001
0.19375,0.5625,0.10898437500000001
0.19687500000000002,0.640625,0.126123046875
0.184375,0.51875,0.09564453125000001
0.434375,0.4,0.17375000000000002
0.1875,0.38125000000000003,0.071484375
0.153125,0.5125,0.0784765625
0.20625,0.46875,0.0966796875
0.18125,0.4875,0.08835937499999999
0.2875,0.5375,0.15453124999999998
0.184375,0.584375,0.107744140625
0.0875,0.10625,0.009296875
0.13125,0.5625,0.07382812500000001
0.209375,0.628125,0.13151367187500002
0.19062500000000002,0.50625,0.09650390625000001
0.13125,0.321875,0.042246093750000005
0.15625,0.321875,0.05029296875
0.1375,0.275,0.037812500000000006
0.1875,0.553125,0.10371093749999999
0.353125,0.421875,0.148974609375
0.23125,0.6000000000000001,0.13875000000000004
0.2,0.50625,0.10125
0.153125,0.43125,0.06603515625
0.21250000000000002,0.465625,0.09894531250000001
0.18125000000000002,0.42500000000000004,0.07703125000000002
0.246875,0.634375,0.156611328125
0.19375,0.353125,0.06841796875
0.28125,0.6687500000000001,0.18808593750000002
0.253125,0.521875,0.13209960937499998
0.146875,0.525,0.07710937500000001
0.290625,0.603125,0.175283203125
0.16562500000000002,0.290625,0.04813476562500001
0.1875,0.415625,0.07792968750000001
0.4625,0.378125,0.1748828125
0.234375,0.425,0.099609375
0.05,0.496875,0.02484375
0.21875,0.59375,0.1298828125
0.259375,0.603125,0.15643554687500003
0.275,0.465625,0.128046875
0.16875,0.446875,0.07541015625000001
0.275,0.559375,0.153828125
0.19375,0.534375,0.10353515625000001
0.309375,0.31562500000000004,0.09764648437500002
0.19375,0.6125,0.11867187500000001
0.23125,0.690625,0.15970703125000002
0.253125,0.5875,0.1487109375
0.225,0.496875,0.111796875
0.19687500000000002,0.49375,0.09720703125000002
0.153125,0.275,0.042109375000000004
0.2625,0.56875,0.149296875
0.190625,0.640625,0.122119140625
0.171875,0.53125,0.09130859375
0.18125,0.303125,0.05494140624999999
0.159375,0.2,0.031875
0.16875,0.215625,0.036386718750000005
0.253125,0.565625,0.143173828125
0.228125,0.390625,0.089111328125
0.209375,0.44375,0.09291015625
0.353125,0.271875,0.096005859375
0.10625,0.203125,0.021582031249999998
0.246875,0.453125,0.11186523437500001
0.19375,0.45,0.0871875
0.19062500000000002,0.515625,0.098291015625
0.215625,0.546875,0.117919921875
0.22187500000000002,0.5375,0.1192578125
0.20625000000000002,0.55625,0.11472656250000002
0.19687500000000002,0.5906250000000001,0.11627929687500002
0.19875776397515527,0.5171339563862928,0.10278438884696502
0.17391304347826086,0.4766355140186916,0.08289313287281593
0.215625,0.503125,0.10848632812500002
0.265625,0.51875,0.13779296875000002
0.259375,0.5375,0.13941406250000002
0.2625,0.634375,0.1665234375
0.178125,0.6875,0.1224609375
0.15625,0.6000000000000001,0.09375000000000001
0.325,0.53125,0.17265625
0.16875,0.478125,0.08068359375
0.13125,0.021875000000000002,0.0028710937500000004
0.23125,0.3375,0.07804687500000002
0.236025,0.560748,0.13235054670000002
0.177019,0.320872,0.056800440568
0.111801,0.208723,0.023335440122999998
0.290625,0.6062500000000001,0.17619140625000004
0.171875,0.578125,0.099365234375
0.1125,0.6125,0.06890625
0.12187500000000001,0.671875,0.08188476562500001
0.125,0.309375,0.038671875
0.037500000000000006,0.34375,0.012890625000000003
0.209375,0.49062500000000003,0.10272460937500001
0.353125,0.28750000000000003,0.10152343750000002
0.259375,0.44375,0.11509765625
0.4,0.421875,0.16875
0.109375,0.634375,0.069384765625
0.19687500000000002,0.5,0.09843750000000001
0.1875,0.51875,0.09726562500000001
0.375,0.25,0.09375
0.20625000000000002,0.55625,0.11472656250000002
0.225,0.534375,0.12023437500000002
0.253125,0.5875,0.1487109375
0.2,0.503125,0.10062500000000002
0.19687500000000002,0.540625,0.10643554687500002
0.21250000000000002,0.5625,0.11953125
0.265625,0.540625,0.143603515625
0.184375,0.546875,0.100830078125
0.19375,0.509375,0.09869140625
0.221875,0.546875,0.121337890625
0.165625,0.446875,0.074013671875
0.259375,0.56875,0.14751953125
0.19687500000000002,0.51875,0.10212890625000003
0.2,0.578125,0.115625
0.19062500000000002,0.290625,0.05540039062500001
0.22812500000000002,0.634375,0.14471679687500003
0.284375,0.634375,0.180400390625
0.18125000000000002,0.48750000000000004,0.08835937500000002
0.309375,0.49062500000000003,0.151787109375
0.184375,0.603125,0.111201171875
0.28125,0.6125,0.172265625
0.34375,0.215625,0.07412109375
0.265625,0.665625,0.176806640625
0.225,0.53125,0.11953125
0.19062500000000002,0.55,0.10484375000000001
0.21875,0.55,0.12031250000000002
0.23125,0.546875,0.12646484375
0.1125,0.503125,0.05660156250000001
0.3375,0.53125,0.17929687500000002
0.19375,0.4375,0.084765625
0.159375,0.409375,0.06524414062499999
0.221875,0.540625,0.119951171875
0.103125,0.19375,0.01998046875
0.1375,0.275,0.037812500000000006
0.234375,0.55,0.12890625
0.265625,0.440625,0.117041015625
0.196875,0.628125,0.12366210937500001
0.33437500000000003,0.37812500000000004,0.12643554687500003
0.325,0.61875,0.20109375000000002
0.178125,0.446875,0.079599609375
0.17500000000000002,0.521875,0.09132812500000001
0.16562500000000002,0.328125,0.054345703125000006
0.21250000000000002,0.4,0.08500000000000002
0.184375,0.575,0.106015625
0.20625,0.56875,0.11730468749999999
0.275,0.484375,0.133203125
0.153125,0.6125,0.09378906250000002
0.1625,0.39375,0.063984375
0.246875,0.55625,0.13732421875
0.265625,0.509375,0.135302734375
0.36875,0.4625,0.17054687500000001
0.06875,0.51875,0.0356640625
0.22670807453416147,0.5327102803738317,0.1207697219481047
0.22670807453416147,0.32398753894080995,0.07345059112633269
0.18012422360248445,0.4236760124610592,0.07631431280354481
0.22670807453416147,0.5171339563862928,0.11723844352856948
0.14906832298136646,0.4766355140186916,0.07105125674812794
0.13354037267080746,0.4517133956386293,0.060321975193978444
0.153125,0.3375,0.05167968750000001
0.203125,0.36875,0.07490234375
0.21875,0.321875,0.07041015625000001
0.15937500000000002,0.284375,0.045322265625000004
0.2625,0.625,0.1640625
0.33125000000000004,0.534375,0.17701171875000005
0.21250000000000002,0.5906250000000001,0.12550781250000004
0.184375,0.45937500000000003,0.08469726562500002
0.140625,0.4,0.05625
0.1625,0.36562500000000003,0.05941406250000001
0.17500000000000002,0.48750000000000004,0.08531250000000001
0.21250000000000002,0.515625,0.10957031250000002
0.26875,0.603125,0.16208984375
0.165625,0.43125,0.07142578125
0.171875,0.534375,0.09184570312500001
0.13125,0.384375,0.050449218750000004
0.134375,0.540625,0.072646484375
0.2125,0.55,0.116875
0.259375,0.546875,0.141845703125
0.3625,0.55625,0.201640625
0.159375,0.321875,0.051298828125
0.140625,0.359375,0.050537109375
0.17701863354037267,0.4797507788161994,0.08492482730597319
0.20625,0.50625,0.10441406249999999
0.2125,0.521875,0.11089843749999999
0.209375,0.546875,0.114501953125
0.2125,0.61875,0.13148437500000001
0.19375,0.36875,0.07144531250000001
0.1875,0.428125,0.08027343749999999
0.225,0.40625,0.09140625000000001
0.31875,0.36875,0.1175390625
0.246875,0.546875,0.135009765625
0.175,0.415625,0.072734375
0.140625,0.35625,0.050097656250000004
0.16875,0.55625,0.0938671875
0.20625,0.628125,0.12955078125
0.18125,0.546875,0.09912109375
0.184375,0.471875,0.087001953125
0.246875,0.528125,0.130380859375
0.1875,0.1125,0.02109375
0.240625,0.5593750000000001,0.134599609375
0.1375,0.3375,0.04640625000000001
0.12187500000000001,0.49375,0.06017578125000001
0.17500000000000002,0.55,0.09625000000000002
0.15625,0.29375,0.0458984375
0.225,0.59375,0.13359375
0.1875,0.4,0.07500000000000001
0.234375,0.53125,0.12451171875
0.253125,0.503125,0.127353515625
0.18125,0.578125,0.10478515625
0.184375,0.30625,0.05646484375000001
0.265625,0.496875,0.131982421875
0.146875,0.275,0.040390625000000006
0.21875,0.56875,0.12441406249999999
0.23602484472049687,0.6199376947040498,0.14632069812890613
0.22360248447204967,0.6137071651090342,0.13722644685667845
0.18012422360248445,0.367601246105919,0.06621388905013446
0.25625000000000003,0.546875,0.14013671875000003
0.215625,0.584375,0.126005859375
0.215625,0.49062500000000003,0.10579101562500001
0.26875,0.13125,0.0352734375
0.209375,0.5625,0.11777343750000001
0.20625,0.440625,0.09087890624999999
0.303125,0.225,0.068203125
0.18322981366459626,0.4984423676012461,0.09132950213811651
0.20625000000000002,0.5375,0.11085937500000001
0.140625,0.27187500000000003,0.038232421875000006
0.20625000000000002,0.584375,0.12052734375
0.20625000000000002,0.58125,0.11988281250000002
0.215625,0.48125,0.10376953125
0.353125,0.47187500000000004,0.16663085937500002
0.15625,0.39375000000000004,0.06152343750000001
0.14375000000000002,0.309375,0.044472656250000006
0.203125,0.359375,0.072998046875
0.1625,0.353125,0.057382812500000005
0.246875,0.53125,0.13115234375
0.21250000000000002,0.53125,0.11289062500000001
0.1875,0.44375000000000003,0.083203125
0.22187500000000002,0.5625,0.12480468750000001
0.146875,0.48125,0.07068359375000001
0.209375,0.546875,0.114501953125
0.19375,0.478125,0.09263671875000001
0.178125,0.42500000000000004,0.07570312500000001
0.30625,0.5906250000000001,0.18087890625000003
0.175,0.41875,0.07328124999999999
0.171875,0.4,0.06875
0.21250000000000002,0.578125,0.12285156250000001
0.284375,0.515625,0.146630859375
0.184375,0.465625,0.08584960937500001
0.19375,0.48125,0.0932421875
0.30312500000000003,0.56875,0.17240234375000002
0.23125,0.50625,0.1170703125
0.225,0.53125,0.11953125
0.42500000000000004,0.375,0.15937500000000002
0.15937500000000002,0.29375,0.046816406250000005
0.225,0.521875,0.117421875
0.16875,0.5875,0.09914062500000001
0.18125,0.55625,0.1008203125
0.1625,0.403125,0.0655078125
0.15,0.059375,0.00890625
0.19062500000000002,0.56875,0.10841796875000001
0.153125,0.44375000000000003,0.06794921875000001
0.19375,0.49062500000000003,0.09505859375
0.21875,0.3375,0.07382812500000001
0.2,0.5375,0.1075
0.159375,0.384375,0.061259765625
0.190625,0.30625,0.05837890625
0.15625,0.2,0.03125
0.221875,0.29375,0.06517578125
0.159375,0.20625,0.03287109375
0.278125,0.3375,0.0938671875
0.278125,0.490625,0.136455078125
0.24375,0.5625,0.137109375
0.165625,0.615625,0.101962890625
0.2,0.675,0.135
0.353125,0.5875,0.20746093750000003
0.19375,0.53125,0.1029296875
0.278125,0.359375,0.09995117187500001
0.19375,0.4,0.07750000000000001
0.353125,0.4625,0.1633203125
0.246875,0.4,0.09875
0.221875,0.6125,0.1358984375
0.203125,0.525,0.106640625
0.2,0.515625,0.10312500000000001
0.18125000000000002,0.48750000000000004,0.08835937500000002
0.20625000000000002,0.546875,0.11279296875000001
0.428125,0.596875,0.255537109375
0.075,0.2625,0.0196875
0.259375,0.515625,0.13374023437500002
0.153125,0.35625,0.054550781250000006
0.2875,0.53125,0.15273437499999998
0.25,0.609375,0.15234375
0.203125,0.565625,0.114892578125
0.203125,0.484375,0.098388671875
0.16875,0.478125,0.08068359375
0.2625,0.5625,0.14765625000000002
0.240625,0.578125,0.13911132812500002
0.2125,0.53125,0.112890625
0.16875,0.440625,0.07435546875
0.2,0.540625,0.10812500000000001
0.28125,0.6125,0.172265625
0.203125,0.40625,0.08251953125
0.278125,0.275,0.07648437500000001
0.24375000000000002,0.478125,0.11654296875000002
0.1625,0.30625,0.04976562500000001
0.178125,0.359375,0.064013671875
0.21875,0.59375,0.1298828125
0.2625,0.39375,0.103359375
0.075,0.53125,0.03984375
0.16562500000000002,0.321875,0.05331054687500001
0.13125,0.5625,0.07382812500000001
0.153125,0.59375,0.09091796875000001
0.22812500000000002,0.578125,0.131884765625
0.375,0.259375,0.09726562500000001
0.178125,0.41250000000000003,0.07347656250000001
0.171875,0.51875,0.08916015625000001
0.2,0.521875,0.104375
0.2,0.55,0.11000000000000001
0.21250000000000002,0.56875,0.120859375
0.16562500000000002,0.29375,0.04865234375000001
0.240625,0.63125,0.15189453125
0.196875,0.584375,0.11504882812499999
0.259375,0.565625,0.14670898437500002
0.278125,0.55,0.15296875000000001
0.20625000000000002,0.50625,0.1044140625
0.2,0.521875,0.104375
0.1625,0.41250000000000003,0.06703125000000001
0.16875,0.4,0.0675
0.1625,0.46875,0.076171875
0.184375,0.25,0.04609375
0.16875,0.45,0.0759375
0.209375,0.42812500000000003,0.089638671875
0.390625,0.478125,0.186767578125
0.28125,0.4625,0.13007812500000002
0.0875,0.5875,0.05140625
0.16875,0.44062500000000004,0.07435546875000001
0.16875,0.41875,0.07066406250000001
0.2,0.496875,0.099375
0.21250000000000002,0.5625,0.11953125
0.165625,0.403125,0.066767578125
0.2,0.403125,0.080625
0.21875,0.6312500000000001,0.13808593750000003
0.15937500000000002,0.465625,0.07420898437500001
0.1375,0.296875,0.040820312500000004
0.1125,0.37812500000000004,0.04253906250000001
0.325,0.4625,0.15031250000000002
0.290625,0.45625000000000004,0.13259765625000003
0.22812500000000002,0.125,0.028515625000000003
0.184375,0.46875,0.08642578125
0.19375,0.465625,0.09021484375000001
0.16875,0.515625,0.08701171875000001
0.23125,0.384375,0.08888671875000001
0.209375,0.415625,0.08702148437500001
0.321875,0.265625,0.08549804687500001
0.22812500000000002,0.19687500000000002,0.04491210937500001
0.15937500000000002,0.353125,0.05627929687500001
0.1375,0.36250000000000004,0.04984375000000001
0.1875,0.665625,0.12480468750000001
0.19375,0.478125,0.09263671875000001
0.16149068322981366,0.24922118380062305,0.04024689924730559
0.21250000000000002,0.553125,0.11753906250000001
0.20625000000000002,0.571875,0.11794921875000001
0.184375,0.45625000000000004,0.08412109375000001
0.265625,0.603125,0.160205078125
0.290625,0.6062500000000001,0.17619140625000004
0.1625,0.278125,0.0451953125
0.15,0.53125,0.0796875
0.134375,0.2625,0.0352734375
0.18125000000000002,0.496875,0.09005859375000001
0.2,0.51875,0.10375000000000001
0.10625000000000001,0.421875,0.044824218750000006
0.19062500000000002,0.5593750000000001,0.10663085937500003
0.21250000000000002,0.5906250000000001,0.12550781250000004
0.17500000000000002,0.56875,0.09953125
0.209375,0.584375,0.12235351562499999
0.215625,0.50625,0.10916015625
0.309375,0.534375,0.16532226562500002
0.225,0.625,0.140625
0.134375,0.22812500000000002,0.030654296875
0.15937500000000002,0.30312500000000003,0.04831054687500001
0.1625,0.30625,0.04976562500000001
0.225,0.584375,0.131484375
0.184375,0.521875,0.096220703125
0.246875,0.509375,0.125751953125
0.19375,0.353125,0.06841796875
0.18125000000000002,0.41875,0.07589843750000001
0.18125000000000002,0.48750000000000004,0.08835937500000002
0.24375000000000002,0.6468750000000001,0.15767578125000004
0.328125,0.47500000000000003,0.15585937500000002
0.225,0.628125,0.14132812500000003
0.42500000000000004,0.48750000000000004,0.20718750000000005
0.203125,0.571875,0.116162109375
0.21250000000000002,0.328125,0.0697265625
0.12812500000000002,0.19687500000000002,0.025224609375000005
0.20625000000000002,0.30000000000000004,0.06187500000000001
0.178125,0.23750000000000002,0.04230468750000001
0.1375,0.259375,0.0356640625
0.16875,0.19375,0.032695312500000004
0.125,0.18125000000000002,0.022656250000000003
0.20625000000000002,0.5437500000000001,0.11214843750000002
0.30312500000000003,0.546875,0.16577148437500003
0.259375,0.5625,0.1458984375
0.19375,0.49375,0.09566406250000001
0.1625,0.4625,0.07515625000000001
0.18125000000000002,0.3375,0.061171875000000014
0.13125,0.265625,0.03486328125
0.4375,0.36562500000000003,0.1599609375
0.125,0.296875,0.037109375
0.259375,0.578125,0.149951171875
0.23125,0.578125,0.13369140625
0.19375,0.51875,0.10050781250000002
0.1875,0.56875,0.10664062499999999
0.253125,0.65,0.16453125
0.22187500000000002,0.596875,0.132431640625
0.12187500000000001,0.30000000000000004,0.03656250000000001
0.328125,0.42812500000000003,0.14047851562500002
0.307453,0.501558,0.15420551177399996
0.22187500000000002,0.353125,0.078349609375
0.140625,0.359375,0.050537109375
0.240625,0.55,0.13234375
0.298137,0.610592,0.182040067104
0.225,0.609375,0.137109375
0.21875,0.61875,0.1353515625
0.3375,0.5875,0.19828125000000002
0.20625000000000002,0.521875,0.10763671875
0.1625,0.578125,0.0939453125
0.22187500000000002,0.47500000000000003,0.10539062500000002
0.26875,0.634375,0.17048828125
0.19375,0.384375,0.07447265625
0.225,0.509375,0.11460937500000001
0.146875,0.403125,0.059208984375
0.246875,0.30625,0.07560546875000002
0.30625,0.578125,0.17705078125
0.41875,0.39687500000000003,0.16619140625
0.27187500000000003,0.34375,0.09345703125000002
0.22187500000000002,0.53125,0.11787109375
0.246875,0.540625,0.13346679687500002
0.178125,0.55625,0.09908203125000001
0.18125000000000002,0.603125,0.10931640625000001
0.23125,0.384375,0.08888671875000001
0.140625,0.453125,0.063720703125
0.184375,0.546875,0.100830078125
0.17500000000000002,0.215625,0.03773437500000001
0.40937500000000004,0.34687500000000004,0.14200195312500002
0.278125,0.171875,0.047802734375
0.25,0.603125,0.15078125
0.421875,0.446875,0.188525390625
0.321875,0.28125,0.09052734375
0.26875,0.5593750000000001,0.15033203125000003
0.1875,0.45625000000000004,0.08554687500000001
0.225,0.384375,0.086484375
0.2,0.51875,0.10375000000000001
0.19687500000000002,0.49375,0.09720703125000002
0.49062500000000003,0.434375,0.21311523437500002
0.21118012422360247,0.5919003115264797,0.12499758131615098
0.267081,0.579439,0.15475714755900002
0.19375,0.4,0.07750000000000001
0.275,0.634375,0.17445312500000001
0.19687500000000002,0.61875,0.12181640625000002
0.225,0.58125,0.13078125000000002
0.171875,0.484375,0.083251953125
0.15937500000000002,0.465625,0.07420898437500001
0.171875,0.521875,0.089697265625
0.13125,0.25,0.0328125
0.3875,0.515625,0.1998046875
0.36875,0.23125,0.08527343750000001
0.178125,0.31875000000000003,0.05677734375000001
0.290625,0.54375,0.15802734375
0.24375000000000002,0.515625,0.12568359375000002
0.23750000000000002,0.5375,0.12765625
0.203125,0.4625,0.0939453125
0.209375,0.515625,0.107958984375
0.23125,0.53125,0.12285156250000001
0.19687500000000002,0.540625,0.10643554687500002
0.1875,0.521875,0.09785156249999999
0.090625,0.540625,0.048994140625
0.203125,0.425,0.08632812499999999
0.3375,0.478125,0.1613671875
0.234375,0.596875,0.139892578125
0.35625,0.628125,0.22376953125000001
0.259375,0.5375,0.13941406250000002
0.384375,0.44375000000000003,0.17056640625000002
0.203125,0.496875,0.10092773437500001
0.184375,0.421875,0.077783203125
0.36875,0.290625,0.10716796875000001
0.171875,0.36562500000000003,0.06284179687500001
0.1875,0.4625,0.08671875000000001
0.07500000000000001,0.203125,0.015234375000000001
0.16875,0.35625,0.06011718750000001
0.21250000000000002,0.58125,0.12351562500000002
0.290625,0.603125,0.175283203125
0.25625000000000003,0.609375,0.15615234375000003
0.221875,0.5625,0.1248046875
0.17500000000000002,0.47500000000000003,0.08312500000000002
0.325,0.5,0.1625
0.178125,0.384375,0.068466796875
0.15625,0.44375000000000003,0.0693359375
0.215625,0.609375,0.131396484375
0.21875,0.421875,0.09228515625
0.234375,0.5,0.1171875
0.23125,0.353125,0.08166015625
0.17500000000000002,0.509375,0.08914062500000001
0.146875,0.265625,0.039013671875
0.190625,0.60625,0.11556640624999999
0.115625,0.5125,0.0592578125
0.2,0.53125,0.10625000000000001
0.23750000000000002,0.565625,0.13433593750000003
0.115625,0.58125,0.06720703125000001
0.22187500000000002,0.51875,0.11509765625000001
0.371875,0.471875,0.175478515625
0.209375,0.49375,0.10337890625000001
0.159375,0.571875,0.091142578125
0.171875,0.371875,0.063916015625
0.19062500000000002,0.578125,0.11020507812500001
0.19565217391304346,0.5451713395638629,0.10666395774075577
0.2,0.328125,0.065625
0.19062500000000002,0.36562500000000003,0.06969726562500002
0.35625,0.5625,0.20039062500000002
0.19375,0.53125,0.1029296875
0.196875,0.4875,0.0959765625
0.19062500000000002,0.48750000000000004,0.09292968750000001
0.1625,0.5375,0.08734375
0.23750000000000002,0.53125,0.12617187500000002
0.15937500000000002,0.50625,0.08068359375
0.25,0.571875,0.14296875
0.234375,0.540625,0.126708984375
0.1625,0.30625,0.04976562500000001
0.2,0.540625,0.10812500000000001
0.209375,0.53125,0.11123046875
0.23125,0.55,0.1271875
0.1875,0.5625,0.10546875
0.338509,0.436137,0.147636299733
0.228125,0.46875,0.10693359375
0.184375,0.246875,0.045517578125000006
0.134375,0.51875,0.06970703125000001
0.2375,0.55,0.130625
0.409375,0.475,0.19445312499999998
0.20625000000000002,0.340625,0.07025390625000001
0.18125000000000002,0.34687500000000004,0.06287109375000001
0.1875,0.553125,0.10371093749999999
0.21250000000000002,0.5875,0.12484375000000002
0.171875,0.29375,0.05048828125
0.15937500000000002,0.609375,0.09711914062500002
0.15625,0.5625,0.087890625
0.15937500000000002,0.571875,0.09114257812500001
0.140625,0.4,0.05625
0.353125,0.55625,0.19642578125000001
0.19375,0.3875,0.07507812500000001
0.18125000000000002,0.478125,0.08666015625000001
0.19062500000000002,0.56875,0.10841796875000001
0.17500000000000002,0.45625000000000004,0.07984375000000002
0.23913043478260868,0.4797507788161994,0.11472301232561288
0.21428571428571427,0.5077881619937694,0.10881174899866487
0.20625000000000002,0.659375,0.13599609375000002
0.25,0.478125,0.11953125
0.1875,0.321875,0.060351562500000004
0.21250000000000002,0.50625,0.10757812500000001
0.21118012422360247,0.5233644859813084,0.11052417716375455
0.309375,0.50625,0.15662109375
0.19062500000000002,0.30625,0.05837890625000001
0.19687500000000002,0.45937500000000003,0.09043945312500001
0.225,0.553125,0.124453125
0.225,0.56875,0.12796875
0.21428571428571427,0.470404984423676,0.1008010680907877
0.153125,0.359375,0.055029296875
0.225,0.4625,0.1040625
0.21250000000000002,0.553125,0.11753906250000001
0.21875,0.5,0.109375
0.225,0.609375,0.137109375
0.18125000000000002,0.6000000000000001,0.10875000000000003
0.16562500000000002,0.44375000000000003,0.07349609375000002
0.3375,0.39687500000000003,0.13394531250000002
0.23125,0.534375,0.12357421875000002
0.08125,0.4,0.0325
0.2375,0.58125,0.138046875
0.196875,0.540625,0.106435546875
0.134375,0.31875,0.04283203124999999
0.30625,0.496875,0.15216796875000002
0.21875,0.634375,0.13876953125
0.23125,0.671875,0.15537109375
0.19375,0.525,0.10171875000000001
0.16875,0.3375,0.05695312500000001
0.11875,0.23125,0.0274609375
0.18125000000000002,0.23750000000000002,0.043046875000000005
0.265625,0.596875,0.15854492187500002
0.178125,0.36562500000000003,0.06512695312500001
0.15000000000000002,0.296875,0.04453125000000001
0.23125,0.371875,0.08599609375
0.19375,0.421875,0.08173828125
0.2,0.51875,0.10375000000000001
0.2625,0.496875,0.1304296875
0.19375,0.565625,0.10958984375000001
0.22187500000000002,0.553125,0.122724609375
0.19687500000000002,0.503125,0.09905273437500002
0.1875,0.303125,0.056835937499999996
0.16562500000000002,0.45937500000000003,0.07608398437500001
0.225,0.509375,0.11460937500000001
0.16562500000000002,0.353125,0.058486328125000014
0.1875,0.465625,0.0873046875
0.15625,0.4625,0.072265625
0.22812500000000002,0.571875,0.13045898437500003
0.14375000000000002,0.2625,0.03773437500000001
0.19375,0.4,0.07750000000000001
0.184375,0.42500000000000004,0.07835937500000001
0.07187500000000001,0.240625,0.017294921875
0.1875,0.453125,0.0849609375
0.19375,0.6375000000000001,0.12351562500000002
0.540625,0.490625,0.265244140625
0.246875,0.515625,0.127294921875
0.203125,0.45,0.09140625000000001
0.184375,0.515625,0.09506835937500001
0.165625,0.490625,0.081259765625
0.178125,0.353125,0.06290039062500001
0.153125,0.371875,0.05694335937500001
0.290625,0.353125,0.10262695312500002
0.215625,0.440625,0.095009765625
0.065625,0.453125,0.029736328125000003
0.4125,0.446875,0.1843359375
0.33125,0.44375,0.14699218749999998
0.17500000000000002,0.353125,0.06179687500000001
0.259375,0.60625,0.15724609375
0.175,0.36875,0.06453125
0.35625,0.484375,0.17255859375000002
0.246875,0.578125,0.142724609375
0.16562500000000002,0.5625,0.0931640625
0.215625,0.45625000000000004,0.09837890625000001
0.1875,0.628125,0.11777343750000001
0.15937500000000002,0.5875,0.09363281250000001
0.184375,0.4375,0.08066406250000001
0.209375,0.540625,0.11319335937500001
0.2,0.353125,0.07062500000000001
0.203125,0.353125,0.071728515625
0.22187500000000002,0.6312500000000001,0.14005859375000004
0.164596,0.46729,0.07691406483999999
0.18323,0.482866,0.08847553718000001
0.251553,0.535826,0.13478863777800001
0.134375,0.225,0.030234375
0.23125,0.5750000000000001,0.13296875000000002
0.2,0.496875,0.099375
0.21250000000000002,0.478125,0.10160156250000002
0.20625000000000002,0.49375,0.10183593750000001
0.16875,0.43125,0.07277343750000001
0.240625,0.609375,0.146630859375
0.234375,0.15625,0.03662109375
0.321875,0.259375,0.08348632812500001
0.209375,0.165625,0.034677734375
0.225,0.584375,0.131484375
0.215625,0.259375,0.05592773437500001
0.12812500000000002,0.309375,0.039638671875
0.275,0.571875,0.15726562500000002
0.275,0.5875,0.16156250000000003
0.153125,0.34375,0.052636718750000006
0.121875,0.6,0.073125
0.184375,0.509375,0.09391601562500002
0.184375,0.5281250000000001,0.09737304687500002
0.234375,0.61875,0.14501953125
0.18125000000000002,0.48125,0.08722656250000001
0.279503,0.193146,0.05398488643800001
0.23125,0.578125,0.13369140625
0.271875,0.30625,0.08326171875
0.24223602484472048,0.6137071651090342,0.148661984094735
0.17500000000000002,0.321875,0.05632812500000001
0.171875,0.584375,0.100439453125
0.26875,0.665625,0.17888671875
0.278125,0.415625,0.115595703125
0.18125000000000002,0.41250000000000003,0.07476562500000002
0.25,0.615625,0.15390625
0.171875,0.5625,0.0966796875
0.21250000000000002,0.6375000000000001,0.13546875000000003
0.276398,0.457944,0.126574805712
0.22187500000000002,0.27187500000000003,0.06032226562500001
0.2625,0.51875,0.13617187500000003
0.140625,0.278125,0.039111328125000004
0.371875,0.465625,0.173154296875
0.209375,0.565625,0.11842773437500001
0.17500000000000002,0.45625000000000004,0.07984375000000002
0.16562500000000002,0.321875,0.05331054687500001
0.225,0.36875,0.08296875000000001
0.10312500000000001,0.453125,0.046728515625
0.215625,0.48125,0.10376953125
0.146875,0.5593750000000001,0.08215820312500001
0.21875,0.5875,0.128515625
0.26875,0.6781250000000001,0.18224609375
0.1625,0.525,0.08531250000000001
0.20625000000000002,0.546875,0.11279296875000001
0.220497,0.367601,0.081054917697
0.2,0.47187500000000004,0.09437500000000001
0.2,0.603125,0.12062500000000001
0.18125000000000002,0.35000000000000003,0.06343750000000001
0.2,0.53125,0.10625000000000001
0.140625,0.53125,0.07470703125
0.259375,0.628125,0.162919921875
0.19062500000000002,0.45,0.08578125
0.209375,0.49062500000000003,0.10272460937500001
0.184375,0.515625,0.09506835937500001
0.16875,0.4,0.0675
0.25625,0.646875,0.16576171874999998
0.24375,0.546875,0.13330078125
0.20625,0.43125,0.0889453125
0.178125,0.48125,0.08572265625
0.1875,0.309375,0.058007812500000006
0.18125,0.409375,0.07419921874999999
0.184375,0.475,0.087578125
0.178125,0.384375,0.068466796875
0.19375,0.5875,0.113828125
0.334375,0.275,0.091953125
0.375,0.340625,0.127734375
0.19375,0.19375,0.037539062500000005
0.1875,0.5375,0.10078124999999999
0.2,0.45937500000000003,0.09187500000000001
0.1875,0.51875,0.09726562500000001
0.16875,0.41250000000000003,0.06960937500000001
0.1875,0.415625,0.07792968750000001
0.2625,0.571875,0.1501171875
0.18125000000000002,0.478125,0.08666015625000001
0.17500000000000002,0.4625,0.08093750000000001
0.215625,0.50625,0.10916015625
0.17500000000000002,0.48125,0.08421875000000001
0.234375,0.540625,0.126708984375
0.384375,0.446875,0.17176757812500001
0.215625,0.546875,0.117919921875
0.165625,0.55625,0.09212890625
0.246875,0.5625,0.13886718750000002
0.11875,0.553125,0.06568359374999999
0.215625,0.553125,0.119267578125
0.209375,0.628125,0.13151367187500002
0.18125,0.353125,0.06400390625
0.05625,0.465625,0.02619140625
0.225,0.515625,0.116015625
0.178125,0.45625000000000004,0.08126953125000001
0.246875,0.634375,0.156611328125
0.065625,0.48125,0.03158203125
0.21875,0.53125,0.1162109375
0.384375,0.4375,0.16816406250000002
0.253125,0.578125,0.146337890625
0.1875,0.6375,0.11953124999999999
0.209375,0.540625,0.11319335937500001
0.265625,0.625,0.166015625
0.184375,0.5437500000000001,0.10025390625000002
0.2,0.55,0.11000000000000001
0.19062500000000002,0.521875,0.099482421875
0.19062500000000002,0.496875,0.09471679687500001
0.171875,0.45625000000000004,0.07841796875000001
0.153125,0.184375,0.028232421875000004
0.36875,0.6375,0.235078125
0.201863,0.623053,0.12577134773899998
0.245342,0.579439,0.14216072313800002
0.177019,0.445483,0.078858955177
0.052795,0.507788,0.02680866746
0.34375,0.553125,0.19013671875
0.209375,0.296875,0.062158203125
0.22187500000000002,0.58125,0.12896484375000003
0.29375,0.49375,0.1450390625
0.2,0.43125,0.08625000000000001
0.190625,0.546875,0.104248046875
0.28125,0.615625,0.17314453124999998
0.178125,0.4625,0.08238281250000001
0.21250000000000002,0.484375,0.1029296875
0.15625,0.33125000000000004,0.05175781250000001
0.234375,0.59375,0.13916015625
0.22812500000000002,0.534375,0.12190429687500003
0.253125,0.23125,0.05853515625
0.2,0.065625,0.013125000000000001
0.209375,0.525,0.109921875
0.26875,0.31875,0.08566406249999999
0.36875,0.275,0.10140625000000002
0.23125,0.284375,0.06576171875
0.321875,0.53125,0.17099609375000002
0.18125,0.625,0.11328125
0.16875,0.278125,0.04693359375
0.225,0.565625,0.12726562500000002
0.2125,0.61875,0.13148437500000001
0.1625,0.359375,0.058398437500000004
0.184375,0.36875,0.06798828125
0.1375,0.26875,0.036953125
0.171875,0.353125,0.060693359375000006
0.225,0.5906250000000001,0.132890625
0.146875,0.384375,0.056455078125
0.18125,0.353125,0.06400390625
0.159375,0.253125,0.040341796874999995
0.15937500000000002,0.49375,0.07869140625000001
0.140625,0.565625,0.079541015625
0.221875,0.446875,0.099150390625
0.165625,0.625,0.103515625
0.28125,0.23125,0.06503906250000001
0.178125,0.340625,0.060673828125
0.18125000000000002,0.553125,0.10025390625000001
0.16562500000000002,0.259375,0.04295898437500001
0.19375,0.4375,0.084765625
0.28125,0.571875,0.16083984375000002
0.259375,0.5437500000000001,0.14103515625000002
0.20625000000000002,0.553125,0.11408203125000001
0.19062500000000002,0.5750000000000001,0.10960937500000002
0.14375000000000002,0.253125,0.036386718750000005
0.296875,0.51875,0.15400390625000002
0.209375,0.409375,0.085712890625
0.240625,0.3375,0.08121093750000001
0.165625,0.30625,0.050722656250000005
0.22812500000000002,0.58125,0.13259765625000003
0.19687500000000002,0.49062500000000003,0.09659179687500001
0.184375,0.49375,0.09103515625000001
0.21875,0.346875,0.07587890625
0.221875,0.596875,0.132431640625
0.146875,0.425,0.062421875
0.25,0.384375,0.09609375
0.178125,0.3375,0.06011718750000001
0.146875,0.296875,0.043603515625
0.13125,0.471875,0.06193359375
0.1625,0.246875,0.040117187500000005
0.19375,0.49375,0.09566406250000001
0.340625,0.478125,0.162861328125
0.259375,0.378125,0.098076171875
0.196875,0.2375,0.046757812499999996
0.19687500000000002,0.5125000000000001,0.10089843750000002
0.265625,0.553125,0.146923828125
0.19687500000000002,0.5,0.09843750000000001
0.2,0.53125,0.10625000000000001
0.18125000000000002,0.371875,0.06740234375000001
0.16562500000000002,0.259375,0.04295898437500001
0.20625000000000002,0.496875,0.10248046875000001
0.215625,0.5125000000000001,0.11050781250000002
0.171875,0.44375000000000003,0.07626953125000001
0.290625,0.546875,0.158935546875
0.4,0.321875,0.12875
0.3375,0.259375,0.08753906250000001
0.1625,0.403125,0.0655078125
0.12812500000000002,0.51875,0.06646484375000002
0.215625,0.5750000000000001,0.12398437500000002
0.16562500000000002,0.34375,0.05693359375000001
0.23750000000000002,0.546875,0.1298828125
0.26087,0.58567,0.1527837329
0.20625000000000002,0.47187500000000004,0.09732421875000001
0.2,0.509375,0.10187500000000001
0.16562500000000002,0.35000000000000003,0.05796875000000001
0.16562500000000002,0.40937500000000004,0.06780273437500002
0.265625,0.603125,0.160205078125
0.246875,0.5875,0.1450390625
0.21875,0.35000000000000003,0.0765625
0.1,0.46875,0.046875
0.24375000000000002,0.596875,0.14548828125000002
0.215625,0.534375,0.11522460937500001
0.17500000000000002,0.403125,0.07054687500000001
0.221875,0.521875,0.115791015625
0.20625000000000002,0.46875,0.09667968750000001
0.2,0.525,0.10500000000000001
0.158385,0.560748,0.08881407198
0.214286,0.576324,0.12349816466399999
0.242236,0.576324,0.139606420464
0.1125,0.353125,0.03972656250000001
0.14375000000000002,0.5125000000000001,0.07367187500000001
0.23125,0.50625,0.1170703125
0.1875,0.559375,0.10488281249999999
0.3125,0.490625,0.1533203125
0.16875,0.3875,0.06539062500000001
0.2125,0.540625,0.1148828125
0.2,0.578125,0.115625
0.30000000000000004,0.5750000000000001,0.17250000000000004
0.18125000000000002,0.48125,0.08722656250000001
0.16562500000000002,0.48750000000000004,0.08074218750000002
0.171875,0.259375,0.044580078125000006
0.11875,0.584375,0.06939453124999999
0.184375,0.375,0.06914062500000001
0.0875,0.359375,0.031445312499999996
0.13125,0.36875,0.0483984375
0.215625,0.540625,0.116572265625
0.40937500000000004,0.47500000000000003,0.19445312500000003
0.24375000000000002,0.28750000000000003,0.07007812500000002
0.209375,0.55,0.11515625000000002
0.234375,0.56875,0.13330078125
0.184375,0.259375,0.047822265625000006
0.225,0.371875,0.083671875
0.140625,0.353125,0.049658203125
0.26875,0.515625,0.13857421875
0.25,0.659375,0.16484375
0.225,0.55,0.12375000000000001
0.171875,0.534375,0.09184570312500001
0.259375,0.603125,0.15643554687500003
0.225,0.515625,0.116015625
0.171875,0.353125,0.060693359375000006
0.353125,0.565625,0.19973632812500003
0.221875,0.553125,0.12272460937499999
0.22187500000000002,0.571875,0.126884765625
0.28750000000000003,0.26875,0.077265625
0.178125,0.5375,0.09574218749999999
0.115625,0.325,0.037578125000000004
0.240625,0.59375,0.14287109375
0.27187500000000003,0.578125,0.15717773437500002
0.19062500000000002,0.36562500000000003,0.06969726562500002
0.19375,0.55625,0.10777343750000001
0.4375,0.203125,0.0888671875
0.2125,0.309375,0.06574218750000001
0.240625,0.528125,0.127080078125
0.203125,0.4375,0.0888671875
0.2625,0.56875,0.149296875
0.178125,0.51875,0.09240234375
0.18125,0.353125,0.06400390625
0.1625,0.340625,0.05535156250000001
0.203125,0.5,0.1015625
0.15937500000000002,0.571875,0.09114257812500001
0.20625000000000002,0.6125,0.126328125
0.19375,0.58125,0.11261718750000001
0.099379,0.595016,0.059132095063999995
0.251553,0.566978,0.142625016834
0.217391,0.588785,0.127996559935
0.184375,0.309375,0.057041015625000004
0.17500000000000002,0.265625,0.046484375
0.19062500000000002,0.4625,0.08816406250000001
0.171875,0.49375,0.08486328125
0.178125,0.3375,0.06011718750000001
0.171875,0.51875,0.08916015625000001
0.178125,0.41875,0.07458984375000001
0.16875,0.384375,0.06486328125
0.215625,0.48125,0.10376953125
0.31875000000000003,0.55625,0.17730468750000003
0.240625,0.5625,0.1353515625
0.203125,0.46875,0.09521484375
0.234375,0.603125,0.141357421875
0.309375,0.54375,0.16822265625
0.23125,0.565625,0.13080078125000003
0.209375,0.6125,0.12824218750000002
0.2515527950310559,0.5856697819314641,0.14732687061008878
0.171875,0.45937500000000003,0.07895507812500001
0.246875,0.609375,0.150439453125
0.30625,0.659375,0.20193359375000003
0.2,0.36562500000000003,0.07312500000000001
0.209375,0.375,0.078515625
0.158385,0.542056,0.08585353956
0.26087,0.168224,0.04388459488
0.234375,0.596875,0.139892578125
0.165625,0.559375,0.09264648437499999
0.225,0.375,0.084375
0.33125,0.25,0.0828125
0.3625,0.484375,0.17558593749999998
0.3875,0.51875,0.20101562500000003
0.20625,0.36875,0.0760546875
0.2,0.578125,0.115625
0.14375,0.19375,0.0278515625
0.19375,0.234375,0.04541015625
0.178125,0.425,0.075703125
0.153125,0.228125,0.034931640625
0.21875,0.5625,0.123046875
0.15937500000000002,0.446875,0.071220703125
0.19687500000000002,0.48750000000000004,0.09597656250000001
0.15625,0.325,0.05078125
0.209375,0.140625,0.029443359375000002
0.30625,0.5125000000000001,0.15695312500000003
0.28125,0.603125,0.16962890625000002
0.290625,0.55625,0.16166015625000002
0.24375000000000002,0.328125,0.07998046875
0.259375,0.625,0.162109375
0.18633540372670807,0.514018691588785,0.0957798804202705
0.20807453416149066,0.5109034267912772,0.10630599253110425
0.18012422360248445,0.40809968847352024,0.0735086395387086
0.334375,0.396875,0.132705078125
0.215625,0.45625000000000004,0.09837890625000001
0.240625,0.65,0.15640625
0.171875,0.321875,0.055322265625000006
0.171875,0.30625,0.052636718750000006
0.171875,0.30312500000000003,0.05209960937500001
0.225,0.56875,0.12796875
0.234375,0.184375,0.043212890625
0.184375,0.346875,0.063955078125
0.1875,0.415625,0.07792968750000001
0.16875,0.4625,0.07804687500000002
0.165625,0.553125,0.09161132812499999
0.19375,0.5375,0.104140625
0.1875,0.5625,0.10546875
0.2125,0.59375,0.126171875
0.1625,0.2625,0.04265625000000001
0.265625,0.603125,0.160205078125
0.2,0.540625,0.10812500000000001
0.075,0.540625,0.040546875
0.20625,0.6125,0.126328125
0.253125,0.546875,0.138427734375
0.253125,0.625,0.158203125
0.215625,0.515625,0.11118164062500001
0.175,0.35625,0.062343749999999996
0.29375,0.634375,0.18634765625000002
0.2625,0.6125,0.16078125000000001
0.209375,0.609375,0.127587890625
0.153125,0.43125,0.06603515625
0.18125000000000002,0.40937500000000004,0.07419921875000002
0.23750000000000002,0.50625,0.120234375
0.434375,0.48125,0.20904296875
0.41250000000000003,0.35000000000000003,0.14437500000000003
0.23750000000000002,0.571875,0.1358203125
0.096875,0.43125,0.04177734375
0.34472,0.426791,0.14712339352
0.209375,0.56875,0.11908203125
0.225,0.565625,0.12726562500000002
0.19375,0.4625,0.089609375
0.228125,0.515625,0.117626953125
0.30625,0.565625,0.17322265625000002
0.35625,0.328125,0.11689453125
0.06875,0.390625,0.026855468750000003
0.290625,0.578125,0.168017578125
0.25,0.375,0.09375
0.24375000000000002,0.56875,0.1386328125
0.35000000000000003,0.240625,0.08421875000000001
0.140625,0.265625,0.037353515625
0.478125,0.290625,0.13895507812500002
0.178125,0.509375,0.09073242187500001
0.175,0.525,0.091875
0.171875,0.490625,0.084326171875
0.3125,0.5625,0.17578125
0.353125,0.478125,0.16883789062500001
0.385093,0.442368,0.170352820224
0.220497,0.604361,0.133259787417
0.2919254658385093,0.5202492211838006,0.15187399624620265
0.1875,0.53125,0.099609375
0.397516,0.383178,0.152319385848
0.240625,0.553125,0.133095703125
0.13125,0.275,0.03609375000000001
0.17500000000000002,0.45625000000000004,0.07984375000000002
0.14375000000000002,0.45,0.06468750000000001
0.1625,0.278125,0.0451953125
0.234375,0.571875,0.134033203125
0.203125,0.6218750000000001,0.12631835937500002
0.184375,0.578125,0.106591796875
0.21875,0.41875,0.0916015625
0.36875,0.48125,0.17746093750000003
0.415625,0.46875,0.19482421875
0.1875,0.340625,0.0638671875
0.1875,0.42500000000000004,0.07968750000000001
0.15625,0.38125000000000003,0.05957031250000001
0.23750000000000002,0.509375,0.12097656250000001
0.296875,0.5906250000000001,0.175341796875
0.10312500000000001,0.140625,0.014501953125000001
0.248447,0.146417,0.036376864399
0.19687500000000002,0.509375,0.10028320312500001
0.19375,0.47500000000000003,0.09203125000000001
0.40625,0.521875,0.21201171875
0.209375,0.515625,0.107958984375
0.3125,0.578125,0.1806640625
0.278125,0.546875,0.152099609375
0.184375,0.478125,0.08815429687500001
0.246875,0.525,0.129609375
0.22812500000000002,0.521875,0.11905273437500001
0.290625,0.559375,0.162568359375
0.15937500000000002,0.36875,0.05876953125000001
0.17500000000000002,0.496875,0.086953125
0.184375,0.48750000000000004,0.08988281250000002
0.28125,0.41250000000000003,0.11601562500000001
0.340625,0.65,0.22140625000000003
0.20625,0.634375,0.13083984375
0.2125,0.5,0.10625
0.240625,0.503125,0.12106445312500001
0.1875,0.471875,0.0884765625
0.215625,0.540625,0.116572265625
0.20625000000000002,0.465625,0.09603515625
0.16562500000000002,0.371875,0.06159179687500001
0.178125,0.49062500000000003,0.08739257812500001
0.25625000000000003,0.5906250000000001,0.15134765625000005
0.115625,0.371875,0.042998046875
0.23125,0.36875,0.08527343750000001
0.22187500000000002,0.571875,0.126884765625
0.22812500000000002,0.59375,0.13544921875000002
0.15000000000000002,0.29375,0.04406250000000001
0.190625,0.43125,0.08220703124999999
0.21875,0.546875,0.11962890625
0.228125,0.309375,0.070576171875
0.2625,0.496875,0.1304296875
0.253125,0.55,0.13921875
0.22812500000000002,0.6218750000000001,0.14186523437500004
0.1875,0.33437500000000003,0.0626953125
0.184375,0.453125,0.08354492187500001
0.17500000000000002,0.275,0.04812500000000001
0.15625,0.240625,0.03759765625
0.21250000000000002,0.5375,0.11421875000000001
0.19375,0.36875,0.07144531250000001
0.25,0.571875,0.14296875
0.203125,0.640625,0.130126953125
0.17500000000000002,0.5875,0.10281250000000001
0.19375,0.61875,0.1198828125
0.146875,0.578125,0.084912109375
0.353125,0.26875,0.09490234375
0.265625,0.5750000000000001,0.152734375
0.1875,0.28125,0.052734375
0.275,0.596875,0.164140625
0.221875,0.503125,0.111630859375
0.18125,0.309375,0.05607421875
0.221875,0.609375,0.135205078125
0.2125,0.546875,0.1162109375
0.109375,0.603125,0.065966796875
0.178125,0.2625,0.0467578125
0.16875,0.478125,0.08068359375
0.30625,0.5750000000000001,0.17609375000000002
0.203125,0.37812500000000004,0.076806640625
0.1875,0.50625,0.09492187499999999
0.259375,0.525,0.13617187500000003
0.215625,0.49062500000000003,0.10579101562500001
0.19062500000000002,0.4,0.07625000000000001
0.17500000000000002,0.48750000000000004,0.08531250000000001
0.31875000000000003,0.509375,0.16236328125000002
0.290625,0.59375,0.17255859375000002
0.1125,0.540625,0.0608203125
0.20625000000000002,0.5,0.10312500000000001
0.203125,0.5593750000000001,0.11362304687500001
0.19062500000000002,0.515625,0.098291015625
0.23750000000000002,0.634375,0.15066406250000003
0.20625000000000002,0.4,0.08250000000000002
0.310559,0.576324,0.17898260511599998
0.1625,0.515625,0.0837890625
0.171875,0.30625,0.052636718750000006
0.125,0.2625,0.0328125
0.1375,0.41875,0.05757812500000001
0.159375,0.53125,0.08466796874999999
0.153125,0.56875,0.08708984375
0.1625,0.246875,0.040117187500000005
0.31875,0.65,0.2071875
0.275,0.1875,0.051562500000000004
0.2625,0.503125,0.1320703125
0.171875,0.525,0.090234375
0.16562500000000002,0.496875,0.08229492187500001
0.22187500000000002,0.540625,0.11995117187500001
0.16562500000000002,0.45,0.07453125000000001
0.23750000000000002,0.51875,0.12320312500000002
0.19062500000000002,0.50625,0.09650390625000001
0.21250000000000002,0.634375,0.13480468750000002
0.35625,0.546875,0.19482421875
0.16459627329192544,0.5389408099688473,0.08870764884580405
0.2919254658385093,0.5358255451713395,0.1564211218823165
0.21250000000000002,0.55625,0.11820312500000002
0.19687500000000002,0.465625,0.09166992187500002
0.2,0.525,0.10500000000000001
0.18125000000000002,0.4625,0.08382812500000002
0.22187500000000002,0.521875,0.11579101562500001
0.21250000000000002,0.509375,0.10824218750000002
0.19062500000000002,0.509375,0.097099609375
0.140625,0.5875,0.08261718750000001
0.21250000000000002,0.44062500000000004,0.09363281250000002
0.20625000000000002,0.584375,0.12052734375
0.23125,0.553125,0.12791015625
0.22187500000000002,0.55,0.12203125000000002
0.16875,0.39687500000000003,0.06697265625000001
0.14285714285714285,0.24299065420560748,0.03471295060080107
0.128125,0.43125,0.05525390625
0.303125,0.496875,0.150615234375
0.20625,0.58125,0.1198828125
0.090625,0.56875,0.051542968749999994
0.29375,0.36250000000000004,0.10648437500000002
0.17500000000000002,0.375,0.065625
0.267081,0.507788,0.13562052682800002
0.090062,0.570093,0.051343715766
0.30625,0.6000000000000001,0.18375000000000005
0.240625,0.521875,0.125576171875
0.0875,0.453125,0.039648437499999994
0.215625,0.615625,0.132744140625
0.2329192546583851,0.5669781931464174,0.13206013815522144
0.225,0.584375,0.131484375
0.303125,0.5125,0.15535156249999998
0.167702,0.551402,0.09247121820399999
0.096875,0.21875,0.02119140625
0.25625000000000003,0.584375,0.14974609375
0.19062500000000002,0.353125,0.067314453125
0.303125,0.58125,0.17619140625
0.12187500000000001,0.5750000000000001,0.07007812500000002
0.203125,0.48750000000000004,0.0990234375
0.18125000000000002,0.5,0.09062500000000001
0.19687500000000002,0.42500000000000004,0.08367187500000002
0.220497,0.504673,0.11127888248100001
0.26875,0.596875,0.16041015625000002
0.23750000000000002,0.625,0.1484375
0.16875,0.328125,0.05537109375
0.1875,0.546875,0.1025390625
0.19687500000000002,0.534375,0.10520507812500002
0.28882,0.610592,0.17635118144000003
0.225,0.553125,0.124453125
0.19375,0.56875,0.1101953125
0.359375,0.47500000000000003,0.170703125
0.19687500000000002,0.42500000000000004,0.08367187500000002
0.16562500000000002,0.37812500000000004,0.06262695312500001
0.19687500000000002,0.465625,0.09166992187500002
0.140625,0.35625,0.050097656250000004
0.203125,0.5625,0.1142578125
0.20625000000000002,0.5750000000000001,0.11859375000000003
0.10312500000000001,0.15000000000000002,0.015468750000000003
0.159375,0.640625,0.102099609375
0.2,0.36562500000000003,0.07312500000000001
0.21250000000000002,0.59375,0.12617187500000002
0.16562500000000002,0.178125,0.029501953125000004
0.15625,0.4625,0.072265625
0.259375,0.5625,0.1458984375
0.234375,0.59375,0.13916015625
0.246875,0.15000000000000002,0.03703125000000001
0.16875,0.609375,0.10283203125000001
0.1875,0.46875,0.087890625
0.12187500000000001,0.5875,0.07160156250000001
0.175,0.421875,0.073828125
0.1625,0.3125,0.05078125
0.1625,0.403125,0.0655078125
0.24375,0.584375,0.14244140624999999
0.225,0.565625,0.12726562500000002
0.203125,0.55,0.11171875
0.2639751552795031,0.5109034267912772,0.13486581142005766
0.19375,0.565625,0.10958984375000001
0.18125000000000002,0.571875,0.10365234375000001
0.19687500000000002,0.4,0.07875000000000001
0.1375,0.30312500000000003,0.04167968750000001
0.17500000000000002,0.496875,0.086953125
0.20625000000000002,0.50625,0.1044140625
0.453125,0.44375000000000003,0.20107421875
0.19687500000000002,0.48750000000000004,0.09597656250000001
0.19062500000000002,0.509375,0.097099609375
0.30625,0.5625,0.172265625
0.2,0.5625,0.1125
0.1375,0.525,0.07218750000000002
0.184375,0.5,0.0921875
0.14375,0.30625,0.0440234375
0.128125,0.26875,0.03443359375
0.30625,0.5875,0.179921875
0.14375000000000002,0.36562500000000003,0.052558593750000014
0.15527950310559005,0.5856697819314641,0.09094251272227703
0.22812500000000002,0.5,0.11406250000000001
0.1625,0.453125,0.0736328125
0.27187500000000003,0.553125,0.150380859375
0.225,0.4,0.09000000000000001
0.234375,0.546875,0.128173828125
0.040625,0.434375,0.017646484375
0.22187500000000002,0.65625,0.14560546875000002
0.1875,0.671875,0.1259765625
0.18125000000000002,0.540625,0.09798828125000002
0.21250000000000002,0.6125,0.13015625000000003
0.19687500000000002,0.3375,0.0664453125
0.2,0.640625,0.12812500000000002
0.19687500000000002,0.28125,0.05537109375
0.16875,0.3375,0.05695312500000001
0.51875,0.4,0.20750000000000002
0.22981366459627328,0.616822429906542,0.14175422302200033
0.23125,0.65625,0.1517578125
0.19687500000000002,0.509375,0.10028320312500001
0.215625,0.553125,0.119267578125
0.390625,0.496875,0.194091796875
0.359375,0.515625,0.185302734375
0.078125,0.5125,0.0400390625
0.2,0.55625,0.11125000000000002
0.25625000000000003,0.53125,0.1361328125
0.3375,0.625,0.2109375
0.1875,0.53125,0.099609375
0.20625000000000002,0.6000000000000001,0.12375000000000003
0.240625,0.65,0.15640625
0.184375,0.44062500000000004,0.08124023437500001
0.19062500000000002,0.36875,0.07029296875
0.178125,0.375,0.066796875
0.25,0.48125,0.1203125
0.21428571428571427,0.5514018691588785,0.11815754339118824
0.16875,0.35000000000000003,0.05906250000000001
0.21250000000000002,0.525,0.11156250000000002
0.19687500000000002,0.525,0.10335937500000002
0.203125,0.578125,0.117431640625
0.16562500000000002,0.359375,0.05952148437500001
0.1625,0.384375,0.06246093750000001
0.284375,0.55,0.15640625
0.146875,0.30625,0.04498046875
0.153125,0.575,0.088046875
0.279503,0.563863,0.157601400089
0.203125,0.546875,0.111083984375
0.321875,0.48125,0.15490234375
0.384375,0.49375,0.18978515625000003
0.225,0.503125,0.11320312500000002
0.3375,0.4625,0.15609375000000003
0.234375,0.603125,0.141357421875
0.1875,0.3375,0.06328125000000001
0.17500000000000002,0.26875,0.047031250000000004
0.203125,0.45,0.09140625000000001
0.1875,0.478125,0.08964843750000001
0.28125,0.43125,0.1212890625
0.203125,0.478125,0.097119140625
0.15625,0.45,0.0703125
0.39687500000000003,0.27187500000000003,0.10790039062500002
0.30000000000000004,0.45937500000000003,0.13781250000000003
0.1625,0.23125,0.037578125000000004
0.146875,0.30625,0.04498046875
0.18125000000000002,0.496875,0.09005859375000001
0.17500000000000002,0.446875,0.07820312500000001
0.19375,0.47500000000000003,0.09203125000000001
0.30625,0.465625,0.14259765625
0.203125,0.47500000000000003,0.09648437500000001
0.2,0.534375,0.10687500000000001
0.253125,0.609375,0.154248046875
0.234375,0.5875,0.1376953125
0.246875,0.603125,0.148896484375
0.15000000000000002,0.3125,0.04687500000000001
0.115625,0.296875,0.034326171875
0.23125,0.546875,0.12646484375
0.215625,0.53125,0.11455078125000001
0.16875,0.565625,0.09544921875000001
0.165625,0.303125,0.050205078125
0.121875,0.2,0.024375
0.171875,0.44375,0.07626953125
0.21875,0.634375,0.13876953125
0.184375,0.43125,0.07951171875000002
0.26875,0.4875,0.131015625
0.2375,0.665625,0.1580859375
0.146875,0.40625,0.05966796875
0.23750000000000002,0.5375,0.12765625
0.16875,0.46875,0.0791015625
0.19062500000000002,0.44375000000000003,0.08458984375000002
0.146875,0.43125,0.06333984375
0.19687500000000002,0.521875,0.10274414062500001
0.21118012422360247,0.5233644859813084,0.11052417716375455
0.20625000000000002,0.40625,0.08378906250000001
0.24375000000000002,0.55625,0.13558593750000003
0.44375,0.5625,0.249609375
0.19375,0.421875,0.08173828125
0.259375,0.53125,0.13779296875000002
0.15625,0.53125,0.0830078125
0.20625000000000002,0.609375,0.12568359375000002
0.134375,0.534375,0.071806640625
0.2,0.65625,0.13125
0.3375,0.628125,0.21199218750000004
0.2,0.55,0.11000000000000001
0.19062500000000002,0.525,0.10007812500000002
0.20625000000000002,0.55,0.11343750000000002
0.25,0.5875,0.146875
0.321875,0.36875,0.11869140625000002
0.1875,0.434375,0.0814453125
0.203125,0.584375,0.118701171875
0.171875,0.36562500000000003,0.06284179687500001
0.225,0.521875,0.117421875
0.21875,0.478125,0.10458984375000001
0.23750000000000002,0.2,0.04750000000000001
0.1875,0.45,0.084375
0.25,0.55625,0.1390625
0.23125,0.596875,0.13802734375
0.23125,0.53125,0.12285156250000001
0.21875,0.30312500000000003,0.06630859375
0.18125000000000002,0.34375,0.06230468750000001
0.24375000000000002,0.5750000000000001,0.14015625000000004
0.246875,0.603125,0.148896484375
0.175,0.49375,0.08640625
0.228125,0.41875,0.09552734375
0.040625,0.19375,0.00787109375
0.184375,0.49062500000000003,0.09045898437500001
0.20625000000000002,0.534375,0.11021484375000001
0.18125000000000002,0.503125,0.09119140625000002
0.234375,0.6000000000000001,0.14062500000000003
0.16562500000000002,0.30000000000000004,0.049687500000000016
0.15625,0.31875000000000003,0.04980468750000001
0.215625,0.540625,0.116572265625
0.209375,0.478125,0.100107421875
0.16875,0.325,0.054843750000000004
0.171875,0.340625,0.058544921875
0.2,0.534375,0.10687500000000001
0.17500000000000002,0.040625,0.007109375000000001
0.16875,0.4,0.0675
0.1875,0.51875,0.09726562500000001
0.12732919254658384,0.24922118380062305,0.031733132098837095
0.21250000000000002,0.5375,0.11421875000000001
0.225,0.5593750000000001,0.12585937500000002
0.259375,0.53125,0.13779296875000002
0.209375,0.48125,0.10076171875
0.140625,0.359375,0.050537109375
0.134375,0.340625,0.045771484375
0.37812500000000004,0.3125,0.11816406250000001
0.18125000000000002,0.36250000000000004,0.06570312500000001
0.23125,0.628125,0.14525390625
0.340625,0.16562500000000002,0.05641601562500001
0.16562500000000002,0.3375,0.05589843750000001
0.21875,0.321875,0.07041015625000001
0.25,0.503125,0.12578125
0.178125,0.359375,0.064013671875
0.2,0.6125,0.12250000000000001
0.275,0.596875,0.164140625
0.22981366459627328,0.5856697819314641,0.13459491882897
0.40937500000000004,0.2625,0.10746093750000002
0.35,0.428125,0.14984374999999997
0.228125,0.51875,0.11833984375
0.225,0.54375,0.12234374999999999
0.215625,0.534375,0.11522460937500001
0.23750000000000002,0.546875,0.1298828125
0.16562500000000002,0.359375,0.05952148437500001
0.16562500000000002,0.478125,0.07918945312500002
0.19375,0.634375,0.12291015625000001
0.16875,0.4625,0.07804687500000002
0.20625000000000002,0.546875,0.11279296875000001
0.225,0.553125,0.124453125
0.22360248447204967,0.5514018691588785,0.12329482788645728
0.22360248447204967,0.5420560747663551,0.1212050850409241
0.2,0.578125,0.115625
0.19062500000000002,0.496875,0.09471679687500001
0.16875,0.525,0.08859375000000001
0.209375,0.384375,0.08047851562500001
0.221875,0.565625,0.125498046875
0.19062500000000002,0.31875000000000003,0.06076171875000001
0.21875,0.446875,0.09775390625000001
0.17500000000000002,0.446875,0.07820312500000001
0.284375,0.546875,0.155517578125
0.040625,0.47187500000000004,0.019169921875000002
0.18125000000000002,0.45937500000000003,0.08326171875000002
0.22187500000000002,0.509375,0.11301757812500002
0.203125,0.49375,0.10029296875
0.1375,0.44062500000000004,0.06058593750000001
0.23750000000000002,0.5875,0.13953125000000002
0.203125,0.55625,0.11298828125
0.203125,0.609375,0.123779296875
0.139752,0.53271,0.07444728792
0.19687500000000002,0.509375,0.10028320312500001
0.223602,0.610592,0.136529592384
0.164596,0.4081,0.0671716276
0.17500000000000002,0.446875,0.07820312500000001
0.22812500000000002,0.55,0.12546875000000002
0.3125,0.61875,0.193359375
0.167702,0.641745,0.10762191999
0.278125,0.240625,0.066923828125
0.115625,0.540625,0.062509765625
0.18125,0.403125,0.07306640625
0.2625,0.56875,0.149296875
0.153125,0.315625,0.048330078125
0.415625,0.3875,0.16105468750000002
0.153125,0.26875,0.04115234375
0.15,0.3125,0.046875
0.2,0.509375,0.10187500000000001
0.246875,0.49062500000000003,0.12112304687500001
0.171875,0.603125,0.103662109375
0.225,0.65625,0.14765625000000002
0.028125,0.13125,0.0036914062500000002
0.1375,0.290625,0.03996093750000001
0.275,0.50625,0.13921875
0.265625,0.290625,0.07719726562500001
0.15000000000000002,0.45,0.06750000000000002
0.184375,0.353125,0.065107421875
0.30625,0.534375,0.16365234375
0.22187500000000002,0.259375,0.05754882812500001
0.153125,0.43125,0.06603515625
0.16875,0.49062500000000003,0.08279296875000001
0.22187500000000002,0.546875,0.12133789062500001
0.21875,0.603125,0.13193359375
0.20625000000000002,0.5281250000000001,0.10892578125000002
0.39687500000000003,0.478125,0.18975585937500003
0.21118012422360247,0.5202492211838006,0.10986629515682744
0.19565217391304346,0.3115264797507788,0.06095083299471758
0.21739130434782608,0.26479750778816197,0.05756467560612216
0.09937888198757763,0.37383177570093457,0.03715098392058977
0.35093167701863354,0.6199376947040498,0.21755577484955785
0.1875,0.45625000000000004,0.08554687500000001
0.3012422360248447,0.5607476635514018,0.16892088001393157
0.234375,0.50625,0.11865234375
0.170807,0.255452,0.043632989764
0.21875,0.603125,0.13193359375
0.290625,0.58125,0.16892578125000002
0.215625,0.5437500000000001,0.11724609375000002
0.245342,0.557632,0.136810550144
0.2,0.471875,0.094375
0.165625,0.534375,0.08850585937500001
0.346875,0.521875,0.18102539062499998
0.259375,0.603125,0.15643554687500003
0.21250000000000002,0.609375,0.12949218750000002
0.18125000000000002,0.521875,0.09458984375000001
0.225,0.53125,0.11953125
0.1875,0.43125,0.08085937500000001
0.196875,0.578125,0.113818359375
0.215625,0.540625,0.116572265625
0.21875,0.48125,0.1052734375
0.20496894409937888,0.5171339563862928,0.10599640099843267
0.28750000000000003,0.628125,0.18058593750000004
0.178125,0.484375,0.08627929687500001
0.371875,0.453125,0.168505859375
0.16562500000000002,0.534375,0.08850585937500002
0.19375,0.45625000000000004,0.08839843750000001
0.184375,0.53125,0.09794921875000001
0.17500000000000002,0.275,0.04812500000000001
0.22187500000000002,0.584375,0.129658203125
0.17500000000000002,0.65625,0.11484375000000001
0.203125,0.41250000000000003,0.08378906250000001
0.20625000000000002,0.48125,0.09925781250000001
0.225,0.5625,0.1265625
0.22812500000000002,0.540625,0.12333007812500002
0.1375,0.625,0.0859375
0.203125,0.584375,0.118701171875
0.23125,0.603125,0.13947265625000002
0.24375,0.246875,0.060175781250000004
0.2,0.37812500000000004,0.07562500000000001
0.240625,0.48750000000000004,0.11730468750000002
0.278125,0.278125,0.07735351562500001
0.275,0.153125,0.042109375000000004
0.15625,0.40937500000000004,0.06396484375
0.20625000000000002,0.40937500000000004,0.08443359375000002
0.37812500000000004,0.446875,0.16897460937500003
0.340625,0.465625,0.158603515625
0.23750000000000002,0.5625,0.13359375
0.08125,0.609375,0.04951171875
0.19062500000000002,0.353125,0.067314453125
0.2,0.371875,0.07437500000000001
0.21875,0.515625,0.11279296875
0.22812500000000002,0.540625,0.12333007812500002
0.340625,0.375,0.127734375
0.1875,0.496875,0.0931640625
0.178125,0.425,0.075703125
0.159375,0.559375,0.08915039062499999
0.215625,0.5437500000000001,0.11724609375000002
0.253125,0.640625,0.16215820312499998
0.08125,0.28750000000000003,0.023359375000000005
0.246875,0.446875,0.11032226562500001
0.353125,0.48125,0.16994140625
0.2625,0.375,0.09843750000000001
0.184375,0.371875,0.06856445312500001
0.16875,0.403125,0.06802734375000001
0.372671,0.305296,0.11377496561599999
0.165625,0.55,0.09109375
0.20625,0.540625,0.11150390624999999
0.109375,0.16875,0.018457031250000002
0.30312500000000003,0.5625,0.17050781250000002
0.321875,0.553125,0.178037109375
0.4,0.465625,0.18625000000000003
0.29375,0.44062500000000004,0.12943359375000002
0.171875,0.571875,0.098291015625
0.203125,0.434375,0.08823242187500001
0.228125,0.428125,0.09766601562499999
0.209375,0.3375,0.07066406250000001
0.421875,0.421875,0.177978515625
0.275,0.546875,0.150390625
0.1625,0.459375,0.0746484375
0.253125,0.425,0.107578125
0.19375,0.453125,0.08779296875
0.2,0.565625,0.11312500000000002
0.171875,0.540625,0.092919921875
0.21250000000000002,0.59375,0.12617187500000002
0.228125,0.403125,0.091962890625
0.165625,0.5875,0.0973046875
0.15,0.6125,0.091875
0.171875,0.325,0.055859375
0.1875,0.49375,0.09257812500000001
0.16875,0.515625,0.08701171875000001
0.2875,0.55625,0.159921875
0.16875,0.30625,0.05167968750000001
0.203125,0.53125,0.10791015625
0.203125,0.46875,0.09521484375
0.3125,0.671875,0.2099609375
0.20625,0.53125,0.10957031249999999
0.196875,0.65625,0.12919921874999998
0.18125,0.340625,0.06173828125
0.178125,0.290625,0.051767578125000005
0.3125,0.48750000000000004,0.15234375
0.20625000000000002,0.44062500000000004,0.09087890625000002
0.290625,0.5906250000000001,0.17165039062500004
0.328125,0.634375,0.208154296875
0.17500000000000002,0.309375,0.054140625000000005
0.20625000000000002,0.421875,0.08701171875000001
0.1875,0.48125,0.090234375
0.18125000000000002,0.453125,0.08212890625000001
0.178125,0.4,0.07125000000000001
0.246875,0.540625,0.13346679687500002
0.1375,0.35000000000000003,0.04812500000000001
0.48125,0.525,0.25265625
0.203125,0.51875,0.10537109375
0.275,0.5625,0.1546875
0.259375,0.509375,0.13211914062500002
0.240625,0.5875,0.14136718750000002
0.253125,0.58125,0.14712890625
0.215625,0.43125,0.09298828125000001
0.18125000000000002,0.3875,0.07023437500000002
0.21250000000000002,0.503125,0.10691406250000002
0.17500000000000002,0.30000000000000004,0.05250000000000001
0.19375,0.546875,0.10595703125
0.134375,0.4,0.05375
0.228125,0.628125,0.14329101562500002
0.21875,0.25625,0.05605468749999999
0.1625,0.553125,0.0898828125
0.29375,0.434375,0.12759765625
0.275,0.634375,0.17445312500000001
0.14375,0.2125,0.030546874999999998
0.13125,0.1125,0.014765625000000001
0.23750000000000002,0.659375,0.1566015625
0.28125,0.59375,0.1669921875
0.21875,0.5906250000000001,0.12919921875
0.19254658385093165,0.5451713395638629,0.10497087904645806
0.18944099378881987,0.5514018691588785,0.10445811807047076
0.19375,0.521875,0.10111328124999999
0.109375,0.515625,0.056396484375
0.215625,0.553125,0.119267578125
0.19375,0.571875,0.11080078125000001
0.3375,0.48125,0.16242187500000002
0.240625,0.45,0.10828125000000001
0.259375,0.625,0.162109375
0.21250000000000002,0.51875,0.11023437500000002
0.234375,0.5750000000000001,0.13476562500000003
0.321875,0.571875,0.184072265625
0.2,0.565625,0.11312500000000002
0.24375000000000002,0.596875,0.14548828125000002
0.234375,0.5375,0.1259765625
0.19375,0.40625,0.07871093750000001
0.18125000000000002,0.309375,0.05607421875000001
0.19375,0.603125,0.11685546875000001
0.209375,0.603125,0.126279296875
0.16562500000000002,0.540625,0.08954101562500001
0.23750000000000002,0.634375,0.15066406250000003
0.065625,0.465625,0.030556640625000003
0.203125,0.640625,0.130126953125
0.2625,0.621875,0.1632421875
0.153125,0.36875,0.05646484375000001
0.15937500000000002,0.40625,0.06474609375000001
0.1875,0.434375,0.0814453125
0.19062500000000002,0.53125,0.10126953125
0.44062500000000004,0.434375,0.19139648437500004
0.2,0.4,0.08000000000000002
0.384375,0.58125,0.22341796875000003
0.1625,0.4625,0.07515625000000001
0.1875,0.271875,0.050976562499999996
0.16875,0.5375,0.090703125
0.29375,0.5625,0.16523437500000002
0.284375,0.5625,0.15996093749999998
0.21875,0.40625,0.0888671875
0.15625,0.30625,0.0478515625
0.19062500000000002,0.48750000000000004,0.09292968750000001
0.16875,0.515625,0.08701171875000001
0.209375,0.503125,0.10534179687500002
0.20625000000000002,0.603125,0.12439453125000001
0.17500000000000002,0.49375,0.08640625000000002
0.140625,0.29375,0.041308593750000004
0.203125,0.6312500000000001,0.12822265625
0.203125,0.55,0.11171875
0.3125,0.5625,0.17578125
0.19062500000000002,0.553125,0.105439453125
0.31562500000000004,0.371875,0.11737304687500003
0.265625,0.48750000000000004,0.12949218750000002
0.21250000000000002,0.5750000000000001,0.12218750000000003
0.171875,0.53125,0.09130859375
0.1875,0.5593750000000001,0.1048828125
0.06875,0.415625,0.028574218750000005
0.221875,0.534375,0.11856445312500001
0.190625,0.371875,0.070888671875
0.2,0.340625,0.068125
0.178125,0.31875,0.05677734375
0.30625,0.528125,0.16173828125
0.225,0.415625,0.093515625
0.16875,0.4,0.0675
0.19375,0.521875,0.10111328124999999
0.209375,0.2625,0.0549609375
0.19687500000000002,0.509375,0.10028320312500001
0.51875,0.428125,0.22208984375000002
0.184375,0.446875,0.082392578125
0.284375,0.603125,0.171513671875
0.11875000000000001,0.265625,0.031542968750000004
0.1125,0.290625,0.032695312500000004
0.21875,0.553125,0.12099609374999999
0.140625,0.25,0.03515625
0.22187500000000002,0.540625,0.11995117187500001
0.23750000000000002,0.534375,0.1269140625
0.21250000000000002,0.55625,0.11820312500000002
0.22812500000000002,0.609375,0.13901367187500002
0.17500000000000002,0.42500000000000004,0.07437500000000001
0.234375,0.496875,0.116455078125
0.184375,0.42500000000000004,0.07835937500000001
0.209375,0.553125,0.115810546875
0.171875,0.51875,0.08916015625000001
0.178125,0.275,0.048984375000000004
0.171875,0.484375,0.083251953125
0.371875,0.53125,0.19755859375
0.246875,0.590625,0.145810546875
0.215625,0.61875,0.13341796875
0.21875,0.5906250000000001,0.12919921875
0.203125,0.64375,0.13076171875
0.2,0.596875,0.11937500000000001
0.23750000000000002,0.5625,0.13359375
0.18125000000000002,0.578125,0.10478515625000001
0.24375000000000002,0.5625,0.137109375
0.203125,0.465625,0.09458007812500001
0.21875,0.515625,0.11279296875
0.184375,0.48125,0.08873046875000001
0.246875,0.64375,0.15892578125
0.1875,0.4,0.07500000000000001
0.21250000000000002,0.403125,0.08566406250000001
0.184375,0.5,0.0921875
0.23750000000000002,0.6000000000000001,0.14250000000000004
0.19687500000000002,0.515625,0.10151367187500002
0.17500000000000002,0.40625,0.07109375000000001
0.16562500000000002,0.515625,0.08540039062500002
0.18125000000000002,0.5375,0.097421875
0.178125,0.296875,0.052880859375
0.19375,0.359375,0.06962890625
0.265625,0.49062500000000003,0.13032226562500002
0.146875,0.26875,0.03947265625
0.290625,0.25625000000000003,0.07447265625000002
0.053125000000000006,0.15625,0.00830078125
0.178125,0.571875,0.101865234375
0.19062500000000002,0.509375,0.097099609375
0.1625,0.421875,0.0685546875
0.34472,0.433022,0.14927134384000001
0.22187500000000002,0.525,0.11648437500000001
0.259375,0.4625,0.11996093750000002
0.26875,0.59375,0.1595703125
0.18125000000000002,0.571875,0.10365234375000001
0.19375,0.634375,0.12291015625000001
0.146875,0.4625,0.0679296875
0.21875,0.5625,0.123046875
0.24375000000000002,0.603125,0.14701171875000002
0.19062500000000002,0.3125,0.05957031250000001
0.184375,0.465625,0.08584960937500001
0.23125,0.42812500000000003,0.09900390625000001
0.19375,0.51875,0.10050781250000002
0.215625,0.30625,0.06603515625
0.279503,0.436137,0.121901599911
0.18125000000000002,0.253125,0.045878906250000004
0.26875,0.665625,0.17888671875
0.19375,0.30625,0.059335937500000005
0.15000000000000002,0.278125,0.041718750000000006
0.23125,0.61875,0.1430859375
0.21250000000000002,0.20625000000000002,0.04382812500000001
0.18125000000000002,0.36562500000000003,0.06626953125000001
0.10312500000000001,0.1625,0.016757812500000004
0.17500000000000002,0.275,0.04812500000000001
0.2625,0.390625,0.1025390625
0.34687500000000004,0.39687500000000003,0.13766601562500003
0.296875,0.35625,0.10576171875
0.290625,0.421875,0.12260742187500001
0.16149068322981366,0.37694704049844235,0.0608734351115497
0.15838509316770186,0.3426791277258567,0.05427526557148662
0.2,0.478125,0.09562500000000002
0.171875,0.47500000000000003,0.08164062500000001
0.19375,0.546875,0.10595703125
0.2,0.578125,0.115625
0.240625,0.6125,0.14738281250000002
0.171875,0.553125,0.095068359375
0.22812500000000002,0.41250000000000003,0.09410156250000001
0.11875000000000001,0.265625,0.031542968750000004
0.19062500000000002,0.48750000000000004,0.09292968750000001
0.1875,0.35000000000000003,0.065625
0.4,0.515625,0.20625000000000002
0.178125,0.1,0.017812500000000002
0.23125,0.5625,0.13007812500000002
0.18125000000000002,0.45937500000000003,0.08326171875000002
0.309375,0.5875,0.1817578125
0.21428571428571427,0.4735202492211838,0.10146862483311081
0.2,0.59375,0.11875000000000001
0.18125000000000002,0.29375,0.05324218750000001
0.2,0.496875,0.099375
0.21250000000000002,0.6312500000000001,0.13414062500000004
0.2,0.41875,0.08375
0.215625,0.56875,0.12263671875
0.19375,0.59375,0.1150390625
0.21875,0.58125,0.12714843750000002
0.12812500000000002,0.25,0.032031250000000004
0.209375,0.5,0.1046875
0.203125,0.5437500000000001,0.11044921875000001
0.178125,0.421875,0.075146484375
0.24375000000000002,0.49375,0.12035156250000002
0.30625,0.55,0.16843750000000002
0.1875,0.465625,0.0873046875
0.215625,0.540625,0.116572265625
0.203125,0.35625,0.07236328125000001
0.19254658385093165,0.5264797507788161,0.10137187747915093
0.16770186335403725,0.4517133956386293,0.07575317815057757
0.13664596273291924,0.21495327102803738,0.029372496662216283
0.284375,0.340625,0.096865234375
0.24375,0.534375,0.13025390625
0.203125,0.525,0.106640625
0.19375,0.48750000000000004,0.09445312500000001
0.15625,0.36875,0.0576171875
0.1625,0.36875,0.059921875000000006
0.2,0.384375,0.07687500000000001
0.203125,0.571875,0.116162109375
0.178125,0.58125,0.10353515625000001
0.3375,0.5625,0.18984375
0.06521739130434782,0.4392523364485981,0.02864689150751727
0.1875,0.534375,0.10019531250000001
0.16562500000000002,0.28750000000000003,0.04761718750000001
0.121875,0.278125,0.033896484375
0.146875,0.453125,0.066552734375
0.19375,0.540625,0.10474609375
0.246875,0.5875,0.1450390625
0.234375,0.5875,0.1376953125
0.325,0.6687500000000001,0.21734375000000003
0.19375,0.3375,0.06539062500000001
0.21875,0.546875,0.11962890625
0.21875,0.44375,0.09707031249999999
0.2125,0.278125,0.0591015625
0.221875,0.653125,0.144912109375
0.178125,0.584375,0.104091796875
0.0875,0.10625,0.009296875
0.246875,0.5375,0.1326953125
0.1875,0.203125,0.0380859375
0.2,0.321875,0.064375
0.125,0.47500000000000003,0.059375000000000004
0.146875,0.53125,0.07802734375
0.19687500000000002,0.509375,0.10028320312500001
0.2375,0.6625,0.15734374999999998
0.175,0.234375,0.041015625
0.190625,0.41875,0.07982421875
0.15,0.475,0.07125
0.196875,0.284375,0.055986328125
0.14375,0.421875,0.060644531249999994
0.3375,0.5375,0.18140625
0.309375,0.5625,0.17402343750000002
0.33125,0.375,0.12421874999999999
0.33125,0.45,0.1490625
0.140625,0.47500000000000003,0.066796875
0.171875,0.496875,0.085400390625
0.19687500000000002,0.48125,0.09474609375000001
0.23125,0.521875,0.12068359375
0.225,0.584375,0.131484375
0.165625,0.609375,0.100927734375
0.21875,0.5875,0.128515625
0.190625,0.5625,0.1072265625
0.10312500000000001,0.53125,0.05478515625
0.18125000000000002,0.48125,0.08722656250000001
0.22812500000000002,0.503125,0.11477539062500001
0.22812500000000002,0.56875,0.12974609375
0.35625,0.475,0.16921875
0.153125,0.303125,0.046416015625
0.225,0.53125,0.11953125
0.18125000000000002,0.55625,0.10082031250000002
0.30312500000000003,0.240625,0.07293945312500001
0.203125,0.509375,0.103466796875
0.18125000000000002,0.453125,0.08212890625000001
0.203125,0.565625,0.114892578125
0.321875,0.525,0.16898437500000002
0.246875,0.47187500000000004,0.11649414062500002
0.146875,0.6000000000000001,0.08812500000000002
0.16459627329192544,0.4143302180685358,0.06819720980631179
0.23125,0.534375,0.12357421875000002
0.184375,0.4375,0.08066406250000001
0.403125,0.428125,0.172587890625
0.171875,0.4,0.06875
0.2,0.325,0.065
0.078125,0.525,0.041015625
0.16875,0.53125,0.08964843750000001
0.134375,0.509375,0.068447265625
0.19375,0.50625,0.0980859375
0.1,0.5375,0.05375
0.17500000000000002,0.5906250000000001,0.10335937500000002
0.234375,0.16562500000000002,0.03881835937500001
0.21250000000000002,0.565625,0.12019531250000003
0.153125,0.321875,0.049287109375000006
0.24375000000000002,0.56875,0.1386328125
0.171875,0.375,0.064453125
0.19687500000000002,0.43125,0.08490234375000001
0.15625,0.415625,0.06494140625
0.15625,0.41875,0.0654296875
0.19687500000000002,0.5437500000000001,0.10705078125000002
0.15625,0.40937500000000004,0.06396484375
0.209375,0.521875,0.109267578125
0.152174,0.252336,0.038398978464
0.19687500000000002,0.515625,0.10151367187500002
0.17500000000000002,0.5,0.08750000000000001
0.19375,0.41250000000000003,0.079921875
0.209375,0.42500000000000004,0.08898437500000002
0.203125,0.47500000000000003,0.09648437500000001
0.21250000000000002,0.584375,0.12417968750000001
0.19062500000000002,0.603125,0.11497070312500002
0.15000000000000002,0.2625,0.03937500000000001
0.234375,0.5625,0.1318359375
0.2375,0.59375,0.141015625
0.290625,0.6,0.174375
0.165625,0.675,0.111796875
0.24375000000000002,0.521875,0.12720703125000002
0.15625,0.30312500000000003,0.04736328125000001
0.1375,0.6375,0.08765625
0.353125,0.49062500000000003,0.17325195312500002
0.13125,0.36875,0.0483984375
0.353125,0.484375,0.171044921875
0.1875,0.30625,0.057421875000000004
0.16875,0.246875,0.041660156250000004
0.17500000000000002,0.3375,0.05906250000000001
0.17500000000000002,0.584375,0.10226562500000001
0.30625,0.578125,0.17705078125
0.20625000000000002,0.61875,0.1276171875
0.31875000000000003,0.525,0.16734375
0.22187500000000002,0.540625,0.11995117187500001
0.2,0.553125,0.110625
0.225,0.5625,0.1265625
0.1875,0.4,0.07500000000000001
0.215625,0.584375,0.126005859375
0.184375,0.41250000000000003,0.07605468750000001
0.1875,0.5625,0.10546875
0.1625,0.209375,0.0340234375
0.178125,0.4,0.07125000000000001
0.178125,0.45,0.08015625
0.265625,0.603125,0.160205078125
0.1875,0.28125,0.052734375
0.17500000000000002,0.53125,0.09296875
0.23750000000000002,0.50625,0.120234375
0.22187500000000002,0.55,0.12203125000000002
0.178125,0.51875,0.09240234375
0.209375,0.61875,0.12955078125
0.146875,0.325,0.047734375
0.234375,0.465625,0.109130859375
0.209375,0.55,0.11515625000000002
0.215625,0.578125,0.124658203125
0.325,0.578125,0.187890625
0.19565217391304346,0.45482866043613707,0.08898821617228768
0.24375000000000002,0.40937500000000004,0.09978515625000002
0.359375,0.45937500000000003,0.165087890625
0.321875,0.42812500000000003,0.137802734375
0.19687500000000002,0.509375,0.10028320312500001
0.19062500000000002,0.5,0.09531250000000001
0.17500000000000002,0.384375,0.06726562500000001
0.353125,0.6062500000000001,0.21408203125000003
0.290625,0.603125,0.175283203125
0.184375,0.48750000000000004,0.08988281250000002
0.15000000000000002,0.525,0.07875000000000001
0.23125,0.5593750000000001,0.12935546875
0.16562500000000002,0.36562500000000003,0.06055664062500001
0.15000000000000002,0.421875,0.06328125000000001
0.1875,0.353125,0.06621093750000001
0.165625,0.45,0.07453125
0.1375,0.4625,0.06359375
0.128125,0.315625,0.040439453125
0.159375,0.409375,0.06524414062499999
0.41875,0.465625,0.19498046875
0.153125,0.540625,0.08278320312500001
0.20625,0.56875,0.11730468749999999
0.2,0.315625,0.063125
0.159375,0.384375,0.061259765625
0.284375,0.59375,0.16884765625
0.171875,0.55,0.09453125000000001
0.215625,0.571875,0.12331054687500001
0.30625,0.478125,0.14642578125000003
0.134375,0.375,0.050390624999999994
0.278125,0.484375,0.13471679687500002
0.2,0.36875,0.07375000000000001
0.246875,0.6125,0.15121093750000003
0.225,0.59375,0.13359375
0.265625,0.634375,0.168505859375
0.24375,0.4,0.0975
0.178125,0.30625,0.054550781250000006
0.2625,0.384375,0.10089843750000001
0.16875,0.3125,0.052734375
0.203125,0.5625,0.1142578125
0.19375,0.453125,0.08779296875
0.15937500000000002,0.31562500000000004,0.05030273437500001
0.2,0.496875,0.099375
0.19687500000000002,0.515625,0.10151367187500002
0.24375000000000002,0.5375,0.131015625
0.2,0.44062500000000004,0.08812500000000001
0.246875,0.56875,0.14041015625
0.19062500000000002,0.309375,0.05897460937500001
0.15625,0.403125,0.06298828125
0.291925,0.271028,0.0791198489
0.2125,0.609375,0.1294921875
0.215625,0.584375,0.126005859375
0.215625,0.478125,0.10309570312500001
0.196875,0.36875,0.07259765625
0.190625,0.4,0.07625
0.140625,0.60625,0.08525390625
0.2,0.353125,0.07062500000000001
0.134375,0.575,0.07726562499999999
0.19375,0.565625,0.10958984375000001
0.203125,0.56875,0.11552734375
0.1875,0.49375,0.09257812500000001
0.19375,0.4,0.07750000000000001
0.20625000000000002,0.5593750000000001,0.11537109375000003
0.259375,0.578125,0.149951171875
0.19687500000000002,0.47500000000000003,0.09351562500000002
0.225,0.5,0.1125
0.17500000000000002,0.265625,0.046484375
0.2125,0.603125,0.1281640625
0.2625,0.590625,0.1550390625
0.16875,0.690625,0.11654296875000002
0.16562500000000002,0.375,0.06210937500000001
0.16875,0.35625,0.06011718750000001
0.146875,0.403125,0.059208984375
0.309375,0.503125,0.15565429687500001
0.375,0.30312500000000003,0.113671875
0.090625,0.5375,0.048710937499999996
0.4625,0.4125,0.19078124999999999
0.2375,0.484375,0.1150390625
0.24375,0.490625,0.11958984375
0.26875,0.58125,0.1562109375
0.165625,0.46875,0.07763671875
0.175,0.515625,0.09023437499999999
0.23750000000000002,0.603125,0.1432421875
0.203125,0.4625,0.0939453125
0.1875,0.53125,0.099609375
0.171875,0.625,0.107421875
0.3375,0.584375,0.1972265625
0.2,0.44375000000000003,0.08875000000000001
0.203125,0.540625,0.109814453125
0.178125,0.53125,0.09462890625
0.240625,0.578125,0.13911132812500002
0.16875,0.453125,0.07646484375000001
0.23125,0.5750000000000001,0.13296875000000002
0.290625,0.61875,0.17982421875000001
0.259375,0.671875,0.17426757812500002
0.275,0.6625,0.1821875
0.23125,0.56875,0.1315234375
0.209375,0.665625,0.139365234375
0.209375,0.5906250000000001,0.12366210937500002
0.285714,0.64486,0.18424553004000002
0.275,0.61875,0.17015625
0.22812500000000002,0.503125,0.11477539062500001
0.09375,0.478125,0.044824218750000006
0.24375000000000002,0.5875,0.14320312500000001
0.20625000000000002,0.48125,0.09925781250000001
0.19375,0.496875,0.09626953125
0.22187500000000002,0.525,0.11648437500000001
0.16562500000000002,0.44375000000000003,0.07349609375000002
0.15000000000000002,0.296875,0.04453125000000001
0.196875,0.35625,0.07013671875
0.21250000000000002,0.515625,0.10957031250000002
0.16770186335403725,0.5264797507788161,0.08829163522377662
0.20496894409937888,0.5015576323987538,0.10280373831775699
0.278125,0.496875,0.13819335937500002
0.23750000000000002,0.5125000000000001,0.12171875000000003
0.171875,0.296875,0.051025390625
0.146875,0.284375,0.041767578125
0.17500000000000002,0.47500000000000003,0.08312500000000002
0.1875,0.5875,0.11015625000000001
0.325,0.5125000000000001,0.16656250000000003
0.390625,0.44375000000000003,0.17333984375
0.178125,0.325,0.057890625
0.23750000000000002,0.3375,0.08015625000000001
0.290625,0.5875,0.17074218750000003
0.15937500000000002,0.578125,0.09213867187500001
0.265625,0.5,0.1328125
0.22812500000000002,0.578125,0.131884765625
0.175,0.446875,0.078203125
0.177019,0.327103,0.057903445957
0.21250000000000002,0.546875,0.11621093750000001
0.184375,0.496875,0.091611328125
0.134375,0.33125000000000004,0.044511718750000005
0.16875,0.47187500000000004,0.07962890625
0.1875,0.42500000000000004,0.07968750000000001
0.14375000000000002,0.403125,0.05794921875000001
0.146875,0.5875,0.08628906250000001
0.09375,0.58125,0.054492187500000004
0.225,0.59375,0.13359375
0.2625,0.6843750000000001,0.17964843750000004
0.19375,0.465625,0.09021484375000001
0.353125,0.265625,0.09379882812500001
0.16875,0.296875,0.050097656250000004
0.184375,0.384375,0.07086914062500001
0.15625,0.47500000000000003,0.07421875
0.146875,0.546875,0.080322265625
0.178125,0.5625,0.10019531250000001
0.234375,0.596875,0.139892578125
0.20625000000000002,0.540625,0.11150390625
0.15625,0.49375,0.0771484375
0.19375,0.553125,0.10716796875
0.215625,0.390625,0.084228515625
0.21875,0.5625,0.123046875
0.1875,0.46875,0.087890625
0.17500000000000002,0.509375,0.08914062500000001
0.25,0.5875,0.146875
0.203125,0.4625,0.0939453125
0.346875,0.53125,0.18427734375
0.240625,0.55625,0.13384765625
0.265625,0.646875,0.171826171875
0.20625000000000002,0.571875,0.11794921875000001
0.15625,0.359375,0.05615234375
0.246875,0.51875,0.12806640625000001
0.41250000000000003,0.384375,0.1585546875
0.22187500000000002,0.6000000000000001,0.13312500000000002
0.28125,0.603125,0.16962890625000002
0.209375,0.5593750000000001,0.11711914062500002
0.290625,0.55625,0.16166015625000002
0.184375,0.3125,0.0576171875
0.19687500000000002,0.625,0.12304687500000001
0.23125,0.578125,0.13369140625
0.1875,0.59375,0.111328125
0.19375,0.278125,0.05388671875000001
0.15625,0.6531250000000001,0.10205078125000001
0.19062500000000002,0.353125,0.067314453125
0.171875,0.45937500000000003,0.07895507812500001
0.209375,0.503125,0.10534179687500002
0.29375,0.5750000000000001,0.16890625000000004
0.253125,0.446875,0.113115234375
0.215625,0.503125,0.10848632812500002
0.19687500000000002,0.446875,0.08797851562500002
0.19375,0.53125,0.1029296875
0.246875,0.540625,0.13346679687500002
0.19375,0.371875,0.07205078125
0.178125,0.36875,0.06568359375
0.1875,0.28750000000000003,0.05390625
0.40625,0.375,0.15234375
0.21875,0.565625,0.12373046875000002
0.184375,0.546875,0.100830078125
0.184375,0.603125,0.111201171875
0.16875,0.371875,0.06275390625
0.30625,0.490625,0.15025390625
0.5625,0.51875,0.291796875
0.171875,0.465625,0.080029296875
0.18125,0.25625,0.046445312499999995
0.171875,0.240625,0.041357421875
0.1625,0.359375,0.058398437500000004
0.2125,0.434375,0.0923046875
0.14375,0.31875,0.045820312499999995
0.153125,0.53125,0.08134765625000001
0.059375,0.2,0.011875
0.153125,0.278125,0.042587890625000006
0.23750000000000002,0.5,0.11875000000000001
0.19687500000000002,0.565625,0.11135742187500001
0.125,0.215625,0.026953125
0.265625,0.540625,0.143603515625
0.20625000000000002,0.503125,0.10376953125000002
0.359375,0.47500000000000003,0.170703125
0.15625,0.4,0.0625
0.259375,0.640625,0.166162109375
0.084375,0.45,0.03796875
0.184375,0.503125,0.09276367187500001
0.1375,0.30000000000000004,0.04125000000000001
0.33437500000000003,0.596875,0.19958007812500003
0.15937500000000002,0.45625000000000004,0.07271484375000001
0.22812500000000002,0.534375,0.12190429687500003
0.217391,0.601246,0.13070546918599998
0.096273,0.58567,0.05638420791
0.209375,0.55625,0.11646484375
0.17391304347826086,0.46417445482866043,0.08072599214411486
0.15217391304347824,0.3644859813084112,0.055465258025193004
0.21875,0.48125,0.1052734375
0.178125,0.578125,0.102978515625
0.259375,0.65,0.16859375000000001
0.265625,0.44062500000000004,0.11704101562500001
0.34375,0.503125,0.17294921875000002
0.23750000000000002,0.571875,0.1358203125
0.259375,0.640625,0.166162109375
0.075,0.621875,0.046640625
0.225,0.603125,0.135703125
0.15625,0.353125,0.05517578125
0.246875,0.5875,0.1450390625
0.178125,0.49062500000000003,0.08739257812500001
0.284375,0.65625,0.18662109375
0.340625,0.309375,0.10538085937500001
0.0875,0.134375,0.0117578125
0.234375,0.40625,0.09521484375
0.18125000000000002,0.353125,0.06400390625
0.1875,0.359375,0.0673828125
0.24375,0.6625,0.16148437499999999
0.203125,0.36875,0.07490234375
0.209375,0.246875,0.05168945312500001
0.203125,0.465625,0.09458007812500001
0.175,0.378125,0.06617187499999999
0.25,0.484375,0.12109375
0.41875,0.4,0.1675
0.259375,0.49062500000000003,0.12725585937500003
0.19062500000000002,0.540625,0.10305664062500001
0.19375,0.5906250000000001,0.11443359375000002
0.22187500000000002,0.59375,0.13173828125
0.14375000000000002,0.259375,0.03728515625000001
0.221875,0.55,0.12203125000000001
0.20625,0.3875,0.079921875
0.15,0.4625,0.069375
0.3,0.496875,0.1490625
0.21875,0.459375,0.10048828124999999
0.24375,0.390625,0.09521484375
0.171875,0.30625,0.052636718750000006
0.1875,0.45625000000000004,0.08554687500000001
0.18125000000000002,0.259375,0.04701171875000001
0.22187500000000002,0.446875,0.09915039062500001
0.184375,0.584375,0.107744140625
0.240625,0.640625,0.154150390625
0.20625000000000002,0.525,0.10828125000000001
0.19375,0.553125,0.10716796875
0.184375,0.45937500000000003,0.08469726562500002
0.16562500000000002,0.403125,0.066767578125
0.209375,0.55625,0.11646484375
0.18125000000000002,0.49375,0.08949218750000001
0.203125,0.540625,0.109814453125
0.403125,0.546875,0.220458984375
0.14375000000000002,0.6531250000000001,0.09388671875000001
0.2,0.49062500000000003,0.09812500000000002
0.1625,0.35625,0.057890625
0.16875,0.515625,0.08701171875000001
0.20625000000000002,0.571875,0.11794921875000001
0.1375,0.43125,0.059296875000000006
0.15937500000000002,0.42500000000000004,0.06773437500000001
0.16875,0.48750000000000004,0.08226562500000001
0.184375,0.22187500000000002,0.04090820312500001
0.265625,0.30625,0.08134765625000001
0.240625,0.625,0.150390625
0.17500000000000002,0.4625,0.08093750000000001
0.259375,0.553125,0.143466796875
0.1625,0.30625,0.04976562500000001
0.36875,0.396875,0.14634765625
0.359375,0.35000000000000003,0.12578125
0.22187500000000002,0.553125,0.122724609375
0.203125,0.45,0.09140625000000001
0.16562500000000002,0.40937500000000004,0.06780273437500002
0.225,0.5437500000000001,0.12234375000000001
0.22187500000000002,0.35625,0.07904296875000001
0.19062500000000002,0.36875,0.07029296875
0.24844720496894407,0.48286604361370716,0.11996671891023779
0.271875,0.61875,0.16822265625
0.115625,0.61875,0.07154296875
0.18125,0.4375,0.079296875
0.18125,0.421875,0.07646484375
0.153125,0.384375,0.05885742187500001
0.159375,0.328125,0.052294921875
0.146875,0.321875,0.047275390625000004
0.167702,0.376947,0.063214765794
0.158385,0.333333,0.052794947205
0.3875,0.628125,0.24339843750000004
0.26875,0.565625,0.15201171875
0.19375,0.36875,0.07144531250000001
0.1625,0.3125,0.05078125
0.125,0.30625,0.03828125
0.19375,0.5125000000000001,0.09929687500000002
0.259375,0.578125,0.149951171875
0.225,0.540625,0.121640625
0.23125,0.609375,0.14091796875
0.321875,0.603125,0.19413085937500002
0.16875,0.665625,0.11232421875000001
0.26875,0.09375,0.025195312499999997
0.1875,0.44375000000000003,0.083203125
0.1625,0.36875,0.059921875000000006
0.19375,0.353125,0.06841796875
0.30625,0.540625,0.16556640625000002
0.1875,0.55,0.10312500000000001
0.1625,0.628125,0.10207031250000001
0.2,0.546875,0.109375
0.278125,0.578125,0.160791015625
0.259375,0.59375,0.15400390625000002
0.25,0.59375,0.1484375
0.23125,0.571875,0.13224609375000002
0.19375,0.609375,0.11806640625
0.178125,0.425,0.075703125
0.175,0.565625,0.098984375
0.121875,0.65,0.07921875
0.40625,0.44375,0.1802734375
0.259375,0.421875,0.10942382812500001
0.2,0.534375,0.10687500000000001
0.190625,0.4,0.07625
0.146875,0.4,0.058750000000000004
0.19375,0.49375,0.09566406250000001
0.146875,0.253125,0.037177734375
0.21875,0.525,0.11484375000000001
0.1875,0.478125,0.08964843750000001
0.209375,0.546875,0.114501953125
0.16875,0.525,0.08859375000000001
0.140625,0.534375,0.075146484375
0.16875,0.35625,0.06011718750000001
0.225,0.45937500000000003,0.103359375
0.178125,0.578125,0.102978515625
0.178125,0.48125,0.08572265625
0.25625,0.15,0.03843749999999999
0.228125,0.084375,0.019248046875
0.22812500000000002,0.45937500000000003,0.10479492187500002
0.109375,0.5375,0.058789062499999996
0.15,0.325,0.04875
0.15,0.346875,0.052031249999999994
0.177019,0.190031,0.033639097589
0.409938,0.392523,0.16091009357400002
0.265625,0.553125,0.146923828125
0.17500000000000002,0.42500000000000004,0.07437500000000001
0.178125,0.53125,0.09462890625
0.28125,0.540625,0.15205078125000002
0.184375,0.534375,0.09852539062500001
0.234375,0.5625,0.1318359375
0.1625,0.4,0.065
0.24375000000000002,0.546875,0.13330078125
0.21250000000000002,0.321875,0.0683984375
0.20625000000000002,0.225,0.04640625
0.22187500000000002,0.5375,0.1192578125
0.140625,0.30625,0.04306640625
0.15000000000000002,0.253125,0.03796875
0.20625000000000002,0.44062500000000004,0.09087890625000002
0.275,0.553125,0.15210937500000002
0.18944099378881987,0.49221183800623053,0.09324509974652193
0.21739130434782608,0.3395638629283489,0.07381823107138019
0.3602484472049689,0.5887850467289719,0.21210889882161718
0.17391304347826086,0.557632398753894,0.09697954760937287
0.21118012422360247,0.4984423676012461,0.10526112110833767
0.1375,0.30625,0.042109375000000004
0.146875,0.290625,0.04268554687500001
0.23125,0.546875,0.12646484375
0.21250000000000002,0.56875,0.120859375
0.21250000000000002,0.634375,0.13480468750000002
0.19375,0.42812500000000003,0.08294921875000001
0.19687500000000002,0.415625,0.08182617187500002
0.16875,0.50625,0.0854296875
0.234375,0.640625,0.150146484375
0.19062500000000002,0.553125,0.105439453125
0.17500000000000002,0.603125,0.10554687500000001
0.17500000000000002,0.3375,0.05906250000000001
0.25625000000000003,0.5906250000000001,0.15134765625000005
0.11875000000000001,0.6000000000000001,0.07125000000000002
0.16562500000000002,0.55,0.09109375000000001
0.203125,0.55,0.11171875
0.22812500000000002,0.53125,0.12119140625000001
0.234375,0.609375,0.142822265625
0.22812500000000002,0.58125,0.13259765625000003
0.15937500000000002,0.45,0.07171875000000001
0.16875,0.46875,0.0791015625
0.18125000000000002,0.484375,0.08779296875
0.20625000000000002,0.515625,0.10634765625
0.16875,0.42812500000000003,0.07224609375
0.15000000000000002,0.26875,0.0403125
0.21250000000000002,0.521875,0.1108984375
0.23750000000000002,0.584375,0.1387890625
0.20625000000000002,0.48750000000000004,0.10054687500000002
0.21250000000000002,0.55,0.11687500000000002
0.19687500000000002,0.5875,0.11566406250000001
0.16875,0.5625,0.094921875
0.203125,0.465625,0.09458007812500001
0.21250000000000002,0.603125,0.1281640625
0.19062500000000002,0.5750000000000001,0.10960937500000002
0.36250000000000004,0.48125,0.17445312500000001
0.29375,0.5281250000000001,0.15513671875
0.35,0.453125,0.15859374999999998
0.225,0.565625,0.12726562500000002
0.275,0.44375000000000003,0.12203125000000002
0.130435,0.538941,0.070296769335
0.251553,0.563863,0.141841429239
0.245342,0.5919,0.1452179298
0.171875,0.3875,0.0666015625
0.240625,0.525,0.126328125
0.13125,0.65625,0.0861328125
0.19062500000000002,0.55,0.10484375000000001
0.253125,0.553125,0.14000976562499998
0.15937500000000002,0.4,0.06375000000000001
0.2,0.625,0.125
0.309375,0.553125,0.171123046875
0.259375,0.5,0.1296875
0.275,0.5281250000000001,0.14523437500000003
0.225,0.68125,0.15328125
0.23125,0.49062500000000003,0.11345703125
0.203125,0.55,0.11171875
0.18944099378881987,0.5514018691588785,0.10445811807047076
0.18944099378881987,0.573208722741433,0.10858923008455718
0.15000000000000002,0.384375,0.05765625000000001
0.34375,0.484375,0.16650390625
0.225,0.553125,0.124453125
0.21250000000000002,0.36875,0.07835937500000001
0.19375,0.50625,0.0980859375
0.19687500000000002,0.53125,0.10458984375000001
0.203125,0.540625,0.109814453125
0.3375,0.540625,0.18246093750000003
0.215625,0.515625,0.11118164062500001
0.325,0.53125,0.17265625
0.36875,0.484375,0.17861328125
0.209375,0.50625,0.10599609374999999
0.153125,0.390625,0.05981445312500001
0.290625,0.5625,0.1634765625
0.22187500000000002,0.596875,0.132431640625
0.1375,0.534375,0.07347656250000001
0.236025,0.607477,0.14337975892500002
0.381988,0.358255,0.13684911094
0.21875,0.584375,0.12783203125
0.184375,0.30625,0.05646484375000001
0.17500000000000002,0.40625,0.07109375000000001
0.234375,0.4375,0.1025390625
0.234375,0.609375,0.142822265625
0.21875,0.59375,0.1298828125
0.19375,0.64375,0.12472656250000001
0.15000000000000002,0.4375,0.06562500000000002
0.1875,0.40625,0.076171875
0.178125,0.40937500000000004,0.07291992187500002
0.21875,0.30625,0.06699218750000001
0.253125,0.39375000000000004,0.09966796875
0.065625,0.25,0.01640625
0.3375,0.35625,0.12023437500000002
0.259375,0.509375,0.13211914062500002
0.178125,0.503125,0.08961914062500001
0.24375,0.584375,0.14244140624999999
0.165625,0.596875,0.098857421875
0.128125,0.225,0.028828125
0.20625,0.384375,0.07927734375
0.165625,0.45625,0.07556640625
0.1625,0.315625,0.0512890625
0.203125,0.578125,0.117431640625
0.190625,0.5375,0.10246093749999999
0.2875,0.58125,0.167109375
0.353125,0.55625,0.19642578125000001
0.2625,0.61875,0.16242187500000002
0.203125,0.55,0.11171875
0.371875,0.39687500000000003,0.14758789062500002
0.140625,0.253125,0.035595703124999996
0.234375,0.565625,0.132568359375
0.17500000000000002,0.3125,0.05468750000000001
0.24375000000000002,0.30312500000000003,0.07388671875000001
0.275,0.53125,0.14609375000000002
0.28125,0.503125,0.14150390625
0.25625,0.534375,0.13693359375
0.05625,0.315625,0.01775390625
0.16562500000000002,0.496875,0.08229492187500001
0.23750000000000002,0.46875,0.11132812500000001
0.20625000000000002,0.521875,0.10763671875
0.12187500000000001,0.184375,0.022470703125000005
0.209375,0.5906250000000001,0.12366210937500002
0.2,0.48750000000000004,0.09750000000000002
0.16562500000000002,0.47500000000000003,0.07867187500000002
0.19375,0.56875,0.1101953125
0.21875,0.51875,0.11347656250000002
0.19375,0.55,0.10656250000000002
0.215625,0.51875,0.11185546875000002
0.284375,0.5625,0.15996093749999998
0.28125,0.625,0.17578125
0.25,0.53125,0.1328125
0.17391304347826086,0.4454828660436137,0.07747528105106324
0.15217391304347824,0.49221183800623053,0.07490180143573072
0.17391304347826086,0.5077881619937694,0.08831098469456859
0.153125,0.28750000000000003,0.044023437500000005
0.203125,0.43125,0.08759765625
0.21250000000000002,0.55,0.11687500000000002
0.1625,0.29375,0.047734375
0.20625000000000002,0.509375,0.10505859375000001
0.30625,0.515625,0.15791015625000002
0.15625,0.48750000000000004,0.076171875
0.19687500000000002,0.55625,0.10951171875000001
0.21875,0.553125,0.12099609374999999
0.225,0.56875,0.12796875
0.215625,0.5593750000000001,0.12061523437500002
0.12187500000000001,0.29375,0.035800781250000004
0.2515527950310559,0.6043613707165109,0.15202879201253844
0.290625,0.59375,0.17255859375000002
0.36875,0.490625,0.18091796875
0.208075,0.598131,0.124456107825
0.192547,0.5919,0.11396856929999999
0.1875,0.50625,0.09492187499999999
0.2125,0.5,0.10625
0.15000000000000002,0.59375,0.08906250000000002
0.20625000000000002,0.5875,0.12117187500000001
0.16562500000000002,0.446875,0.07401367187500002
0.19375,0.4,0.07750000000000001
0.203125,0.5,0.1015625
0.125,0.28125,0.03515625
0.078125,0.23750000000000002,0.0185546875
0.36875,0.47500000000000003,0.17515625
0.284375,0.453125,0.128857421875
0.234375,0.5375,0.1259765625
0.246875,0.55625,0.13732421875
0.19375,0.140625,0.027246093750000002
0.2625,0.58125,0.152578125
0.15937500000000002,0.30625,0.04880859375000001
0.265625,0.553125,0.146923828125
0.209375,0.571875,0.11973632812500001
0.2,0.565625,0.11312500000000002
0.225,0.59375,0.13359375
0.215625,0.55,0.11859375000000001
0.240625,0.48125,0.11580078125000001
0.321875,0.51875,0.16697265625000002
0.290625,0.625,0.181640625
0.375,0.45625,0.17109375
0.140625,0.284375,0.039990234374999996
0.21875,0.371875,0.08134765625
0.353125,0.465625,0.164423828125
0.3125,0.61875,0.193359375
0.353125,0.5125000000000001,0.18097656250000002
0.21250000000000002,0.53125,0.11289062500000001
0.203125,0.5875,0.1193359375
0.17500000000000002,0.359375,0.062890625
0.22187500000000002,0.56875,0.12619140625
0.26875,0.328125,0.08818359375
0.203125,0.56875,0.11552734375
0.271875,0.5625,0.1529296875
0.14375,0.290625,0.04177734375
0.25625000000000003,0.215625,0.05525390625000001
0.246875,0.53125,0.13115234375
0.21875,0.5625,0.123046875
0.146875,0.64375,0.09455078125000001
0.2875,0.534375,0.1536328125
0.26875,0.521875,0.14025390624999998
0.234375,0.5906250000000001,0.13842773437500003
0.16875,0.41875,0.07066406250000001
0.2,0.45625000000000004,0.09125000000000001
0.19375,0.296875,0.05751953125
0.18125000000000002,0.353125,0.06400390625
0.16562500000000002,0.1625,0.026914062500000006
0.215625,0.56875,0.12263671875
0.22187500000000002,0.6000000000000001,0.13312500000000002
0.1375,0.578125,0.0794921875
0.15625,0.43125,0.0673828125
0.146875,0.15000000000000002,0.022031250000000006
0.290625,0.5375,0.1562109375
0.203125,0.571875,0.116162109375
0.265625,0.5906250000000001,0.156884765625
0.184375,0.30312500000000003,0.05588867187500001
0.240625,0.478125,0.115048828125
0.321875,0.51875,0.16697265625000002
0.16875,0.359375,0.06064453125
0.140625,0.36250000000000004,0.0509765625
0.178125,0.28125,0.050097656250000004
0.22812500000000002,0.496875,0.11334960937500001
0.19687500000000002,0.48125,0.09474609375000001
0.225,0.49062500000000003,0.110390625
0.19062500000000002,0.35625,0.06791015625
0.22812500000000002,0.625,0.142578125
0.20625000000000002,0.53125,0.1095703125
0.16875,0.496875,0.08384765625000001
0.14375000000000002,0.509375,0.07322265625000002
0.15000000000000002,0.51875,0.07781250000000002
0.20186335403726707,0.38006230529595014,0.07672065169017626
0.15937500000000002,0.465625,0.07420898437500001
0.229814,0.551402,0.12671989922799998
0.18323,0.239875,0.04395229625
0.173913,0.327103,0.056887464039
0.23750000000000002,0.521875,0.1239453125
0.20625000000000002,0.49375,0.10183593750000001
0.240625,0.59375,0.14287109375
0.215625,0.546875,0.117919921875
0.23750000000000002,0.453125,0.1076171875
0.134375,0.434375,0.058369140624999996
0.215625,0.259375,0.05592773437500001
0.196875,0.48125,0.09474609375
0.18125,0.334375,0.060605468749999995
0.203125,0.53125,0.10791015625
0.190625,0.30625,0.05837890625
0.190625,0.390625,0.074462890625
0.21875,0.31875,0.06972656249999999
0.271875,0.428125,0.11639648437499998
0.1375,0.265625,0.036523437500000006
0.18125000000000002,0.51875,0.09402343750000001
0.146875,0.478125,0.07022460937500001
0.19062500000000002,0.415625,0.07922851562500001
0.234375,0.5,0.1171875
0.15838509316770186,0.3177570093457944,0.05032797352992395
0.22360248447204967,0.3644859813084112,0.0814999709757938
0.18012422360248445,0.30218068535825543,0.0544300613378224
0.43167701863354035,0.5514018691588785,0.23802751494746616
0.19565217391304346,0.3613707165109034,0.0707029662738724
0.371875,0.5375,0.1998828125
0.22360248447204967,0.5856697819314641,0.13095721832007892
0.184375,0.53125,0.09794921875000001
0.209375,0.47500000000000003,0.099453125
0.17500000000000002,0.321875,0.05632812500000001
0.146875,0.371875,0.05461914062500001
0.184375,0.290625,0.053583984375000004
0.09375,0.17500000000000002,0.01640625
0.059375,0.409375,0.024306640624999997
0.3875,0.26875,0.104140625
0.15625,0.25625000000000003,0.04003906250000001
0.24375000000000002,0.5593750000000001,0.13634765625000003
0.17500000000000002,0.253125,0.044296875
0.19062500000000002,0.278125,0.053017578125000006
0.25,0.6312500000000001,0.15781250000000002
0.275,0.540625,0.148671875
0.146875,0.5625,0.08261718750000001
0.140625,0.56875,0.07998046874999999
0.23750000000000002,0.509375,0.12097656250000001
0.34375,0.3875,0.133203125
0.321875,0.525,0.16898437500000002
0.214286,0.616822,0.132176319092
0.295031,0.376947,0.11121105035699999
0.3875,0.278125,0.10777343750000001
0.23125,0.5875,0.135859375
0.140625,0.61875,0.08701171875000001
0.203125,0.5375,0.1091796875
0.209375,0.49062500000000003,0.10272460937500001
0.2,0.596875,0.11937500000000001
0.20625000000000002,0.59375,0.1224609375
0.209375,0.5906250000000001,0.12366210937500002
0.259375,0.571875,0.14833007812500001
0.19062500000000002,0.5375,0.1024609375
0.371875,0.30000000000000004,0.11156250000000002
0.15625,0.259375,0.04052734375
0.21875,0.503125,0.11005859375000002
0.2875,0.521875,0.1500390625
0.215625,0.290625,0.062666015625
0.275,0.6000000000000001,0.16500000000000004
0.21250000000000002,0.340625,0.0723828125
0.340625,0.446875,0.152216796875
0.36562500000000003,0.390625,0.142822265625
0.19687500000000002,0.4625,0.09105468750000001
0.184375,0.496875,0.091611328125
0.19687500000000002,0.484375,0.095361328125
0.25,0.584375,0.14609375
0.2,0.2,0.04000000000000001
0.1,0.640625,0.06406250000000001
0.19375,0.55,0.10656250000000002
0.246875,0.234375,0.057861328125
0.140625,0.565625,0.079541015625
0.12732919254658384,0.21806853582554517,0.027766490586482458
0.178125,0.55625,0.09908203125000001
0.19062500000000002,0.553125,0.105439453125
0.30625,0.44062500000000004,0.13494140625000003
0.24375000000000002,0.56875,0.1386328125
0.16875,0.578125,0.09755859375
0.24375000000000002,0.384375,0.09369140625000001
0.225,0.5593750000000001,0.12585937500000002
0.184375,0.525,0.096796875
0.18125,0.5,0.090625
0.18125,0.384375,0.06966796875
0.2125,0.346875,0.07371093749999999
0.20625,0.50625,0.10441406249999999
0.071875,0.525,0.037734375
0.14375000000000002,0.27187500000000003,0.03908203125000001
0.16875,0.421875,0.07119140625
0.1375,0.44062500000000004,0.06058593750000001
0.1875,0.546875,0.1025390625
0.21875,0.546875,0.11962890625
0.209375,0.565625,0.11842773437500001
0.1875,0.325,0.060937500000000006
0.415625,0.43125,0.17923828125000002
0.23750000000000002,0.434375,0.10316406250000001
0.23125,0.609375,0.14091796875
0.26875,0.51875,0.13941406250000002
0.15937500000000002,0.40937500000000004,0.06524414062500002
0.22187500000000002,0.546875,0.12133789062500001
0.28750000000000003,0.5593750000000001,0.16082031250000003
0.184375,0.434375,0.080087890625
0.184375,0.3375,0.062226562500000006
0.2,0.484375,0.096875
0.19375,0.55625,0.10777343750000001
0.225,0.55,0.12375000000000001
0.08125,0.471875,0.03833984375
0.225,0.384375,0.086484375
0.203125,0.571875,0.116162109375
0.22187500000000002,0.634375,0.14075195312500002
0.22187500000000002,0.55,0.12203125000000002
0.21875,0.5,0.109375
0.371875,0.25625000000000003,0.09529296875000001
0.184375,0.415625,0.07663085937500001
0.203125,0.553125,0.112353515625
0.23750000000000002,0.5593750000000001,0.13285156250000002
0.43125,0.4375,0.18867187500000002
0.178125,0.421875,0.075146484375
0.275,0.565625,0.15554687500000003
0.19375,0.44062500000000004,0.08537109375000002
0.16875,0.390625,0.06591796875
0.1375,0.659375,0.09066406250000002
0.53125,0.36875,0.19589843750000002
0.17500000000000002,0.45625000000000004,0.07984375000000002
0.153125,0.41875,0.06412109375000001
0.23125,0.58125,0.13441406250000001
0.22187500000000002,0.571875,0.126884765625
0.17500000000000002,0.515625,0.090234375
0.209375,0.353125,0.07393554687500001
0.1625,0.446875,0.0726171875
0.22187500000000002,0.565625,0.12549804687500002
0.215625,0.534375,0.11522460937500001
0.253125,0.56875,0.14396484375
0.1625,0.45625000000000004,0.07414062500000002
0.13125,0.453125,0.059472656250000006
0.18125000000000002,0.321875,0.05833984375000001
0.1625,0.31562500000000004,0.05128906250000001
0.1875,0.43125,0.08085937500000001
0.253125,0.5875,0.1487109375
0.253125,0.6468750000000001,0.16374023437500002
0.20625000000000002,0.609375,0.12568359375000002
0.153125,0.265625,0.040673828125000006
0.278125,0.409375,0.113857421875
0.36875,0.475,0.17515625
0.184375,0.553125,0.101982421875
0.325,0.134375,0.043671875
0.36875,0.321875,0.11869140625000002
0.225,0.55625,0.12515625
0.29375,0.265625,0.07802734375
0.253125,0.6375,0.16136718749999998
0.209375,0.615625,0.128896484375
0.175,0.46875,0.08203125
0.30625,0.634375,0.19427734375000003
0.084375,0.203125,0.017138671875
0.15,0.253125,0.037968749999999996
0.178125,0.49375,0.08794921875
0.13125,0.58125,0.0762890625
0.415625,0.3125,0.1298828125
0.225,0.50625,0.11390625
0.20625000000000002,0.515625,0.10634765625
0.353125,0.35625,0.12580078125000002
0.2,0.47500000000000003,0.09500000000000001
0.341615,0.364486,0.12451388489
0.19062500000000002,0.50625,0.09650390625000001
0.16562500000000002,0.44375000000000003,0.07349609375000002
0.17500000000000002,0.40937500000000004,0.07164062500000001
0.265625,0.23750000000000002,0.06308593750000001
0.25,0.540625,0.13515625
0.203125,0.59375,0.12060546875
0.17500000000000002,0.525,0.09187500000000001
0.14375000000000002,0.21250000000000002,0.030546875000000008
0.1875,0.534375,0.10019531250000001
0.171875,0.496875,0.085400390625
0.19375,0.553125,0.10716796875
0.209375,0.5625,0.11777343750000001
0.146875,0.278125,0.040849609375000005
0.16562500000000002,0.40937500000000004,0.06780273437500002
0.20625000000000002,0.5375,0.11085937500000001
0.23750000000000002,0.603125,0.1432421875
0.22812500000000002,0.39687500000000003,0.09053710937500002
0.18125000000000002,0.40937500000000004,0.07419921875000002
0.234375,0.56875,0.13330078125
0.11875,0.61875,0.0734765625
0.15625,0.234375,0.03662109375
0.215625,0.49375,0.10646484375000001
0.16875,0.34687500000000004,0.05853515625000001
0.18125000000000002,0.34375,0.06230468750000001
0.15,0.55625,0.0834375
0.4125,0.425,0.17531249999999998
0.153125,0.3125,0.0478515625
0.146875,0.41250000000000003,0.060585937500000006
0.22812500000000002,0.534375,0.12190429687500003
0.24375000000000002,0.58125,0.1416796875
0.30000000000000004,0.628125,0.18843750000000004
0.19375,0.53125,0.1029296875
0.28750000000000003,0.55625,0.15992187500000002
0.36875,0.484375,0.17861328125
0.178125,0.56875,0.10130859375
0.14375000000000002,0.36875,0.05300781250000001
0.225,0.6531250000000001,0.14695312500000002
0.3375,0.459375,0.1550390625
0.16562500000000002,0.309375,0.051240234375000006
0.08125,0.59375,0.0482421875
0.065217,0.29595,0.01930097115
0.217391,0.579439,0.125964823649
0.201863,0.545171,0.11004985357299998
0.203125,0.553125,0.112353515625
0.215625,0.5437500000000001,0.11724609375000002
0.17500000000000002,0.5125000000000001,0.08968750000000002
0.30625,0.446875,0.13685546875000001
0.2,0.43125,0.08625000000000001
0.23750000000000002,0.640625,0.1521484375
0.19375,0.28125,0.054492187500000004
0.22812500000000002,0.5625,0.1283203125
0.3875,0.415625,0.16105468750000002
0.259375,0.565625,0.14670898437500002
0.184375,0.353125,0.065107421875
0.225,0.48125,0.10828125000000001
0.196875,0.28125,0.055371093749999996
0.19375,0.421875,0.08173828125
0.24375000000000002,0.5625,0.137109375
0.21875,0.3875,0.084765625
0.15625,0.571875,0.08935546875
0.178125,0.5,0.0890625
0.2,0.503125,0.10062500000000002
0.16875,0.36875,0.062226562500000006
0.203125,0.3125,0.0634765625
0.328125,0.484375,0.158935546875
0.2125,0.4,0.085
0.19375,0.484375,0.09384765625000001
0.19375,0.325,0.06296875
0.28125,0.609375,0.17138671875
0.103125,0.54375,0.056074218749999995
0.396875,0.4625,0.1835546875
0.259375,0.478125,0.12401367187500002
0.384375,0.359375,0.13813476562500002
0.178125,0.415625,0.074033203125
0.1875,0.53125,0.099609375
0.23125,0.565625,0.13080078125000003
0.18125000000000002,0.51875,0.09402343750000001
0.28125,0.61875,0.17402343750000002
0.36875,0.31562500000000004,0.11638671875000002
0.178125,0.525,0.093515625
0.203125,0.47500000000000003,0.09648437500000001
0.203125,0.521875,0.106005859375
0.125,0.296875,0.037109375
0.340625,0.521875,0.177763671875
0.3125,0.42812500000000003,0.1337890625
0.09375,0.478125,0.044824218750000006
0.240625,0.384375,0.09249023437500001
0.23750000000000002,0.5625,0.13359375
0.2,0.546875,0.109375
0.165625,0.378125,0.062626953125
0.19062500000000002,0.515625,0.098291015625
0.246875,0.5,0.1234375
0.246875,0.525,0.129609375
0.225,0.47500000000000003,0.10687500000000001
0.19375,0.51875,0.10050781250000002
0.18125000000000002,0.540625,0.09798828125000002
0.171875,0.253125,0.043505859375
0.171875,0.375,0.064453125
0.17500000000000002,0.478125,0.083671875
0.19687500000000002,0.534375,0.10520507812500002
0.25,0.625,0.15625
0.328125,0.53125,0.17431640625
0.33125000000000004,0.553125,0.18322265625
0.25,0.584375,0.14609375
0.103125,0.503125,0.051884765625
0.145963,0.330218,0.04819960993400001
0.118012,0.361371,0.042646114452
0.152174,0.445483,0.067790930042
0.198758,0.482866,0.095973480428
0.170807,0.461059,0.07875210461299999
0.369565,0.34891,0.12894492415
0.203125,0.40625,0.08251953125
0.265625,0.534375,0.14194335937500002
0.184375,0.36875,0.06798828125
0.325,0.36875,0.11984375000000001
0.26875,0.571875,0.15369140625
0.1375,0.546875,0.0751953125
0.184375,0.58125,0.10716796875000001
0.22812500000000002,0.5906250000000001,0.13473632812500003
0.21875,0.6843750000000001,0.14970703125
0.1875,0.47187500000000004,0.08847656250000001
0.178125,0.509375,0.09073242187500001
0.25,0.5750000000000001,0.14375000000000002
0.16562500000000002,0.48750000000000004,0.08074218750000002
0.24375000000000002,0.49062500000000003,0.11958984375000002
0.284375,0.259375,0.073759765625
0.3375,0.490625,0.1655859375
0.290625,0.5375,0.1562109375
0.11875,0.56875,0.0675390625
0.41875,0.359375,0.15048828125
0.25625,0.609375,0.15615234374999998
0.146875,0.275,0.040390625000000006
0.1875,0.359375,0.0673828125
0.2,0.525,0.10500000000000001
0.1875,0.478125,0.08964843750000001
0.16875,0.46875,0.0791015625
0.203125,0.509375,0.103466796875
0.20625000000000002,0.47500000000000003,0.09796875000000002
0.184375,0.509375,0.09391601562500002
0.17500000000000002,0.55625,0.09734375
0.08750000000000001,0.12812500000000002,0.011210937500000002
0.1875,0.515625,0.0966796875
0.434783,0.454829,0.197751917107
0.329193,0.445483,0.14664988521900002
0.152174,0.411215,0.06257623141
0.184375,0.509375,0.09391601562500002
0.36562500000000003,0.61875,0.22623046875000002
0.203125,0.42812500000000003,0.08696289062500001
0.22049689440993786,0.5545171339563862,0.12226930593448267
0.209375,0.50625,0.10599609374999999
0.215625,0.61875,0.13341796875
0.19687500000000002,0.58125,0.11443359375000002
0.1875,0.53125,0.099609375
0.20625000000000002,0.4375,0.090234375
0.140625,0.29375,0.041308593750000004
0.14375000000000002,0.309375,0.044472656250000006
0.1875,0.28125,0.052734375
0.22812500000000002,0.275,0.06273437500000001
0.19062500000000002,0.45937500000000003,0.08756835937500002
0.17500000000000002,0.40937500000000004,0.07164062500000001
0.259375,0.59375,0.15400390625000002
0.15625,0.43125,0.0673828125
0.39687500000000003,0.415625,0.16495117187500002
0.209375,0.6156250000000001,0.128896484375
0.208075,0.520249,0.108250810675
0.198758,0.445483,0.088543310114
0.161491,0.392523,0.063388931793
0.298137,0.482866,0.143960220642
0.276398,0.610592,0.16876640761599998
0.18125000000000002,0.484375,0.08779296875
0.209375,0.55625,0.11646484375
0.178125,0.5375,0.09574218749999999
0.384375,0.3875,0.1489453125
0.171875,0.36875,0.06337890625
0.203125,0.5375,0.1091796875
0.2,0.5875,0.11750000000000001
0.04375,0.540625,0.02365234375
0.215625,0.075,0.016171875
0.053125,0.134375,0.007138671875
0.304348,0.476636,0.145063213328
0.19687500000000002,0.46875,0.09228515625000001
0.19062500000000002,0.51875,0.09888671875000002
0.19375,0.33125,0.0641796875
0.246875,0.60625,0.14966796875
0.13125,0.634375,0.08326171875
0.20625000000000002,0.546875,0.11279296875000001
0.16562500000000002,0.403125,0.066767578125
0.21875,0.515625,0.11279296875
0.19062500000000002,0.4,0.07625000000000001
0.125,0.36875,0.04609375
0.19375,0.509375,0.09869140625
0.17500000000000002,0.578125,0.10117187500000001
0.20625000000000002,0.546875,0.11279296875000001
0.290625,0.278125,0.08083007812500001
0.290625,0.20625,0.05994140625
0.217391,0.604361,0.131382642151
0.170807,0.595016,0.10163289791199999
0.16875,0.48125,0.08121093750000001
0.184375,0.478125,0.08815429687500001
0.18125000000000002,0.515625,0.09345703125000002
0.19687500000000002,0.509375,0.10028320312500001
0.2,0.5625,0.1125
0.15625,0.30000000000000004,0.04687500000000001
0.40625,0.53125,0.2158203125
0.234375,0.571875,0.134033203125
0.275,0.5593750000000001,0.15382812500000004
0.12187500000000001,0.51875,0.06322265625000001
0.271875,0.36875,0.10025390625
0.215625,0.36875,0.07951171875000002
0.203125,0.55,0.11171875
0.15625,0.30625,0.0478515625
0.38125,0.40625,0.1548828125
0.209375,0.525,0.109921875
0.17500000000000002,0.29375,0.05140625000000001
0.18125000000000002,0.40625,0.0736328125
0.16875,0.40937500000000004,0.06908203125000001
0.21875,0.46875,0.1025390625
0.22187500000000002,0.36250000000000004,0.08042968750000001
0.19375,0.5875,0.113828125
0.203125,0.53125,0.10791015625
0.18125000000000002,0.484375,0.08779296875
0.2625,0.521875,0.1369921875
0.178125,0.42812500000000003,0.076259765625
0.215625,0.51875,0.11185546875000002
0.153125,0.421875,0.064599609375
0.215625,0.5625,0.1212890625
0.19375,0.440625,0.08537109375
0.159375,0.35625,0.05677734375
0.203125,0.4,0.08125
0.26875,0.61875,0.1662890625
0.23125,0.496875,0.11490234375000001
0.265625,0.625,0.166015625
0.31875,0.265625,0.08466796874999999
0.30625,0.25625,0.0784765625
0.534375,0.45625000000000004,0.24380859375000005
0.26875,0.6312500000000001,0.16964843750000003
0.209375,0.45,0.09421875
0.19062500000000002,0.503125,0.09590820312500002
0.0625,0.621875,0.0388671875
0.265625,0.565625,0.15024414062500002
0.240625,0.453125,0.109033203125
0.2625,0.603125,0.1583203125
0.257764,0.566978,0.146146517192
0.24375,0.45,0.1096875
0.303125,0.5625,0.1705078125
0.22812500000000002,0.45937500000000003,0.10479492187500002
0.17500000000000002,0.553125,0.096796875
0.246875,0.553125,0.136552734375
0.07187500000000001,0.209375,0.015048828125000002
0.15625,0.434375,0.06787109375
0.17500000000000002,0.49375,0.08640625000000002
0.44062500000000004,0.340625,0.15008789062500003
0.16562500000000002,0.36250000000000004,0.06003906250000002
0.24375000000000002,0.56875,0.1386328125
0.390625,0.41250000000000003,0.1611328125
0.05,0.325,0.01625
0.171875,0.45937500000000003,0.07895507812500001
0.184375,0.51875,0.09564453125000001
0.2625,0.353125,0.09269531250000002
0.234375,0.625,0.146484375
0.15937500000000002,0.546875,0.08715820312500001
0.259375,0.5,0.1296875
0.275,0.50625,0.13921875
0.296875,0.553125,0.164208984375
0.25,0.23125,0.0578125
0.19375,0.359375,0.06962890625
0.240625,0.584375,0.140615234375
0.215625,0.540625,0.116572265625
0.25,0.634375,0.15859375
0.189441,0.489097,0.092655024777
0.254658,0.305296,0.077746068768
0.190625,0.2125,0.0405078125
0.16875,0.521875,0.08806640625
0.253125,0.578125,0.146337890625
0.20625,0.559375,0.11537109374999999
0.2625,0.578125,0.1517578125
0.2875,0.48125,0.13835937499999998
0.21875,0.58125,0.12714843750000002
0.19062500000000002,0.40625,0.07744140625000001
0.22360248447204967,0.5794392523364486,0.1295640564230568
0.19062500000000002,0.515625,0.098291015625
0.24375000000000002,0.49375,0.12035156250000002
0.225,0.565625,0.12726562500000002
0.25,0.659375,0.16484375
0.124224,0.560748,0.069658359552
0.203125,0.478125,0.097119140625
0.171875,0.42812500000000003,0.07358398437500001
0.171875,0.446875,0.076806640625
0.215625,0.434375,0.09366210937500001
0.15625,0.265625,0.04150390625
0.30625,0.47187500000000004,0.14451171875000002
0.31562500000000004,0.55625,0.17556640625000003
0.328125,0.603125,0.197900390625
0.12187500000000001,0.45937500000000003,0.05598632812500001
0.36875,0.47187500000000004,0.17400390625000003
0.2375,0.55625,0.132109375
0.165625,0.446875,0.074013671875
0.171875,0.353125,0.060693359375000006
0.184375,0.50625,0.09333984375
0.15,0.415625,0.06234375
0.253125,0.578125,0.146337890625
0.2,0.5281250000000001,0.10562500000000002
0.215625,0.5875,0.1266796875
0.20625000000000002,0.50625,0.1044140625
0.246875,0.503125,0.12420898437500001
0.2,0.515625,0.10312500000000001
0.18125,0.58125,0.10535156250000001
0.16875,0.2625,0.044296875000000006
0.228125,0.634375,0.144716796875
0.165625,0.3125,0.0517578125
0.31875,0.46875,0.1494140625
0.19375,0.325,0.06296875
0.11875,0.578125,0.06865234375
0.1875,0.428125,0.08027343749999999
0.278125,0.575,0.159921875
0.10559006211180123,0.23052959501557632,0.024341634256303087
0.23125,0.51875,0.11996093750000002
0.215625,0.53125,0.11455078125000001
0.209375,0.478125,0.100107421875
0.203125,0.571875,0.116162109375
0.19375,0.5,0.096875
0.203125,0.3875,0.07871093750000001
0.265625,0.228125,0.060595703125
0.18125,0.4625,0.083828125
0.215625,0.58125,0.12533203125
0.146875,0.496875,0.072978515625
0.15,0.490625,0.07359375
0.23125,0.3,0.069375
0.3125,0.628125,0.1962890625
0.3375,0.53125,0.17929687500000002
0.26875,0.315625,0.08482421875
0.271875,0.565625,0.153779296875
0.19375,0.484375,0.09384765625000001
0.146875,0.47500000000000003,0.06976562500000001
0.16875,0.465625,0.07857421875000001
0.265625,0.5625,0.1494140625
0.19687500000000002,0.46875,0.09228515625000001
0.23750000000000002,0.603125,0.1432421875
0.20496894409937888,0.5046728971962616,0.10344227085389214
0.265625,0.571875,0.151904296875
0.234375,0.309375,0.072509765625
0.15625,0.453125,0.07080078125
0.28125,0.653125,0.18369140625
0.22812500000000002,0.53125,0.12119140625000001
0.2,0.515625,0.10312500000000001
0.18944099378881987,0.5327102803738317,0.10091716491553955
0.21118012422360247,0.5358255451713395,0.113155705191463
0.17080745341614906,0.35514018691588783,0.06066059093283798
0.19062500000000002,0.496875,0.09471679687500001
0.19687500000000002,0.44375000000000003,0.08736328125000002
0.33125000000000004,0.55,0.18218750000000003
0.278125,0.596875,0.166005859375
0.15000000000000002,0.3875,0.05812500000000001
0.11875000000000001,0.340625,0.04044921875
0.15937500000000002,0.30625,0.04880859375000001
0.29375,0.45937500000000003,0.13494140625
0.4,0.41250000000000003,0.16500000000000004
0.3125,0.521875,0.1630859375
0.16562500000000002,0.40625,0.06728515625
0.16562500000000002,0.578125,0.09575195312500001
0.21875,0.525,0.11484375000000001
0.203125,0.515625,0.104736328125
0.234375,0.609375,0.142822265625
0.15937500000000002,0.3125,0.04980468750000001
0.22187500000000002,0.55,0.12203125000000002
0.1625,0.45,0.07312500000000001
0.203125,0.515625,0.104736328125
0.12187500000000001,0.30625,0.037324218750000006
0.15937500000000002,0.20625000000000002,0.032871093750000004
0.25,0.65625,0.1640625
0.246875,0.578125,0.142724609375
0.1875,0.4125,0.07734374999999999
0.196875,0.36875,0.07259765625
0.16875,0.371875,0.06275390625
0.121875,0.23125,0.02818359375
0.33125,0.475,0.15734374999999998
0.125,0.4625,0.0578125
0.41875,0.509375,0.21330078125000002
0.21250000000000002,0.55,0.11687500000000002
0.18125000000000002,0.55625,0.10082031250000002
0.20625000000000002,0.465625,0.09603515625
0.15,0.6,0.09
0.16875,0.6000000000000001,0.10125000000000002
0.2,0.53125,0.10625000000000001
0.171875,0.3125,0.0537109375
0.209375,0.36875,0.07720703125
0.275,0.5906250000000001,0.16242187500000002
0.190625,0.5625,0.1072265625
0.23125,0.64375,0.14886718750000003
0.1875,0.584375,0.10957031249999999
0.290625,0.5125000000000001,0.14894531250000004
0.153125,0.48750000000000004,0.07464843750000001
0.275,0.59375,0.16328125000000002
0.159375,0.334375,0.05329101562499999
0.146875,0.3625,0.0532421875
0.121875,0.259375,0.031611328125000004
0.240625,0.5625,0.1353515625
0.1875,0.521875,0.09785156249999999
0.328125,0.590625,0.193798828125
0.23750000000000002,0.521875,0.1239453125
0.146875,0.340625,0.050029296875000004
0.1,0.45,0.045000000000000005
0.171875,0.23125,0.03974609375
0.1875,0.45,0.084375
0.23750000000000002,0.546875,0.1298828125
0.259375,0.6062500000000001,0.15724609375000004
0.36875,0.48125,0.17746093750000003
0.18944099378881987,0.35202492211838005,0.06668795108453783
0.13125,0.259375,0.034042968750000006
0.209375,0.571875,0.11973632812500001
0.23750000000000002,0.628125,0.14917968750000002
0.215625,0.509375,0.10983398437500001
0.20625000000000002,0.634375,0.13083984375000002
0.153125,0.353125,0.054072265625000004
0.115625,0.33437500000000003,0.038662109375
0.1625,0.45,0.07312500000000001
0.178125,0.5,0.0890625
0.171875,0.571875,0.098291015625
0.16875,0.33437500000000003,0.05642578125000001
0.184375,0.06875,0.012675781250000002
0.290625,0.5906250000000001,0.17165039062500004
0.240625,0.5375,0.1293359375
0.08125,0.3125,0.025390625
0.214286,0.563863,0.120827946818
0.229814,0.595016,0.136743007024
0.10559,0.598131,0.06315665229
0.209375,0.49375,0.10337890625000001
0.209375,0.515625,0.107958984375
0.22187500000000002,0.55,0.12203125000000002
0.21118012422360247,0.5264797507788161,0.11118205917068166
0.19687500000000002,0.446875,0.08797851562500002
0.325,0.525,0.17062500000000003
0.396875,0.45625,0.18107421875
0.28125,0.521875,0.14677734374999998
0.09375,0.65625,0.0615234375
0.275,0.65625,0.18046875
0.184375,0.540625,0.09967773437500001
0.384375,0.5906250000000001,0.22702148437500003
0.40625,0.51875,0.2107421875
0.184375,0.5625,0.1037109375
0.23125,0.53125,0.12285156250000001
0.15625,0.321875,0.05029296875
0.25625000000000003,0.64375,0.16496093750000004
0.3375,0.41250000000000003,0.13921875000000003
0.19062500000000002,0.41250000000000003,0.07863281250000001
0.28125,0.484375,0.13623046875
0.353125,0.5281250000000001,0.18649414062500003
0.234375,0.5625,0.1318359375
0.21250000000000002,0.478125,0.10160156250000002
0.290625,0.64375,0.18708984375000004
0.246875,0.6531250000000001,0.161240234375
0.275,0.628125,0.17273437500000002
0.215625,0.496875,0.10713867187500001
0.29375,0.23750000000000002,0.06976562500000001
0.090625,0.371875,0.033701171875
0.1875,0.671875,0.1259765625
0.22187500000000002,0.503125,0.11163085937500002
0.2,0.48125,0.09625
0.178125,0.215625,0.038408203125000005
0.22187500000000002,0.290625,0.06448242187500001
0.31875000000000003,0.234375,0.07470703125000001
0.353125,0.42500000000000004,0.15007812500000003
0.19375,0.18125000000000002,0.03511718750000001
0.215625,0.5625,0.1212890625
0.2,0.6125,0.12250000000000001
0.30312500000000003,0.50625,0.15345703125000001
0.1875,0.43125,0.08085937500000001
0.246875,0.56875,0.14041015625
0.209375,0.51875,0.10861328125000001
0.125,0.29375,0.03671875
0.23125,0.61875,0.1430859375
0.321875,0.3125,0.1005859375
0.421875,0.36875,0.15556640625
0.059375,0.065625,0.0038964843749999998
0.14375000000000002,0.29375,0.04222656250000001
0.18125000000000002,0.321875,0.05833984375000001
0.2,0.48125,0.09625
0.253125,0.625,0.158203125
0.17500000000000002,0.5625,0.09843750000000001
0.23750000000000002,0.5875,0.13953125000000002
0.234375,0.578125,0.135498046875
0.15937500000000002,0.5593750000000001,0.08915039062500002
0.19062500000000002,0.47187500000000004,0.08995117187500001
0.22812500000000002,0.546875,0.12475585937500001
0.171875,0.503125,0.08647460937500001
0.253125,0.584375,0.147919921875
0.18125000000000002,0.553125,0.10025390625000001
0.353125,0.66875,0.23615234375
0.12187500000000001,0.53125,0.06474609375000001
0.215625,0.659375,0.142177734375
0.21250000000000002,0.5,0.10625000000000001
0.204969,0.529595,0.10855055755500001
0.189441,0.566978,0.107408879298
0.195652,0.492212,0.096302262224
0.121118,0.308411,0.037354123498
0.431677,0.46729,0.20171834533
0.153125,0.26875,0.04115234375
0.203125,0.51875,0.10537109375
0.16875,0.446875,0.07541015625000001
0.1875,0.515625,0.0966796875
0.06875,0.215625,0.014824218750000001
0.134375,0.503125,0.067607421875
0.16562500000000002,0.48125,0.07970703125000002
0.225,0.603125,0.135703125
0.21875,0.53125,0.1162109375
0.209375,0.5375,0.1125390625
0.309375,0.44375000000000003,0.13728515625
0.209375,0.565625,0.11842773437500001
0.265625,0.6000000000000001,0.15937500000000002
0.23125,0.61875,0.1430859375
0.23913043478260868,0.43302180685358255,0.10354869294324799
0.246875,0.634375,0.156611328125
0.321875,0.503125,0.161943359375
0.375,0.521875,0.19570312499999998
0.178125,0.265625,0.047314453125
0.184375,0.42500000000000004,0.07835937500000001
0.203125,0.515625,0.104736328125
0.21875,0.384375,0.08408203125000001
0.214286,0.582555,0.12483338073000001
0.220497,0.557632,0.122956183104
0.240625,0.359375,0.086474609375
0.16875,0.321875,0.054316406250000004
0.1625,0.521875,0.0848046875
0.171875,0.403125,0.069287109375
0.184375,0.478125,0.08815429687500001
0.071875,0.5,0.0359375
0.215625,0.51875,0.11185546875000002
0.16875,0.296875,0.050097656250000004
0.19062500000000002,0.284375,0.054208984375000005
0.11801242236024843,0.21806853582554517,0.025734796153325204
0.10248447204968944,0.24922118380062305,0.02554130144540547
0.128125,0.603125,0.077275390625
0.2,0.60625,0.12125
0.275,0.53125,0.14609375000000002
0.391304,0.323988,0.12677780035199998
0.381988,0.308411,0.117809301068
0.10559,0.174455,0.01842070345
0.29375,0.671875,0.19736328125
0.282609,0.52648,0.14878798631999998
0.184375,0.484375,0.089306640625
0.21250000000000002,0.49375,0.10492187500000001
0.309375,0.603125,0.18659179687500002
0.20625000000000002,0.503125,0.10376953125000002
0.2,0.571875,0.114375
0.16875,0.48125,0.08121093750000001
0.26875,0.578125,0.15537109375
0.234375,0.546875,0.128173828125
0.209375,0.5281250000000001,0.11057617187500002
0.240625,0.58125,0.13986328125000003
0.290625,0.53125,0.15439453125000002
0.17701863354037267,0.48909657320872274,0.08657920705868695
0.17391304347826086,0.45482866043613707,0.07910063659758905
0.2,0.44062500000000004,0.08812500000000001
0.19687500000000002,0.5375,0.10582031250000001
0.20496894409937888,0.4953271028037383,0.10152667324548674
0.326087,0.492212,0.160503934444
0.22812500000000002,0.596875,0.13616210937500003
0.253125,0.628125,0.158994140625
0.178125,0.42812500000000003,0.076259765625
0.34375,0.359375,0.12353515625
0.21250000000000002,0.56875,0.120859375
0.215625,0.421875,0.090966796875
0.225,0.534375,0.12023437500000002
0.359375,0.6875,0.2470703125
0.21875,0.59375,0.1298828125
0.26875,0.578125,0.15537109375
0.215625,0.28125,0.06064453125
0.2,0.51875,0.10375000000000001
0.18125,0.53125,0.0962890625
0.203125,0.359375,0.072998046875
0.1625,0.34375,0.055859375
0.12187500000000001,0.253125,0.030849609375
0.1625,0.40937500000000004,0.0665234375
0.178125,0.20625000000000002,0.036738281250000004
0.2,0.5125000000000001,0.10250000000000002
0.38125000000000003,0.51875,0.19777343750000004
0.17500000000000002,0.31562500000000004,0.055234375000000016
0.2,0.45625000000000004,0.09125000000000001
0.19062500000000002,0.41250000000000003,0.07863281250000001
0.15625,0.36875,0.0576171875
0.18125,0.4625,0.083828125
0.16875,0.378125,0.06380859375
0.2375,0.6125,0.14546875
0.30625,0.484375,0.14833984375
0.31875,0.465625,0.14841796875
0.0875,0.315625,0.027617187499999998
0.19687500000000002,0.47500000000000003,0.09351562500000002
0.20625000000000002,0.45,0.0928125
0.25625000000000003,0.578125,0.14814453125000002
0.215625,0.53125,0.11455078125000001
0.225,0.609375,0.137109375
0.23125,0.571875,0.13224609375000002
0.171875,0.390625,0.067138671875
0.328125,0.44062500000000004,0.144580078125
0.21875,0.56875,0.12441406249999999
0.21875,0.546875,0.11962890625
0.1875,0.45,0.084375
0.16562500000000002,0.284375,0.047099609375000004
0.253125,0.5625,0.14238281249999998
0.140625,0.628125,0.088330078125
0.2,0.578125,0.115625
0.1875,0.5906250000000001,0.1107421875
0.178125,0.509375,0.09073242187500001
0.21875,0.61875,0.1353515625
0.23125,0.1875,0.043359375000000006
0.1875,0.51875,0.09726562500000001
0.171875,0.503125,0.08647460937500001
0.153125,0.596875,0.09139648437500002
0.22812500000000002,0.59375,0.13544921875000002
0.19375,0.6843750000000001,0.13259765625000003
0.16875,0.36562500000000003,0.06169921875000001
0.228125,0.553125,0.12618164062499998
0.265625,0.61875,0.16435546875
0.14375000000000002,0.296875,0.04267578125
0.23125,0.571875,0.13224609375000002
0.1875,0.55,0.10312500000000001
0.36875,0.33125,0.1221484375
0.21875,0.5875,0.128515625
0.171875,0.515625,0.088623046875
0.34375,0.17500000000000002,0.06015625000000001
0.253125,0.55,0.13921875
0.178125,0.48125,0.08572265625
0.19687500000000002,0.49062500000000003,0.09659179687500001
0.11875000000000001,0.478125,0.05677734375000001
0.23125,0.6375000000000001,0.14742187500000004
0.16875,0.340625,0.057480468750000006
0.13125,0.46875,0.0615234375
0.134375,0.553125,0.074326171875
0.14375000000000002,0.521875,0.07501953125000001
0.14375000000000002,0.296875,0.04267578125
0.20625000000000002,0.390625,0.08056640625
0.115625,0.41250000000000003,0.0476953125
0.22812500000000002,0.6156250000000001,0.14043945312500003
0.140625,0.2625,0.036914062500000004
0.19375,0.209375,0.04056640625
0.12812500000000002,0.353125,0.045244140625000005
0.15000000000000002,0.5750000000000001,0.08625000000000002
0.234375,0.6000000000000001,0.14062500000000003
0.15625,0.171875,0.02685546875
0.19375,0.540625,0.10474609375
0.068323,0.46729,0.03192665467
0.18323,0.05919,0.0108453837
0.171875,0.390625,0.067138671875
0.19062500000000002,0.465625,0.08875976562500001
0.18125000000000002,0.465625,0.08439453125000002
0.21875,0.553125,0.12099609374999999
0.1625,0.3375,0.054843750000000004
0.15625,0.434375,0.06787109375
0.2625,0.484375,0.12714843750000002
0.43125,0.415625,0.17923828125000002
0.109375,0.415625,0.045458984375000004
0.19375,0.603125,0.11685546875000001
0.2625,0.59375,0.155859375
0.246875,0.61875,0.15275390625000002
0.259375,0.19687500000000002,0.05106445312500001
0.17500000000000002,0.4625,0.08093750000000001
0.290625,0.553125,0.160751953125
0.220497,0.610592,0.134633704224
0.328125,0.603125,0.197900390625
0.221875,0.61875,0.13728515624999998
0.171875,0.340625,0.058544921875
0.2515527950310559,0.616822429906542,0.1551634062808382
0.111801,0.426791,0.047715660591
0.21250000000000002,0.50625,0.10757812500000001
0.2,0.5281250000000001,0.10562500000000002
0.178125,0.440625,0.078486328125
0.1375,0.515625,0.07089843750000001
0.046875,0.125,0.005859375
0.25,0.61875,0.1546875
0.21875,0.540625,0.11826171875000001
0.215625,0.490625,0.105791015625
0.203125,0.434375,0.08823242187500001
0.340625,0.46875,0.15966796875
0.19875776397515527,0.45482866043613707,0.09040072754010177
0.22812500000000002,0.5750000000000001,0.13117187500000002
0.22187500000000002,0.525,0.11648437500000001
0.1625,0.36875,0.059921875000000006
0.203125,0.51875,0.10537109375
0.2,0.5125000000000001,0.10250000000000002
0.171875,0.559375,0.09614257812499999
0.215625,0.65625,0.14150390625
0.175,0.5,0.0875
0.203125,0.571875,0.116162109375
0.259375,0.546875,0.141845703125
0.225,0.6625000000000001,0.14906250000000001
0.196875,0.509375,0.100283203125
0.1625,0.109375,0.0177734375
0.215625,0.59375,0.12802734375
0.178125,0.546875,0.097412109375
0.19687500000000002,0.64375,0.12673828125000003
0.21250000000000002,0.5625,0.11953125
0.26875,0.51875,0.13941406250000002
0.078125,0.19375,0.01513671875
0.19062500000000002,0.1875,0.0357421875
0.31875000000000003,0.5625,0.17929687500000002
0.209375,0.328125,0.06870117187500001
0.1875,0.371875,0.0697265625
0.21250000000000002,0.41875,0.08898437500000002
0.275,0.6218750000000001,0.17101562500000003
0.140625,0.359375,0.050537109375
0.19687500000000002,0.571875,0.11258789062500002
0.23125,0.546875,0.12646484375
0.265625,0.5625,0.1494140625
0.24375000000000002,0.565625,0.13787109375000003
0.18125000000000002,0.596875,0.10818359375000001
0.184375,0.56875,0.10486328125
0.075,0.425,0.031875
0.103125,0.540625,0.055751953124999996
0.240625,0.528125,0.127080078125
0.175,0.4,0.06999999999999999
0.303125,0.5875,0.17808593749999999
0.14375,0.553125,0.07951171874999999
0.15625,0.503125,0.07861328125
0.221875,0.3125,0.0693359375
0.178125,0.446875,0.079599609375
0.2,0.578125,0.115625
0.34375,0.584375,0.20087890625
0.165625,0.353125,0.058486328125
0.196875,0.4875,0.0959765625
0.075,0.425,0.031875
0.19375,0.47187500000000004,0.09142578125
0.23125,0.2625,0.060703125000000004
0.184375,0.509375,0.09391601562500002
0.171875,0.44375000000000003,0.07626953125000001
0.26875,0.496875,0.13353515625
0.28125,0.571875,0.16083984375000002
0.15625,0.45,0.0703125
0.203125,0.5,0.1015625
0.21875,0.509375,0.11142578125000001
0.225,0.534375,0.12023437500000002
0.215625,0.51875,0.11185546875000002
0.21250000000000002,0.39687500000000003,0.08433593750000001
0.278125,0.340625,0.094736328125
0.16875,0.4,0.0675
0.21250000000000002,0.515625,0.10957031250000002
0.1625,0.30625,0.04976562500000001
0.259375,0.5625,0.1458984375
0.1125,0.40625,0.045703125000000004
0.20625000000000002,0.625,0.12890625
0.2,0.634375,0.12687500000000002
0.146875,0.584375,0.085830078125
0.246875,0.625,0.154296875
0.1875,0.284375,0.053320312499999994
0.225,0.509375,0.11460937500000001
0.2,0.49062500000000003,0.09812500000000002
0.1875,0.36562500000000003,0.0685546875
0.19565217391304346,0.5109034267912772,0.09995936611133684
0.19687500000000002,0.51875,0.10212890625000003
0.184375,0.6062500000000001,0.11177734375000002
0.15937500000000002,0.4625,0.07371093750000002
0.16562500000000002,0.496875,0.08229492187500001
0.17500000000000002,0.340625,0.059609375000000006
0.19375,0.275,0.05328125000000001
0.153125,0.503125,0.07704101562500001
0.15625,0.42500000000000004,0.06640625
0.171875,0.246875,0.042431640625
0.18125000000000002,0.5,0.09062500000000001
0.19375,0.5875,0.113828125
0.290625,0.55,0.15984375000000003
0.146875,0.353125,0.051865234375000006
0.17500000000000002,0.534375,0.09351562500000002
0.290625,0.603125,0.175283203125
0.153125,0.246875,0.03780273437500001
0.209375,0.5,0.1046875
0.496875,0.45,0.22359375
0.16562500000000002,0.353125,0.058486328125000014
0.203125,0.4,0.08125
0.371875,0.290625,0.10807617187500002
0.19375,0.45625,0.0883984375
0.3875,0.365625,0.14167968749999998
0.30625,0.61875,0.18949218750000002
0.1875,0.51875,0.09726562500000001
0.24375000000000002,0.19062500000000002,0.046464843750000005
0.234375,0.671875,0.157470703125
0.2,0.60625,0.12125
0.078125,0.259375,0.020263671875
0.16875,0.4,0.0675
0.221875,0.459375,0.10192382812499999
0.275,0.5875,0.16156250000000003
0.328125,0.5,0.1640625
0.16875,0.403125,0.06802734375000001
0.246875,0.4875,0.12035156250000001
0.203125,0.51875,0.10537109375
0.234375,0.6062500000000001,0.14208984375000003
0.234375,0.571875,0.134033203125
0.140625,0.284375,0.039990234374999996
0.146875,0.30625,0.04498046875
0.19375,0.49062500000000003,0.09505859375
0.240625,0.53125,0.12783203125
0.19687500000000002,0.546875,0.10766601562500001
0.19062500000000002,0.55625,0.10603515625000001
0.190625,0.340625,0.064931640625
0.190625,0.521875,0.09948242187499999
0.465625,0.41875,0.19498046875
0.396875,0.403125,0.15999023437499998
0.178125,0.36875,0.06568359375
0.22812500000000002,0.565625,0.12903320312500002
0.14375,0.28125,0.0404296875
0.184375,0.453125,0.08354492187500001
0.15,0.425,0.06375
0.075,0.190625,0.014296874999999999
0.16875,0.41875,0.07066406250000001
0.23750000000000002,0.49375,0.11726562500000001
0.19687500000000002,0.50625,0.09966796875
0.15000000000000002,0.265625,0.039843750000000004
0.26875,0.446875,0.12009765625
0.3375,0.4375,0.14765625000000002
0.240625,0.56875,0.13685546875
0.12812500000000002,0.26875,0.034433593750000005
0.19687500000000002,0.628125,0.12366210937500002
0.146875,0.384375,0.056455078125
0.16562500000000002,0.36875,0.06107421875000001
0.234375,0.515625,0.120849609375
0.184375,0.178125,0.032841796875
0.19375,0.53125,0.1029296875
0.171875,0.596875,0.10258789062500001
0.21875,0.49375,0.10800781250000001
0.209375,0.49375,0.10337890625000001
0.125,0.34375,0.04296875
0.225,0.59375,0.13359375
0.275,0.596875,0.164140625
0.16875,0.675,0.11390625000000001
0.2625,0.46875,0.123046875
0.29375,0.525,0.15421875000000002
0.19687500000000002,0.41875,0.08244140625000002
0.359375,0.48125,0.17294921875
0.3375,0.625,0.2109375
0.23125,0.584375,0.13513671875
0.20625000000000002,0.36875,0.07605468750000001
0.15625,0.4,0.0625
0.178125,0.478125,0.08516601562500001
0.203125,0.415625,0.084423828125
0.19375,0.48125,0.0932421875
0.2,0.628125,0.12562500000000001
0.253125,0.578125,0.146337890625
0.21250000000000002,0.546875,0.11621093750000001
0.36875,0.484375,0.17861328125
0.178125,0.4,0.07125000000000001
0.19375,0.515625,0.09990234375
0.21875,0.296875,0.06494140625
0.276398,0.52648,0.14551801903999997
0.278125,0.64375,0.17904296875000003
0.225,0.546875,0.123046875
0.13125,0.525,0.06890625
0.20625000000000002,0.45,0.0928125
0.16875,0.36562500000000003,0.06169921875000001
0.20625000000000002,0.509375,0.10505859375000001
0.184375,0.525,0.096796875
0.21875,0.55625,0.12167968750000001
0.18125000000000002,0.403125,0.07306640625000001
0.171875,0.40937500000000004,0.07036132812500001
0.29375,0.65,0.1909375
0.203125,0.603125,0.122509765625
0.24375000000000002,0.521875,0.12720703125000002
0.140625,0.48750000000000004,0.0685546875
0.153125,0.515625,0.07895507812500001
0.2,0.53125,0.10625000000000001
0.18125000000000002,0.515625,0.09345703125000002
0.21875,0.503125,0.11005859375000002
0.225,0.5625,0.1265625
0.15000000000000002,0.45937500000000003,0.06890625000000002
0.171875,0.49062500000000003,0.08432617187500001
0.146875,0.25,0.03671875
0.17500000000000002,0.3125,0.05468750000000001
0.22187500000000002,0.546875,0.12133789062500001
0.15000000000000002,0.246875,0.03703125000000001
0.1375,0.171875,0.023632812500000003
0.31562500000000004,0.50625,0.15978515625
0.15937500000000002,0.49062500000000003,0.07819335937500001
0.1875,0.45937500000000003,0.0861328125
0.142857,0.249221,0.035602964397
0.071429,0.205607,0.014686302403000001
0.357143,0.389408,0.13907434134399999
0.372671,0.392523,0.14628193893299998
0.23125,0.603125,0.13947265625000002
0.28125,0.6125,0.172265625
0.13125,0.5625,0.07382812500000001
0.121875,0.2875,0.035039062499999996
0.178125,0.5625,0.10019531250000001
0.16875,0.2625,0.044296875000000006
0.259375,0.4,0.10375000000000001
0.23125,0.596875,0.13802734375
0.390625,0.4875,0.1904296875
0.21250000000000002,0.55,0.11687500000000002
0.178125,0.253125,0.045087890625
0.21250000000000002,0.565625,0.12019531250000003
0.1875,0.55625,0.10429687500000001
0.19375,0.41875,0.0811328125
0.15625,0.3875,0.060546875
0.209375,0.515625,0.107958984375
0.178125,0.36250000000000004,0.0645703125
0.215625,0.6625000000000001,0.14285156250000003
0.225,0.078125,0.017578125
0.146875,0.34687500000000004,0.05094726562500001
0.125,0.584375,0.073046875
0.20625000000000002,0.2625,0.054140625000000005
0.1875,0.28125,0.052734375
0.2,0.4,0.08000000000000002
0.19375,0.53125,0.1029296875
0.22812500000000002,0.44062500000000004,0.10051757812500002
0.35000000000000003,0.40937500000000004,0.14328125000000003
0.44062500000000004,0.5,0.22031250000000002
0.240625,0.45,0.10828125000000001
0.19062500000000002,0.55625,0.10603515625000001
0.2625,0.534375,0.14027343750000001
0.365625,0.51875,0.18966796875
0.153125,0.309375,0.047373046875000005
0.19687500000000002,0.40937500000000004,0.08059570312500001
0.203125,0.565625,0.114892578125
0.15625,0.384375,0.06005859375
0.15937500000000002,0.36250000000000004,0.05777343750000001
0.390625,0.434375,0.169677734375
0.139752,0.510903,0.071399716056
0.115625,0.58125,0.06720703125000001
0.2,0.540625,0.10812500000000001
0.203125,0.59375,0.12060546875
0.10312500000000001,0.321875,0.033193359375
0.15000000000000002,0.33437500000000003,0.05015625000000001
0.275,0.53125,0.14609375000000002
0.259375,0.359375,0.093212890625
0.321875,0.453125,0.14584960937500002
0.21250000000000002,0.578125,0.12285156250000001
0.400621,0.327103,0.131044330963
0.340625,0.53125,0.18095703125
0.328125,0.521875,0.171240234375
0.259375,0.53125,0.13779296875000002
0.215625,0.534375,0.11522460937500001
0.215625,0.47187500000000004,0.10174804687500001
0.171875,0.29375,0.05048828125
0.48125,0.44062500000000004,0.21205078125000001
0.21118012422360247,0.5451713395638629,0.11512935121224432
0.2329192546583851,0.6074766355140186,0.1414930051663087
0.184375,0.53125,0.09794921875000001
0.140625,0.2,0.028125
0.31562500000000004,0.61875,0.19529296875000005
0.2,0.6,0.12
0.13125,0.66875,0.0877734375
0.215625,0.515625,0.11118164062500001
0.17500000000000002,0.50625,0.08859375
0.1375,0.23125,0.031796875
0.20625000000000002,0.50625,0.1044140625
0.1625,0.51875,0.08429687500000001
0.259375,0.59375,0.15400390625000002
0.25,0.553125,0.13828125
0.184375,0.42500000000000004,0.07835937500000001
0.15937500000000002,0.35625,0.05677734375000001
0.276398,0.538941,0.14896221451799999
0.171875,0.5125000000000001,0.08808593750000002
0.209375,0.50625,0.10599609374999999
0.18125000000000002,0.45625000000000004,0.08269531250000002
0.22187500000000002,0.36875,0.08181640625000001
0.25625,0.525,0.13453125
0.30625,0.5625,0.172265625
0.184375,0.5375,0.0991015625
0.20625000000000002,0.51875,0.10699218750000002
0.1875,0.49375,0.09257812500000001
0.30625,0.46875,0.1435546875
0.275,0.540625,0.148671875
0.228125,0.45,0.10265625
0.275,0.5375,0.1478125
0.1625,0.58125,0.09445312500000001
0.1375,0.265625,0.036523437500000006
0.153125,0.403125,0.06172851562500001
0.153125,0.35625,0.054550781250000006
0.24375000000000002,0.55625,0.13558593750000003
0.23913,0.395639,0.09460915407
0.4375,0.2875,0.12578124999999998
0.109375,0.490625,0.053662109374999996
0.184375,0.48125,0.08873046875000001
0.1125,0.3375,0.03796875
0.31875,0.45625,0.1454296875
0.18322981366459626,0.5015576323987538,0.09190031152647973
0.440625,0.415625,0.183134765625
0.190625,0.55,0.10484375
0.20625,0.59375,0.12246093749999999
0.165625,0.53125,0.08798828125
0.190625,0.4,0.07625
0.14375,0.515625,0.07412109374999999
0.2,0.590625,0.118125
0.16875,0.503125,0.08490234375000001
0.19062500000000002,0.47187500000000004,0.08995117187500001
0.19062500000000002,0.53125,0.10126953125
0.159375,0.503125,0.080185546875
0.20625,0.578125,0.11923828125
0.2,0.53125,0.10625000000000001
0.38125000000000003,0.509375,0.19419921875
0.15000000000000002,0.49375,0.07406250000000002
0.15000000000000002,0.434375,0.06515625000000001
0.31677,0.52648,0.1667730696
0.1875,0.41250000000000003,0.07734375
0.16875,0.35625,0.06011718750000001
0.23125,0.578125,0.13369140625
0.19687500000000002,0.47500000000000003,0.09351562500000002
0.22187500000000002,0.61875,0.13728515625
0.3125,0.565625,0.1767578125
0.340625,0.56875,0.19373046875
0.15000000000000002,0.403125,0.06046875000000001
0.16875,0.421875,0.07119140625
0.225,0.546875,0.123046875
0.18125000000000002,0.31875000000000003,0.05777343750000001
0.21875,0.58125,0.12714843750000002
0.1875,0.403125,0.0755859375
0.234375,0.534375,0.125244140625
0.13125,0.265625,0.03486328125
0.209375,0.584375,0.12235351562499999
0.225,0.190625,0.042890625
0.184375,0.04375,0.00806640625
0.1875,0.053125,0.0099609375
0.228125,0.55,0.12546875000000002
0.209375,0.415625,0.08702148437500001
0.203125,0.534375,0.108544921875
0.134375,0.26875,0.03611328125
0.204969,0.464174,0.095141280606
0.357143,0.386293,0.137961840899
0.19375,0.48125,0.0932421875
0.19062500000000002,0.45625000000000004,0.08697265625000002
0.201863,0.551402,0.11130766192599999
0.359375,0.46875,0.16845703125
0.240625,0.515625,0.124072265625
0.19687500000000002,0.546875,0.10766601562500001
0.21875,0.634375,0.13876953125
0.21875,0.603125,0.13193359375
0.3322981366459627,0.43613707165109034,0.14492753623188404
0.125,0.515625,0.064453125
0.19062500000000002,0.61875,0.11794921875000001
0.21250000000000002,0.5125000000000001,0.10890625000000002
0.1625,0.403125,0.0655078125
0.19375,0.53125,0.1029296875
0.1,0.25625,0.025625
0.165625,0.225,0.037265625
0.128125,0.275,0.035234375
0.225,0.446875,0.10054687500000001
0.09375,0.396875,0.037207031249999994
0.534375,0.45625,0.24380859375000002
0.234375,0.478125,0.112060546875
0.19062500000000002,0.5625,0.10722656250000001
0.21250000000000002,0.58125,0.12351562500000002
0.34687500000000004,0.50625,0.17560546875000002
0.2,0.465625,0.09312500000000001
0.23125,0.503125,0.11634765625000001
0.125,0.19062500000000002,0.023828125000000002
0.28125,0.628125,0.17666015625
0.34375,0.665625,0.22880859375
0.209375,0.453125,0.094873046875
0.184375,0.50625,0.09333984375
0.096875,0.584375,0.056611328125
0.24375000000000002,0.5437500000000001,0.13253906250000003
0.08125,0.55625,0.0451953125
0.153125,0.36875,0.05646484375000001
0.415625,0.371875,0.154560546875
0.259375,0.41875,0.10861328125000001
0.12187500000000001,0.25625000000000003,0.031230468750000007
0.13125,0.459375,0.06029296875
0.1625,0.44375,0.072109375
0.059375,0.45,0.02671875
0.26875,0.625,0.16796875
0.2,0.53125,0.10625000000000001
0.178125,0.503125,0.08961914062500001
0.209375,0.60625,0.12693359375
0.1875,0.534375,0.10019531250000001
0.196875,0.553125,0.10889648437499999
0.20625,0.48125,0.0992578125
0.103125,0.153125,0.015791015625
0.19062500000000002,0.225,0.042890625
0.1875,0.415625,0.07792968750000001
0.2,0.5281250000000001,0.10562500000000002
0.21250000000000002,0.565625,0.12019531250000003
0.1625,0.253125,0.0411328125
0.232919,0.607477,0.141492935363
0.378882,0.358255,0.13573637091
0.1375,0.2,0.027500000000000004
0.175,0.371875,0.065078125
0.146875,0.434375,0.063798828125
0.2375,0.55,0.130625
0.2625,0.6,0.1575
0.253125,0.634375,0.160576171875
0.178125,0.48125,0.08572265625
0.21875,0.49062500000000003,0.10732421875
0.23750000000000002,0.59375,0.141015625
0.19565217391304346,0.4766355140186916,0.09325477448191791
0.22812500000000002,0.5906250000000001,0.13473632812500003
0.209375,0.571875,0.11973632812500001
0.325,0.4375,0.1421875
0.23750000000000002,0.5875,0.13953125000000002
0.24375000000000002,0.509375,0.12416015625000001
0.178125,0.628125,0.11188476562500001
0.16562500000000002,0.5625,0.0931640625
0.265625,0.671875,0.178466796875
0.209375,0.5875,0.12300781250000001
0.215625,0.415625,0.08961914062500001
0.134375,0.44062500000000004,0.059208984375
0.209375,0.5625,0.11777343750000001
0.171875,0.5625,0.0966796875
0.15625,0.503125,0.07861328125
0.19375,0.59375,0.1150390625
0.23750000000000002,0.634375,0.15066406250000003
0.375,0.34375,0.12890625
0.11875000000000001,0.50625,0.0601171875
0.1625,0.45937500000000003,0.07464843750000001
0.25,0.578125,0.14453125
0.18125000000000002,0.50625,0.09175781250000001
0.19375,0.525,0.10171875000000001
0.203125,0.234375,0.047607421875
0.21250000000000002,0.22187500000000002,0.04714843750000001
0.16562500000000002,0.325,0.05382812500000001
0.278125,0.55625,0.15470703125000002
0.290625,0.609375,0.17709960937500002
0.275,0.553125,0.15210937500000002
0.096875,0.5,0.0484375
0.246875,0.36875,0.09103515625000001
0.209375,0.40937500000000004,0.08571289062500001
0.19687500000000002,0.49375,0.09720703125000002
0.178125,0.16562500000000002,0.029501953125000004
0.186335,0.588785,0.109711252975
0.245342,0.11215,0.027515105300000002
0.22812500000000002,0.53125,0.12119140625000001
0.11875000000000001,0.246875,0.029316406250000003
0.20625000000000002,0.603125,0.12439453125000001
0.1875,0.51875,0.09726562500000001
0.21875,0.5,0.109375
0.21875,0.48750000000000004,0.10664062500000002
0.35625,0.328125,0.11689453125
0.1875,0.59375,0.111328125
0.20625000000000002,0.596875,0.12310546875000002
0.234375,0.625,0.146484375
0.246875,0.540625,0.13346679687500002
0.1375,0.26875,0.036953125
0.059375000000000004,0.36875,0.02189453125
0.14375000000000002,0.309375,0.044472656250000006
0.275,0.5625,0.1546875
0.17500000000000002,0.49375,0.08640625000000002
0.26875,0.609375,0.16376953125
0.19062500000000002,0.53125,0.10126953125
0.18125000000000002,0.403125,0.07306640625000001
0.164596,0.573209,0.094347908564
0.384375,0.375,0.14414062500000002
0.175,0.446875,0.078203125
0.265625,0.5,0.1328125
0.225,0.5625,0.1265625
0.128125,0.115625,0.014814453125
0.26875,0.23125,0.0621484375
0.153125,0.3625,0.0555078125
0.36250000000000004,0.5375,0.19484375
0.321875,0.6218750000000001,0.20016601562500003
0.16875,0.334375,0.05642578125
0.2375,0.571875,0.1358203125
0.209375,0.50625,0.10599609374999999
0.23125,0.45,0.1040625
0.209375,0.365625,0.076552734375
0.259375,0.221875,0.057548828125
0.24375,0.503125,0.12263671875000001
0.259375,0.14375000000000002,0.03728515625000001
0.15937500000000002,0.275,0.04382812500000001
0.209375,0.48750000000000004,0.10207031250000001
0.30625,0.553125,0.16939453125
0.22812500000000002,0.55625,0.12689453125000003
0.246875,0.609375,0.150439453125
0.171875,0.5625,0.0966796875
0.190625,0.475,0.09054687499999999
0.2375,0.546875,0.1298828125
0.20625,0.48125,0.0992578125
0.1625,0.353125,0.057382812500000005
0.303125,0.23125,0.07009765625
0.096875,0.321875,0.031181640625000003
0.1625,0.253125,0.0411328125
0.1625,0.453125,0.0736328125
0.225,0.59375,0.13359375
0.125,0.3125,0.0390625
0.18125,0.540625,0.09798828125
0.19375,0.5875,0.113828125
0.196875,0.628125,0.12366210937500001
0.19375,0.55,0.10656250000000002
0.090625,0.603125,0.054658203125
0.278125,0.634375,0.17643554687500002
0.21875,0.49062500000000003,0.10732421875
0.225,0.25625000000000003,0.057656250000000006
0.30625,0.64375,0.19714843750000002
0.340625,0.5375,0.1830859375
0.184375,0.40937500000000004,0.075478515625
0.1375,0.34375,0.047265625000000006
0.31875,0.571875,0.18228515625
0.175,0.409375,0.071640625
0.203125,0.415625,0.084423828125
0.15625,0.40625,0.0634765625
0.2,0.24375,0.04875
0.209375,0.471875,0.098798828125
0.215625,0.565625,0.12196289062500001
0.2625,0.609375,0.1599609375
0.203125,0.525,0.106640625
0.140625,0.353125,0.049658203125
0.1625,0.2625,0.04265625000000001
0.184375,0.5593750000000001,0.10313476562500001
0.296875,0.6062500000000001,0.17998046875
0.265625,0.603125,0.160205078125
0.22187500000000002,0.665625,0.14768554687500002
0.16875,0.30312500000000003,0.05115234375000001
0.22812500000000002,0.553125,0.126181640625
0.23125,0.41250000000000003,0.095390625
0.234375,0.515625,0.120849609375
0.209375,0.45625000000000004,0.09552734375000001
0.290625,0.65,0.18890625000000003
0.425,0.553125,0.23507812499999997
0.53125,0.440625,0.23408203125
0.196875,0.475,0.09351562499999999
0.19062500000000002,0.5,0.09531250000000001
0.15625,0.415625,0.06494140625
0.228125,0.659375,0.150419921875
0.178125,0.571875,0.101865234375
0.184375,0.21875,0.040332031250000004
0.0625,0.23125,0.014453125
0.36875,0.565625,0.20857421875000004
0.265625,0.6,0.159375
0.2,0.540625,0.10812500000000001
0.153125,0.415625,0.063642578125
0.1875,0.553125,0.10371093749999999
0.19062500000000002,0.553125,0.105439453125
0.22812500000000002,0.4,0.09125000000000001
0.19375,0.41250000000000003,0.079921875
0.30312500000000003,0.371875,0.11272460937500002
0.2,0.33125000000000004,0.06625000000000002
0.19687500000000002,0.33437500000000003,0.06583007812500001
0.13125,0.265625,0.03486328125
0.22187500000000002,0.553125,0.122724609375
0.203125,0.58125,0.11806640625
0.2,0.55625,0.11125000000000002
0.146875,0.246875,0.036259765625
0.2,0.48125,0.09625
0.16875,0.478125,0.08068359375
0.21250000000000002,0.58125,0.12351562500000002
0.19375,0.496875,0.09626953125
0.178125,0.259375,0.046201171875
0.31875,0.578125,0.18427734375
0.184375,0.53125,0.09794921875000001
0.290625,0.546875,0.158935546875
0.159375,0.4,0.06375
0.153125,0.4,0.061250000000000006
0.190625,0.340625,0.064931640625
0.2625,0.6125,0.16078125000000001
0.23125,0.509375,0.11779296875
0.22049689440993786,0.5358255451713395,0.11814786865579224
0.19375,0.49062500000000003,0.09505859375
0.19062500000000002,0.496875,0.09471679687500001
0.15625,0.50625,0.0791015625
0.321875,0.41875,0.13478515625
0.34687500000000004,0.596875,0.20704101562500005
0.2,0.465625,0.09312500000000001
0.20625000000000002,0.51875,0.10699218750000002
0.21875,0.525,0.11484375000000001
0.19062500000000002,0.546875,0.10424804687500001
0.22187500000000002,0.634375,0.14075195312500002
0.184375,0.48125,0.08873046875000001
0.2329192546583851,0.4984423676012461,0.11609682475184303
0.22187500000000002,0.53125,0.11787109375
0.165625,0.6625,0.1097265625
0.1875,0.48125,0.090234375
0.346875,0.3375,0.11707031250000001
0.23750000000000002,0.546875,0.1298828125
0.19687500000000002,0.609375,0.11997070312500001
0.16875,0.390625,0.06591796875
0.22187500000000002,0.5906250000000001,0.13104492187500003
0.19375,0.478125,0.09263671875000001
0.226708,0.619938,0.140544904104
0.220497,0.598131,0.131886091107
0.2625,0.603125,0.1583203125
0.45625000000000004,0.42500000000000004,0.19390625000000003
0.26875,0.61875,0.1662890625
0.20625000000000002,0.6125,0.126328125
0.24375000000000002,0.534375,0.13025390625000002
0.31562500000000004,0.5875,0.18542968750000002
0.21875,0.634375,0.13876953125
0.309375,0.540625,0.167255859375
0.1875,0.5375,0.10078124999999999
0.21875,0.5750000000000001,0.12578125
0.173913,0.46729,0.08126780577
0.158385,0.451713,0.07154456350499999
0.273292,0.498442,0.13622021106399998
0.25,0.63125,0.1578125
0.271875,0.6625,0.18011718749999997
0.24375,0.628125,0.15310546875
0.21250000000000002,0.546875,0.11621093750000001
0.221875,0.53125,0.11787109374999999
0.146875,0.240625,0.035341796875000005
0.190625,0.359375,0.06850585937499999
0.184375,0.515625,0.09506835937500001
0.209375,0.4625,0.09683593750000001
0.3375,0.44375,0.149765625
0.1875,0.434375,0.0814453125
0.184375,0.275,0.05070312500000001
0.19062500000000002,0.496875,0.09471679687500001
0.125,0.037500000000000006,0.004687500000000001
0.353125,0.56875,0.20083984375
0.2,0.6375000000000001,0.12750000000000003
0.22812500000000002,0.61875,0.14115234375000002
0.19687500000000002,0.534375,0.10520507812500002
0.209375,0.509375,0.10665039062500001
0.35625,0.48750000000000004,0.17367187500000003
0.15937500000000002,0.36875,0.05876953125000001
0.161491,0.249221,0.040246948511
0.171875,0.5,0.0859375
0.30625,0.47187500000000004,0.14451171875000002
0.20625000000000002,0.53125,0.1095703125
0.1625,0.59375,0.096484375
0.21875,0.4375,0.095703125
0.37812500000000004,0.48125,0.18197265625000003
0.18125,0.540625,0.09798828125
0.18125,0.53125,0.0962890625
0.21875,0.265625,0.05810546875
0.165625,0.64375,0.10662109375
0.1625,0.678125,0.1101953125
0.21875,0.625,0.13671875
0.20625000000000002,0.5875,0.12117187500000001
0.234375,0.56875,0.13330078125
0.22812500000000002,0.546875,0.12475585937500001
0.253125,0.634375,0.160576171875
0.18125000000000002,0.384375,0.06966796875000002
0.23750000000000002,0.49375,0.11726562500000001
0.2,0.53125,0.10625000000000001
0.37812500000000004,0.5281250000000001,0.19969726562500004
0.20625000000000002,0.540625,0.11150390625
0.296875,0.465625,0.138232421875
0.1125,0.546875,0.0615234375
0.20625,0.525,0.10828125
0.23125,0.225,0.05203125
0.103125,0.5125,0.05285156249999999
0.171875,0.678125,0.116552734375
0.215625,0.515625,0.11118164062500001
0.234375,0.565625,0.132568359375
0.228125,0.496875,0.113349609375
0.184375,0.415625,0.07663085937500001
0.3,0.5625,0.16874999999999998
0.275,0.56875,0.15640625
0.225,0.546875,0.123046875
0.23750000000000002,0.53125,0.12617187500000002
0.2,0.5,0.1
0.259375,0.628125,0.162919921875
0.28125,0.628125,0.17666015625
0.265625,0.6375000000000001,0.1693359375
0.278125,0.56875,0.15818359375
0.22812500000000002,0.6062500000000001,0.13830078125000003
0.26875,0.253125,0.06802734375
0.19687500000000002,0.46875,0.09228515625000001
0.16875,0.49062500000000003,0.08279296875000001
0.184375,0.45937500000000003,0.08469726562500002
0.15937500000000002,0.35625,0.05677734375000001
0.328125,0.45937500000000003,0.15073242187500002
0.35000000000000003,0.5125000000000001,0.17937500000000003
0.40625,0.41875,0.17011718750000002
0.384375,0.44062500000000004,0.16936523437500003
0.5,0.36250000000000004,0.18125000000000002
0.18322981366459626,0.557632398753894,0.10217488051701784
0.16875,0.571875,0.09650390625000001
0.209375,0.68125,0.14263671875
0.215625,0.603125,0.13004882812500002
0.209375,0.625,0.130859375
0.203125,0.5,0.1015625
0.22187500000000002,0.565625,0.12549804687500002
0.20625000000000002,0.53125,0.1095703125
0.20625,0.378125,0.07798828125
0.15937500000000002,0.4,0.06375000000000001
0.15937500000000002,0.45937500000000003,0.07321289062500001
0.178125,0.553125,0.098525390625
0.315625,0.59375,0.18740234375
0.21250000000000002,0.50625,0.10757812500000001
0.21875,0.609375,0.13330078125
0.17500000000000002,0.30625,0.05359375000000001
0.096875,0.421875,0.040869140625
0.321875,0.478125,0.15389648437500003
0.1375,0.5625,0.07734375
0.15,0.290625,0.04359375
0.340625,0.546875,0.186279296875
0.10625,0.49375,0.0524609375
0.184375,0.47500000000000003,0.087578125
0.21875,0.515625,0.11279296875
0.329193,0.535826,0.176390168418
0.20625000000000002,0.596875,0.12310546875000002
0.215625,0.59375,0.12802734375
0.140625,0.265625,0.037353515625
0.16875,0.309375,0.05220703125000001
0.325,0.47500000000000003,0.154375
0.21250000000000002,0.465625,0.09894531250000001
0.19687500000000002,0.4,0.07875000000000001
0.128125,0.384375,0.049248046875
0.15,0.475,0.07125
0.1625,0.5375,0.08734375
0.23125,0.625,0.14453125
0.2,0.6125,0.12250000000000001
0.16562500000000002,0.321875,0.05331054687500001
0.11875000000000001,0.58125,0.0690234375
0.326087,0.224299,0.07314098801300001
0.40937500000000004,0.40937500000000004,0.16758789062500004
0.16875,0.4375,0.07382812500000001
0.215625,0.665625,0.143525390625
0.209375,0.41875,0.08767578125
0.240625,0.546875,0.131591796875
0.27187500000000003,0.384375,0.10450195312500002
0.28125,0.309375,0.08701171875000001
0.209375,0.35625,0.07458984375000001
0.19062500000000002,0.34375,0.06552734375000001
0.2,0.525,0.10500000000000001
0.17500000000000002,0.503125,0.08804687500000001
0.15625,0.415625,0.06494140625
0.1375,0.515625,0.07089843750000001
0.16875,0.34687500000000004,0.05853515625000001
0.13125,0.3375,0.044296875000000006
0.19687500000000002,0.59375,0.11689453125000002
0.22187500000000002,0.596875,0.132431640625
0.284375,0.565625,0.160849609375
0.19875776397515527,0.5109034267912772,0.10154602271627869
0.3375,0.521875,0.1761328125
0.10625000000000001,0.31875000000000003,0.03386718750000001
0.253125,0.56875,0.14396484375
0.21250000000000002,0.5625,0.11953125
0.15937500000000002,0.48750000000000004,0.07769531250000002
0.17500000000000002,0.36250000000000004,0.06343750000000001
0.22187500000000002,0.553125,0.122724609375
0.240625,0.603125,0.145126953125
0.146875,0.53125,0.07802734375
0.309375,0.49375,0.15275390625000002
0.178125,0.2625,0.0467578125
0.240625,0.51875,0.12482421875000001
0.184375,0.3125,0.0576171875
0.178125,0.3125,0.0556640625
0.146875,0.6687500000000001,0.09822265625000001
0.1625,0.5875,0.09546875
0.22187500000000002,0.578125,0.12827148437500002
0.34687500000000004,0.34375,0.11923828125000002
0.46875,0.37812500000000004,0.17724609375000003
0.20625000000000002,0.534375,0.11021484375000001
0.1625,0.5906250000000001,0.09597656250000001
0.184375,0.41250000000000003,0.07605468750000001
0.21739130434782608,0.4735202492211838,0.10293918461330082
0.25,0.603125,0.15078125
0.240625,0.515625,0.124072265625
0.246875,0.340625,0.08409179687500001
0.428125,0.41875,0.17927734374999998
0.321875,0.490625,0.157919921875
0.20625,0.403125,0.08314453125
0.153125,0.3375,0.05167968750000001
0.26875,0.459375,0.12345703124999999
0.24375,0.0875,0.021328125
0.384375,0.43125,0.16576171875
0.22187500000000002,0.44375000000000003,0.09845703125000002
0.21875,0.5875,0.128515625
0.16875,0.4,0.0675
0.26875,0.465625,0.12513671875
0.195652,0.542056,0.106054340512
0.140625,0.23125,0.032519531250000004
0.23125,0.5875,0.135859375
0.215625,0.553125,0.119267578125
0.20625000000000002,0.55,0.11343750000000002
0.253125,0.59375,0.15029296875
0.153125,0.3125,0.0478515625
0.178125,0.3125,0.0556640625
0.153125,0.29375,0.04498046875
0.22812500000000002,0.4375,0.09980468750000002
0.34375,0.48125,0.1654296875
0.16562500000000002,0.50625,0.08384765625000001
0.153125,0.45,0.06890625
0.209375,0.42500000000000004,0.08898437500000002
0.36562500000000003,0.38125000000000003,0.13939453125000004
0.18125000000000002,0.553125,0.10025390625000001
0.225,0.6125,0.1378125
0.234375,0.578125,0.135498046875
0.16562500000000002,0.36875,0.06107421875000001
0.18125000000000002,0.30625,0.05550781250000001
0.23750000000000002,0.55625,0.132109375
0.265625,0.553125,0.146923828125
0.0625,0.50625,0.031640625
0.146875,0.5593750000000001,0.08215820312500001
0.19375,0.290625,0.056308593750000004
0.19375,0.50625,0.0980859375
0.203125,0.49062500000000003,0.09965820312500001
0.134375,0.353125,0.047451171875
0.27187500000000003,0.49375,0.13423828125000004
0.22187500000000002,0.525,0.11648437500000001
0.33125,0.484375,0.16044921874999998
0.153125,0.509375,0.077998046875
0.121875,0.278125,0.033896484375
0.153125,0.29375,0.04498046875
0.15625,0.6531250000000001,0.10205078125000001
0.184375,0.509375,0.09391601562500002
0.30625,0.56875,0.1741796875
0.18125000000000002,0.503125,0.09119140625000002
0.203125,0.503125,0.102197265625
0.22981366459627328,0.5919003115264797,0.13602677966757606
0.18125000000000002,0.2625,0.047578125000000006
0.1625,0.28125,0.045703125000000004
0.4,0.47500000000000003,0.19000000000000003
0.296875,0.6,0.178125
0.290625,0.525,0.152578125
0.20625000000000002,0.371875,0.07669921875
0.259375,0.534375,0.13860351562500003
0.19687500000000002,0.509375,0.10028320312500001
0.19687500000000002,0.48750000000000004,0.09597656250000001
0.276398,0.638629,0.176515778342
0.1625,0.36562500000000003,0.05941406250000001
0.20625000000000002,0.603125,0.12439453125000001
0.209375,0.578125,0.121044921875
0.1875,0.565625,0.10605468750000001
0.2,0.58125,0.11625000000000002
0.240625,0.609375,0.146630859375
0.28125,0.671875,0.18896484375
0.184375,0.290625,0.053583984375000004
0.19062500000000002,0.45,0.08578125
0.2,0.521875,0.104375
0.265625,0.59375,0.15771484375
0.23750000000000002,0.55,0.13062500000000002
0.225,0.628125,0.14132812500000003
0.134375,0.259375,0.034853515625000005
0.12187500000000001,0.27187500000000003,0.03313476562500001
0.178125,0.48750000000000004,0.08683593750000002
0.225,0.453125,0.101953125
0.21250000000000002,0.56875,0.120859375
0.125,0.465625,0.058203125
0.17500000000000002,0.48125,0.08421875000000001
0.221875,0.484375,0.107470703125
0.15625,0.45,0.0703125
0.18125000000000002,0.453125,0.08212890625000001
0.171875,0.31875000000000003,0.05478515625000001
0.14375000000000002,0.30625,0.044023437500000005
0.2,0.49375,0.09875
0.33437500000000003,0.35625,0.11912109375000002
0.171875,0.45937500000000003,0.07895507812500001
0.209375,0.47187500000000004,0.09879882812500002
0.203125,0.503125,0.102197265625
0.140625,0.35000000000000003,0.049218750000000006
0.3625,0.4625,0.16765625
0.1625,0.40937500000000004,0.0665234375
0.3375,0.465625,0.15714843750000002
0.096875,0.1625,0.0157421875
0.23125,0.509375,0.11779296875
0.30312500000000003,0.521875,0.158193359375
0.209375,0.565625,0.11842773437500001
0.259375,0.55,0.14265625
0.08125,0.509375,0.04138671875
0.22049689440993786,0.573208722741433,0.1263907432131731
0.28125,0.5,0.140625
0.209375,0.5375,0.1125390625
0.203125,0.53125,0.10791015625
0.228125,0.58125,0.13259765625
0.18125000000000002,0.546875,0.09912109375000001
0.21875,0.5750000000000001,0.12578125
0.41875,0.38125,0.1596484375
0.24375,0.53125,0.1294921875
0.090625,0.45,0.04078125
0.246875,0.515625,0.127294921875
0.178125,0.45,0.08015625
0.24375000000000002,0.5625,0.137109375
0.171875,0.36562500000000003,0.06284179687500001
0.225,0.61875,0.13921875
0.20625000000000002,0.55,0.11343750000000002
0.21875,0.49375,0.10800781250000001
0.1625,0.603125,0.09800781250000001
0.21875,0.415625,0.09091796875000001
0.25,0.565625,0.14140625
0.115625,0.4,0.046250000000000006
0.19375,0.609375,0.11806640625
0.21250000000000002,0.59375,0.12617187500000002
0.134375,0.65,0.08734375
0.21250000000000002,0.609375,0.12949218750000002
0.19875776397515527,0.46417445482866043,0.09225827673613125
0.290625,0.296875,0.08627929687500001
0.215625,0.521875,0.112529296875
0.265625,0.5625,0.1494140625
0.240625,0.553125,0.133095703125
0.19687500000000002,0.515625,0.10151367187500002
0.19375,0.546875,0.10595703125
0.21250000000000002,0.525,0.11156250000000002
0.22187500000000002,0.33125000000000004,0.07349609375000002
0.153125,0.30312500000000003,0.04641601562500001
0.259375,0.5906250000000001,0.15319335937500003
0.278125,0.603125,0.167744140625
0.38125000000000003,0.48750000000000004,0.18585937500000002
0.19375,0.046875,0.00908203125
0.158385,0.149533,0.023683784205
0.18125000000000002,0.5125000000000001,0.09289062500000002
0.21875,0.5375,0.11757812499999999
0.171875,0.340625,0.058544921875
0.15937500000000002,0.31875000000000003,0.05080078125000001
0.16875,0.578125,0.09755859375
0.246875,0.31562500000000004,0.07791992187500002
0.178125,0.31562500000000004,0.05622070312500001
0.15937500000000002,0.30625,0.04880859375000001
0.44062500000000004,0.48750000000000004,0.21480468750000004
0.19375,0.059375,0.01150390625
0.196875,0.509375,0.100283203125
0.15625,0.521875,0.08154296875
0.190625,0.53125,0.10126953124999999
0.146875,0.484375,0.07114257812500001
0.203125,0.478125,0.097119140625
0.21875,0.3625,0.079296875
0.359375,0.4625,0.16621093750000002
0.20625000000000002,0.478125,0.09861328125000002
0.18125000000000002,0.44062500000000004,0.07986328125000001
0.27187500000000003,0.503125,0.13678710937500002
0.19062500000000002,0.31875000000000003,0.06076171875000001
0.384375,0.4375,0.16816406250000002
0.15625,0.390625,0.06103515625
0.1625,0.284375,0.0462109375
0.184375,0.140625,0.025927734375
0.328125,0.596875,0.195849609375
0.19687500000000002,0.546875,0.10766601562500001
0.271875,0.61875,0.16822265625
0.21875,0.6,0.13125
0.246875,0.5,0.1234375
0.1625,0.35000000000000003,0.05687500000000001
0.353125,0.55,0.19421875000000002
0.1875,0.478125,0.08964843750000001
0.22812500000000002,0.484375,0.110498046875
0.21250000000000002,0.6125,0.13015625000000003
0.2,0.625,0.125
0.19687500000000002,0.503125,0.09905273437500002
0.178125,0.515625,0.091845703125
0.1875,0.525,0.09843750000000001
0.27187500000000003,0.44062500000000004,0.11979492187500003
0.275,0.503125,0.13835937500000003
0.1625,0.546875,0.0888671875
0.203125,0.50625,0.10283203125
0.23125,0.609375,0.14091796875
0.19062500000000002,0.503125,0.09590820312500002
0.234375,0.47500000000000003,0.11132812500000001
0.259375,0.5750000000000001,0.14914062500000003
0.359375,0.359375,0.129150390625
0.325,0.40625,0.13203125000000002
0.22812500000000002,0.50625,0.11548828125
0.15625,0.31562500000000004,0.04931640625000001
0.220497,0.495327,0.109218117519
0.226708,0.538941,0.122182236228
0.267081,0.545171,0.145604815851
0.1875,0.321875,0.060351562500000004
0.19687500000000002,0.53125,0.10458984375000001
0.184375,0.48125,0.08873046875000001
0.19062500000000002,0.521875,0.099482421875
0.215625,0.571875,0.12331054687500001
0.353125,0.42500000000000004,0.15007812500000003
0.253125,0.534375,0.13526367187500002
0.215625,0.625,0.134765625
0.49062500000000003,0.503125,0.24684570312500004
0.21250000000000002,0.5375,0.11421875000000001
0.359375,0.340625,0.12241210937500001
0.23125,0.525,0.12140625000000001
0.19375,0.5,0.096875
0.25,0.4125,0.103125
0.284375,0.515625,0.146630859375
0.215625,0.521875,0.112529296875
0.19687500000000002,0.484375,0.095361328125
0.16562500000000002,0.48750000000000004,0.08074218750000002
0.178125,0.546875,0.097412109375
0.171875,0.515625,0.088623046875
0.290625,0.625,0.181640625
0.2,0.603125,0.12062500000000001
0.23750000000000002,0.59375,0.141015625
0.171875,0.6781250000000001,0.11655273437500002
0.375,0.446875,0.16757812500000002
0.23125,0.5625,0.13007812500000002
0.171875,0.521875,0.089697265625
0.1875,0.371875,0.0697265625
0.19062500000000002,0.5625,0.10722656250000001
0.2625,0.5875,0.15421875000000002
0.22187500000000002,0.58125,0.12896484375000003
0.20625000000000002,0.5437500000000001,0.11214843750000002
0.178125,0.35625,0.06345703125
0.325,0.44375000000000003,0.14421875
0.20625000000000002,0.45625000000000004,0.09410156250000001
0.18125000000000002,0.446875,0.08099609375000001
0.1875,0.45,0.084375
0.16562500000000002,0.34375,0.05693359375000001
0.209375,0.47187500000000004,0.09879882812500002
0.220497,0.616822,0.13600740053399998
0.391304,0.588785,0.23039392564
0.175,0.46875,0.08203125
0.146875,0.48125,0.07068359375000001
0.178125,0.621875,0.11077148437499999
0.240625,0.559375,0.13459960937499998
0.321875,0.5625,0.1810546875
0.159375,0.259375,0.041337890625
0.203125,0.4625,0.0939453125
0.203125,0.478125,0.097119140625
0.21875,0.5750000000000001,0.12578125
0.19062500000000002,0.5125000000000001,0.09769531250000002
0.215625,0.55,0.11859375000000001
0.153125,0.296875,0.045458984375000004
0.11875,0.1375,0.016328125
0.21875,0.509375,0.11142578125000001
0.25625000000000003,0.5437500000000001,0.13933593750000003
0.21875,0.53125,0.1162109375
0.1125,0.36562500000000003,0.041132812500000004
0.16875,0.390625,0.06591796875
0.19375,0.3375,0.06539062500000001
0.1625,0.509375,0.0827734375
0.21875,0.553125,0.12099609374999999
0.1875,0.53125,0.099609375
0.140625,0.340625,0.047900390625000004
0.209375,0.540625,0.11319335937500001
0.203125,0.4,0.08125
0.284375,0.59375,0.16884765625
0.25,0.64375,0.1609375
0.2,0.55,0.11000000000000001
0.19375,0.49375,0.09566406250000001
0.19375,0.35,0.0678125
0.153125,0.30625,0.04689453125000001
0.165625,0.33125,0.05486328125
0.19375,0.45,0.0871875
0.19375,0.515625,0.09990234375
0.234375,0.56875,0.13330078125
0.2,0.47187500000000004,0.09437500000000001
0.1875,0.36875,0.06914062500000001
0.25625,0.559375,0.14333984374999997
0.225,0.55625,0.12515625
0.321875,0.44062500000000004,0.14182617187500002
0.16562500000000002,0.353125,0.058486328125000014
0.19687500000000002,0.47500000000000003,0.09351562500000002
0.18125000000000002,0.534375,0.09685546875000002
0.17500000000000002,0.43125,0.07546875000000001
0.26875,0.546875,0.14697265625
0.178125,0.421875,0.075146484375
0.25,0.575,0.14375
0.149068,0.239875,0.035757686500000004
0.214286,0.610592,0.130841317312
0.201863,0.604361,0.121998124543
0.304348,0.557632,0.16971418393600002
0.279503,0.58567,0.16369652201
0.2875,0.4875,0.14015624999999998
0.2,0.51875,0.10375000000000001
0.236025,0.58567,0.13823276175000002
0.1875,0.465625,0.0873046875
0.1875,0.36875,0.06914062500000001
0.19062500000000002,0.521875,0.099482421875
0.21875,0.50625,0.11074218749999999
0.178125,0.603125,0.107431640625
0.36875,0.53125,0.19589843750000002
0.134375,0.26875,0.03611328125
0.20625000000000002,0.28125,0.058007812500000006
0.16875,0.5625,0.094921875
0.1875,0.571875,0.10722656250000001
0.13125,0.23125,0.030351562500000002
0.215625,0.55,0.11859375000000001
0.246875,0.153125,0.03780273437500001
0.10625000000000001,0.225,0.023906250000000004
0.215625,0.53125,0.11455078125000001
0.215625,0.546875,0.117919921875
0.21250000000000002,0.48125,0.10226562500000001
0.16875,0.47500000000000003,0.08015625000000001
0.19375,0.49375,0.09566406250000001
0.36875,0.259375,0.09564453125000001
0.209375,0.5625,0.11777343750000001
0.18125000000000002,0.6125,0.11101562500000002
0.146875,0.328125,0.048193359375
0.1875,0.47500000000000003,0.0890625
0.228125,0.6375,0.1454296875
0.184375,0.546875,0.100830078125
0.21250000000000002,0.384375,0.08167968750000001
0.265625,0.625,0.166015625
0.1875,0.35625,0.066796875
0.184375,0.35625,0.06568359375
0.234375,0.56875,0.13330078125
0.21875,0.5375,0.11757812499999999
0.2125,0.48125,0.102265625
0.18125,0.228125,0.041347656249999996
0.221875,0.56875,0.12619140625
0.2875,0.41875,0.12039062499999999
0.23125,0.603125,0.13947265625000002
0.396875,0.3875,0.1537890625
0.225,0.65625,0.14765625000000002
0.20625000000000002,0.45625000000000004,0.09410156250000001
0.203125,0.35625,0.07236328125000001
0.24375000000000002,0.45,0.10968750000000001
0.16562500000000002,0.35625,0.05900390625000001
0.20625000000000002,0.584375,0.12052734375
0.328125,0.540625,0.177392578125
0.209375,0.609375,0.127587890625
0.25,0.49375,0.1234375
0.384375,0.446875,0.17176757812500001
0.215625,0.59375,0.12802734375
0.18125000000000002,0.40625,0.0736328125
0.1875,0.4625,0.08671875000000001
0.19375,0.565625,0.10958984375000001
0.19062500000000002,0.51875,0.09888671875000002
0.209375,0.44062500000000004,0.09225585937500001
0.259375,0.275,0.071328125
0.496875,0.371875,0.184775390625
0.134375,0.340625,0.045771484375
0.09375,0.328125,0.03076171875
0.17500000000000002,0.546875,0.09570312500000001
0.203125,0.565625,0.114892578125
0.4,0.48125,0.1925
0.36250000000000004,0.415625,0.15066406250000003
0.171875,0.47187500000000004,0.08110351562500001
0.2,0.50625,0.10125
0.19062500000000002,0.51875,0.09888671875000002
0.215625,0.42812500000000003,0.09231445312500001
0.36250000000000004,0.48750000000000004,0.17671875000000004
0.203125,0.56875,0.11552734375
0.21875,0.640625,0.14013671875
0.27187500000000003,0.31875000000000003,0.08666015625000002
0.203125,0.375,0.076171875
0.20625000000000002,0.50625,0.1044140625
0.30625,0.5750000000000001,0.17609375000000002
0.325,0.4375,0.1421875
0.178125,0.44375000000000003,0.07904296875000001
0.23750000000000002,0.453125,0.1076171875
0.178125,0.40937500000000004,0.07291992187500002
0.321875,0.28125,0.09052734375
0.334375,0.34375,0.11494140624999999
0.24375000000000002,0.34687500000000004,0.08455078125000001
0.19375,0.525,0.10171875000000001
0.17500000000000002,0.48750000000000004,0.08531250000000001
0.253125,0.415625,0.105205078125
0.175,0.45625,0.07984374999999999
0.253125,0.38125,0.09650390625
0.153125,0.3625,0.0555078125
0.39375,0.359375,0.14150390625
0.4125,0.40625,0.167578125
0.16875,0.453125,0.07646484375000001
0.246875,0.553125,0.136552734375
0.21875,0.515625,0.11279296875
0.14375000000000002,0.35000000000000003,0.05031250000000001
0.15625,0.34375,0.0537109375
0.240625,0.49375,0.11880859375000001
0.209375,0.609375,0.127587890625
0.209375,0.4625,0.09683593750000001
0.115625,0.58125,0.06720703125000001
0.234375,0.56875,0.13330078125
0.18125000000000002,0.5,0.09062500000000001
0.2,0.47500000000000003,0.09500000000000001
0.19062500000000002,0.525,0.10007812500000002
0.3375,0.340625,0.11496093750000001
0.19687500000000002,0.53125,0.10458984375000001
0.2,0.43125,0.08625000000000001
0.346875,0.35625,0.12357421875
0.325,0.396875,0.12898437499999998
0.171875,0.13125,0.02255859375
0.090625,0.44375,0.04021484375
0.184375,0.36562500000000003,0.06741210937500001
0.18125000000000002,0.4375,0.07929687500000002
0.19375,0.53125,0.1029296875
0.16875,0.45,0.0759375
0.234375,0.584375,0.136962890625
0.15625,0.55,0.0859375
0.19687500000000002,0.48125,0.09474609375000001
0.1875,0.515625,0.0966796875
0.15,0.515625,0.07734375
0.2,0.625,0.125
0.19687500000000002,0.5875,0.11566406250000001
0.246875,0.540625,0.13346679687500002
0.28750000000000003,0.609375,0.17519531250000003
0.215625,0.5906250000000001,0.12735351562500002
0.1625,0.25625000000000003,0.04164062500000001
0.19687500000000002,0.503125,0.09905273437500002
0.19062500000000002,0.275,0.05242187500000001
0.15937500000000002,0.353125,0.05627929687500001
0.24375000000000002,0.546875,0.13330078125
0.15000000000000002,0.2625,0.03937500000000001
0.24375000000000002,0.609375,0.14853515625000002
0.184375,0.35625,0.06568359375
0.2125,0.18125,0.038515625
0.240625,0.609375,0.146630859375
0.153125,0.709375,0.108623046875
0.215625,0.628125,0.13543945312500003
0.2125,0.63125,0.13414062499999999
0.24375,0.525,0.12796875
0.178125,0.3375,0.06011718750000001
0.296875,0.39375,0.11689453125
0.2,0.44375000000000003,0.08875000000000001
0.19062500000000002,0.515625,0.098291015625
0.203125,0.375,0.076171875
0.196875,0.403125,0.079365234375
0.221875,0.459375,0.10192382812499999
0.26875,0.41875,0.1125390625
0.2625,0.578125,0.1517578125
0.271875,0.521875,0.141884765625
0.19062500000000002,0.49375,0.09412109375000001
0.2,0.47500000000000003,0.09500000000000001
0.209375,0.484375,0.10141601562500001
0.178125,0.51875,0.09240234375
0.196875,0.415625,0.081826171875
0.165625,0.4625,0.0766015625
0.309375,0.396875,0.122783203125
0.328125,0.434375,0.14252929687500002
0.14375,0.3875,0.055703125
0.319876,0.595016,0.190331338016
0.22187500000000002,0.578125,0.12827148437500002
0.203125,0.4625,0.0939453125
0.184375,0.5,0.0921875
0.23125,0.5,0.115625
0.190625,0.58125,0.11080078125000001
0.2,0.521875,0.104375
0.203125,0.546875,0.111083984375
0.19375,0.584375,0.11322265625
0.19375,0.534375,0.10353515625000001
0.184375,0.496875,0.091611328125
0.20625000000000002,0.478125,0.09861328125000002
0.178125,0.49375,0.08794921875
0.184375,0.42500000000000004,0.07835937500000001
0.284375,0.5,0.1421875
0.225,0.55625,0.12515625
0.186335,0.58567,0.10913081945
0.23913,0.672897,0.16090985961
0.217391,0.448598,0.09752116781799999
0.285714,0.619938,0.177124965732
0.259375,0.640625,0.166162109375
0.178125,0.478125,0.08516601562500001
0.321875,0.540625,0.17401367187500003
0.184375,0.321875,0.05934570312500001
0.140625,0.26875,0.037792968749999996
0.146875,0.3125,0.0458984375
0.203125,0.328125,0.066650390625
0.234375,0.571875,0.134033203125
0.28125,0.625,0.17578125
0.203125,0.56875,0.11552734375
0.1875,0.446875,0.08378906250000001
0.15937500000000002,0.478125,0.07620117187500001
0.19687500000000002,0.296875,0.05844726562500001
0.21250000000000002,0.56875,0.120859375
0.14375000000000002,0.41875,0.06019531250000001
0.15000000000000002,0.40625,0.060937500000000006
0.215625,0.484375,0.104443359375
0.25,0.56875,0.1421875
0.209375,0.603125,0.126279296875
0.11875000000000001,0.29375,0.034882812500000006
0.28125,0.628125,0.17666015625
0.146875,0.259375,0.038095703125000005
0.17500000000000002,0.4,0.07
0.19062500000000002,0.49062500000000003,0.09352539062500001
0.2329192546583851,0.6199376947040498,0.14439542578510475
0.4,0.5375,0.215
0.23750000000000002,0.5593750000000001,0.13285156250000002
0.40937500000000004,0.321875,0.13176757812500003
0.19375,0.5625,0.10898437500000001
0.309375,0.578125,0.178857421875
0.4,0.440625,0.17625000000000002
0.321875,0.28750000000000003,0.09253906250000002
0.171875,0.50625,0.08701171875
0.234375,0.49375,0.11572265625
0.259375,0.59375,0.15400390625000002
0.16875,0.553125,0.09333984375
0.253125,0.5875,0.1487109375
0.20625000000000002,0.625,0.12890625
0.19875776397515527,0.5919003115264797,0.11764478241520093
0.26875,0.6312500000000001,0.16964843750000003
0.1875,0.215625,0.040429687500000006
0.190625,0.5625,0.1072265625
0.309375,0.515625,0.159521484375
0.184375,0.434375,0.080087890625
0.19375,0.5437500000000001,0.10535156250000001
0.16875,0.6125,0.10335937500000002
0.146875,0.5625,0.08261718750000001
0.18125000000000002,0.596875,0.10818359375000001
0.2,0.56875,0.11375
0.21875,0.515625,0.11279296875
0.381988,0.376947,0.143989230636
0.29375,0.625,0.18359375
0.16875,0.521875,0.08806640625
0.17500000000000002,0.503125,0.08804687500000001
0.134375,0.703125,0.094482421875
0.17701863354037267,0.4735202492211838,0.08382190747083067
0.0875,0.21875,0.019140624999999998
0.159375,0.225,0.035859375
0.20807453416149066,0.5233644859813084,0.10889882161722875
0.225,0.515625,0.116015625
0.1875,0.06875,0.012890625000000001
0.259375,0.603125,0.15643554687500003
0.19375,0.578125,0.11201171875
0.19687500000000002,0.515625,0.10151367187500002
0.1625,0.609375,0.0990234375
0.203125,0.45937500000000003,0.09331054687500001
0.1875,0.515625,0.0966796875
0.20625000000000002,0.58125,0.11988281250000002
0.19062500000000002,0.5593750000000001,0.10663085937500003
0.18125000000000002,0.58125,0.10535156250000002
0.23125,0.521875,0.12068359375
0.24375000000000002,0.40625,0.0990234375
0.309375,0.5125000000000001,0.1585546875
0.25625000000000003,0.584375,0.14974609375
0.31875000000000003,0.4625,0.14742187500000004
0.34687500000000004,0.42500000000000004,0.14742187500000004
0.2,0.59375,0.11875000000000001
0.225,0.565625,0.12726562500000002
0.18125000000000002,0.30625,0.05550781250000001
0.19062500000000002,0.521875,0.099482421875
0.225,0.278125,0.062578125
0.19687500000000002,0.30312500000000003,0.05967773437500001
0.325,0.371875,0.120859375
0.203125,0.553125,0.112353515625
0.111801,0.190031,0.021245655831
0.334375,0.35625,0.11912109374999999
0.15,0.353125,0.05296875
0.19687500000000002,0.49375,0.09720703125000002
0.2625,0.603125,0.1583203125
0.1375,0.284375,0.0391015625
0.2125,0.453125,0.0962890625
0.190625,0.321875,0.061357421875
0.2375,0.61875,0.146953125
0.14375,0.590625,0.08490234374999998
0.0375,0.30625,0.011484375
0.203125,0.47500000000000003,0.09648437500000001
0.23125,0.625,0.14453125
0.19687500000000002,0.45937500000000003,0.09043945312500001
0.178125,0.45625000000000004,0.08126953125000001
0.17500000000000002,0.45937500000000003,0.08039062500000001
0.19687500000000002,0.4625,0.09105468750000001
0.265625,0.53125,0.14111328125
0.16562500000000002,0.47500000000000003,0.07867187500000002
0.171875,0.28750000000000003,0.04941406250000001
0.134375,0.290625,0.039052734375
0.19062500000000002,0.47187500000000004,0.08995117187500001
0.332298,0.258567,0.085921296966
0.19062500000000002,0.53125,0.10126953125
0.259375,0.615625,0.15967773437500002
0.115625,0.278125,0.032158203125
0.14596273291925466,0.4423676012461059,0.0645691840328167
0.15527950310559005,0.4423676012461059,0.06869062131150712
0.18125000000000002,0.48125,0.08722656250000001
0.259375,0.65,0.16859375000000001
0.16875,0.46875,0.0791015625
0.215625,0.40937500000000004,0.08827148437500001
0.1625,0.390625,0.0634765625
0.203125,0.403125,0.08188476562500001
0.240625,0.603125,0.145126953125
0.115625,0.353125,0.040830078125
0.215625,0.6531250000000001,0.140830078125
0.20625000000000002,0.5375,0.11085937500000001
0.253125,0.6125,0.1550390625
0.259375,0.51875,0.13455078125000003
0.21250000000000002,0.48750000000000004,0.10359375000000003
0.15937500000000002,0.35625,0.05677734375000001
0.1875,0.509375,0.09550781250000001
0.23750000000000002,0.6843750000000001,0.16253906250000003
0.22812500000000002,0.659375,0.15041992187500003
0.16875,0.59375,0.10019531250000001
0.4,0.42812500000000003,0.17125
0.19375,0.49062500000000003,0.09505859375
0.17500000000000002,0.49375,0.08640625000000002
0.385093,0.442368,0.170352820224
0.223602,0.423676,0.094734800952
0.178125,0.4625,0.08238281250000001
0.253125,0.578125,0.146337890625
0.19687500000000002,0.4,0.07875000000000001
0.17500000000000002,0.42500000000000004,0.07437500000000001
0.18323,0.58567,0.1073123141
0.35000000000000003,0.55625,0.1946875
0.12812500000000002,0.253125,0.032431640625
0.19062500000000002,0.384375,0.07327148437500001
0.178125,0.540625,0.09629882812500001
0.19687500000000002,0.5750000000000001,0.11320312500000003
0.20625000000000002,0.578125,0.11923828125000001
0.16562500000000002,0.50625,0.08384765625000001
0.19062500000000002,0.446875,0.08518554687500002
0.22812500000000002,0.546875,0.12475585937500001
0.21875,0.41875,0.0916015625
0.1375,0.21250000000000002,0.029218750000000005
0.171875,0.265625,0.045654296875
0.24375000000000002,0.359375,0.08759765625
0.275,0.40937500000000004,0.11257812500000001
0.31875000000000003,0.44062500000000004,0.14044921875000002
0.28125,0.565625,0.15908203125
0.059375000000000004,0.43125,0.025605468750000002
0.203125,0.503125,0.102197265625
0.22187500000000002,0.503125,0.11163085937500002
0.15625,0.48750000000000004,0.076171875
0.295031,0.514019,0.151651539589
0.2,0.546875,0.109375
0.309375,0.603125,0.18659179687500002
0.240625,0.540625,0.130087890625
0.14375000000000002,0.371875,0.05345703125000001
0.23125,0.540625,0.12501953125
0.19375,0.584375,0.11322265625
0.171875,0.49062500000000003,0.08432617187500001
0.2,0.415625,0.083125
0.240625,0.53125,0.12783203125
0.2,0.48750000000000004,0.09750000000000002
0.18125000000000002,0.30625,0.05550781250000001
0.3375,0.253125,0.0854296875
0.17080745341614906,0.5015576323987538,0.08566978193146416
0.16770186335403725,0.4454828660436137,0.07470830672781098
0.18944099378881987,0.5638629283489096,0.10681875350709157
0.17500000000000002,0.296875,0.051953125
0.23750000000000002,0.6312500000000001,0.14992187500000004
0.315625,0.40625,0.12822265624999998
0.196875,0.546875,0.107666015625
0.2,0.509375,0.10187500000000001
0.225,0.65625,0.14765625000000002
0.1875,0.55,0.10312500000000001
0.1375,0.296875,0.040820312500000004
0.25625,0.471875,0.12091796875
0.24375000000000002,0.578125,0.14091796875
0.21250000000000002,0.546875,0.11621093750000001
0.16875,0.42812500000000003,0.07224609375
0.2,0.51875,0.10375000000000001
0.215625,0.484375,0.104443359375
0.21875,0.56875,0.12441406249999999
0.2,0.36875,0.07375000000000001
0.284375,0.359375,0.10219726562499999
0.248447,0.548287,0.136220260289
0.215625,0.47500000000000003,0.10242187500000001
0.19687500000000002,0.496875,0.09782226562500002
0.22187500000000002,0.55625,0.12341796875000001
0.26875,0.61875,0.1662890625
0.20625000000000002,0.634375,0.13083984375000002
0.209375,0.53125,0.11123046875
0.275,0.553125,0.15210937500000002
0.24844720496894407,0.5233644859813084,0.13002844372206418
0.259375,0.65,0.16859375000000001
0.215625,0.5906250000000001,0.12735351562500002
0.278125,0.6125,0.17035156250000003
0.22187500000000002,0.5625,0.12480468750000001
0.26875,0.571875,0.15369140625
0.2,0.48750000000000004,0.09750000000000002
0.19062500000000002,0.45937500000000003,0.08756835937500002
0.209375,0.540625,0.11319335937500001
0.2375,0.334375,0.0794140625
0.17500000000000002,0.609375,0.10664062500000002
0.19062500000000002,0.46875,0.08935546875000001
0.1625,0.384375,0.06246093750000001
0.153125,0.553125,0.084697265625
0.209375,0.640625,0.134130859375
0.19062500000000002,0.515625,0.098291015625
0.278125,0.628125,0.17469726562500001
0.15625,0.25,0.0390625
0.17500000000000002,0.403125,0.07054687500000001
0.225,0.496875,0.111796875
0.19062500000000002,0.225,0.042890625
0.11875000000000001,0.18125000000000002,0.021523437500000003
0.203125,0.546875,0.111083984375
0.15625,0.234375,0.03662109375
0.259375,0.5437500000000001,0.14103515625000002
0.2625,0.540625,0.14191406250000002
0.384375,0.30312500000000003,0.11651367187500002
0.109375,0.225,0.024609375
0.19062500000000002,0.515625,0.098291015625
0.2,0.596875,0.11937500000000001
0.275,0.534375,0.14695312500000002
0.2,0.49375,0.09875
0.15625,0.5,0.078125
0.20625000000000002,0.659375,0.13599609375000002
0.2,0.484375,0.096875
0.275,0.48125,0.13234375
0.20625000000000002,0.48750000000000004,0.10054687500000002
0.215625,0.596875,0.12870117187500002
0.12812500000000002,0.328125,0.042041015625000004
0.31562500000000004,0.6375000000000001,0.20121093750000005
0.36562500000000003,0.284375,0.103974609375
0.109375,0.48750000000000004,0.05332031250000001
0.240625,0.68125,0.16392578125
0.209375,0.56875,0.11908203125
0.12812500000000002,0.4375,0.056054687500000006
0.18125000000000002,0.34687500000000004,0.06287109375000001
0.234375,0.625,0.146484375
0.2,0.240625,0.048125
0.3375,0.3375,0.11390625000000001
0.3375,0.253125,0.0854296875
0.390625,0.446875,0.174560546875
0.26875,0.478125,0.12849609375
0.134375,0.471875,0.06340820312499999
0.43125,0.42500000000000004,0.18328125000000003
0.06875,0.403125,0.027714843750000002
0.13125,0.534375,0.07013671875000001
0.21875,0.4,0.08750000000000001
0.11875,0.26875,0.0319140625
0.16875,0.546875,0.09228515625
0.234375,0.571875,0.134033203125
0.203125,0.5375,0.1091796875
0.446875,0.453125,0.20249023437500002
0.278125,0.60625,0.16861328125
0.171875,0.275,0.047265625000000006
0.178125,0.35,0.062343749999999996
0.16562500000000002,0.603125,0.09989257812500002
0.15625,0.35000000000000003,0.05468750000000001
0.18125000000000002,0.353125,0.06400390625
0.19687500000000002,0.48750000000000004,0.09597656250000001
0.16875,0.50625,0.0854296875
0.23750000000000002,0.44062500000000004,0.10464843750000002
0.203125,0.453125,0.092041015625
0.22049689440993786,0.45794392523364486,0.10097521332791547
0.4,0.39375000000000004,0.15750000000000003
0.31875000000000003,0.4625,0.14742187500000004
0.265625,0.565625,0.15024414062500002
0.41250000000000003,0.375,0.1546875
0.284375,0.56875,0.16173828124999998
0.1875,0.48125,0.090234375
0.14375000000000002,0.3375,0.04851562500000001
0.178125,0.421875,0.075146484375
0.171875,0.53125,0.09130859375
0.1625,0.31875000000000003,0.051796875000000006
0.309375,0.4,0.12375000000000001
0.18125000000000002,0.46875,0.08496093750000001
0.203125,0.46875,0.09521484375
0.215625,0.47187500000000004,0.10174804687500001
0.19062500000000002,0.296875,0.056591796875
0.25625000000000003,0.571875,0.14654296875000003
0.22812500000000002,0.5593750000000001,0.12760742187500002
0.24375000000000002,0.58125,0.1416796875
0.14596273291925466,0.3582554517133956,0.0522919448153093
0.13354037267080746,0.35202492211838005,0.04700953928910044
0.246875,0.634375,0.156611328125
0.16875,0.509375,0.08595703125000001
0.2,0.509375,0.10187500000000001
0.2125,0.53125,0.112890625
0.2375,0.4875,0.11578124999999999
0.20625,0.584375,0.12052734374999999
0.20625000000000002,0.553125,0.11408203125000001
0.16562500000000002,0.47500000000000003,0.07867187500000002
0.1875,0.49062500000000003,0.0919921875
0.24375000000000002,0.5593750000000001,0.13634765625000003
0.178125,0.453125,0.080712890625
0.2625,0.603125,0.1583203125
0.325,0.5125,0.1665625
0.30625,0.540625,0.16556640625000002
0.08125,0.16875,0.013710937500000001
0.21875,0.55625,0.12167968750000001
0.221875,0.584375,0.12965820312499998
0.10625,0.65,0.0690625
0.21875,0.5375,0.11757812499999999
0.21875,0.503125,0.11005859375000002
0.359375,0.48125,0.17294921875
0.1875,0.371875,0.0697265625
0.240625,0.55,0.13234375
0.24375000000000002,0.55,0.13406250000000003
0.1875,0.278125,0.052148437500000006
0.17500000000000002,0.515625,0.090234375
0.21875,0.565625,0.12373046875000002
0.209375,0.5875,0.12300781250000001
0.24375,0.634375,0.15462890625
0.171875,0.309375,0.053173828125
0.178125,0.465625,0.082939453125
0.275,0.546875,0.150390625
0.184375,0.503125,0.09276367187500001
0.303125,0.609375,0.18471679687499998
0.184375,0.3375,0.062226562500000006
0.21875,0.434375,0.09501953125
0.196875,0.415625,0.081826171875
0.209375,0.596875,0.12497070312500001
0.35625,0.465625,0.16587890625
0.278125,0.55625,0.15470703125000002
0.228125,0.325,0.074140625
0.198758,0.554517,0.110214689886
0.248447,0.320872,0.079719685784
0.278125,0.64375,0.17904296875000003
0.21250000000000002,0.50625,0.10757812500000001
0.2,0.534375,0.10687500000000001
0.153125,0.275,0.042109375000000004
0.2,0.3875,0.07750000000000001
0.18125000000000002,0.6125,0.11101562500000002
0.39687500000000003,0.509375,0.20215820312500002
0.1875,0.49375,0.09257812500000001
0.2,0.625,0.125
0.184375,0.4,0.07375000000000001
0.18125000000000002,0.5125000000000001,0.09289062500000002
0.259375,0.609375,0.15805664062500002
0.17500000000000002,0.478125,0.083671875
0.30625,0.565625,0.17322265625000002
0.171875,0.503125,0.08647460937500001
0.25,0.584375,0.14609375
0.203125,0.55625,0.11298828125
0.15937500000000002,0.359375,0.057275390625000006
0.203125,0.55,0.11171875
0.215625,0.384375,0.082880859375
0.25,0.234375,0.05859375
0.21250000000000002,0.553125,0.11753906250000001
0.234375,0.64375,0.15087890625
0.234375,0.6156250000000001,0.14428710937500003
0.2,0.48750000000000004,0.09750000000000002
0.21875,0.509375,0.11142578125000001
0.16875,0.36875,0.062226562500000006
0.44375000000000003,0.44375000000000003,0.19691406250000004
0.340625,0.40937500000000004,0.13944335937500002
0.321875,0.434375,0.13981445312500002
0.171875,0.35625,0.06123046875
0.12187500000000001,0.6125,0.07464843750000001
0.171875,0.53125,0.09130859375
0.23750000000000002,0.4375,0.10390625
0.246875,0.23125,0.05708984375000001
0.203125,0.371875,0.07553710937500001
0.234375,0.353125,0.082763671875
0.19375,0.50625,0.0980859375
0.25,0.47187500000000004,0.11796875000000001
0.203125,0.48750000000000004,0.0990234375
0.16562500000000002,0.47187500000000004,0.07815429687500001
0.10625000000000001,0.259375,0.027558593750000006
0.171875,0.51875,0.08916015625000001
0.1625,0.22187500000000002,0.0360546875
0.16875,0.275,0.04640625000000001
0.27187500000000003,0.5875,0.15972656250000003
0.12187500000000001,0.253125,0.030849609375
0.184375,0.40937500000000004,0.075478515625
0.16875,0.38125,0.0643359375
0.296875,0.365625,0.10854492187499999
0.209375,0.5875,0.12300781250000001
0.08125,0.515625,0.04189453125
0.15625,0.446875,0.06982421875
0.309375,0.51875,0.16048828125000003
0.353125,0.509375,0.17987304687500003
0.071875,0.271875,0.019541015624999998
0.290625,0.53125,0.15439453125000002
0.246875,0.5875,0.1450390625
0.2625,0.603125,0.1583203125
0.3125,0.59375,0.185546875
0.246875,0.603125,0.148896484375
0.16875,0.6875,0.11601562500000001
0.203125,0.634375,0.12885742187500002
0.21875,0.50625,0.11074218749999999
0.20807453416149066,0.5607476635514018,0.11667730887560222
0.19062500000000002,0.521875,0.099482421875
0.2,0.56875,0.11375
0.19062500000000002,0.465625,0.08875976562500001
0.16875,0.515625,0.08701171875000001
0.203125,0.525,0.106640625
0.31562500000000004,0.634375,0.20022460937500003
0.171875,0.56875,0.09775390625
0.19062500000000002,0.540625,0.10305664062500001
0.19062500000000002,0.45937500000000003,0.08756835937500002
0.234375,0.653125,0.153076171875
0.265625,0.55625,0.14775390625
0.184375,0.453125,0.08354492187500001
0.265625,0.45625000000000004,0.12119140625000001
0.325,0.275,0.08937500000000001
0.19062500000000002,0.503125,0.09590820312500002
0.440625,0.375,0.165234375
0.2670807453416149,0.5950155763239875,0.15891720361448114
0.184375,0.453125,0.08354492187500001
0.20625000000000002,0.525,0.10828125000000001
0.16875,0.4,0.0675
0.209375,0.515625,0.107958984375
0.178125,0.484375,0.08627929687500001
0.2625,0.209375,0.0549609375
0.23125,0.50625,0.1170703125
0.159375,0.365625,0.058271484374999995
0.05625,0.203125,0.011425781250000001
0.1625,0.609375,0.0990234375
0.309375,0.45937500000000003,0.14211914062500003
0.21250000000000002,0.45,0.09562500000000002
0.21250000000000002,0.47500000000000003,0.10093750000000001
0.115625,0.22187500000000002,0.025654296875000003
0.240625,0.65625,0.15791015625000002
0.19687500000000002,0.47500000000000003,0.09351562500000002
0.240625,0.50625,0.12181640625
0.15937500000000002,0.30312500000000003,0.04831054687500001
0.146875,0.446875,0.06563476562500001
0.19375,0.42812500000000003,0.08294921875000001
0.15937500000000002,0.34375,0.05478515625000001
0.19687500000000002,0.49375,0.09720703125000002
0.203125,0.5906250000000001,0.11997070312500001
0.203125,0.5875,0.1193359375
0.290625,0.5875,0.17074218750000003
0.209375,0.35625,0.07458984375000001
0.171875,0.553125,0.095068359375
0.178125,0.53125,0.09462890625
0.203125,0.584375,0.118701171875
0.234375,0.525,0.123046875
0.215625,0.4,0.08625000000000001
0.23602484472049687,0.616822429906542,0.14558541823881113
0.18322981366459626,0.3707165109034268,0.06792631721522416
0.40937500000000004,0.45625000000000004,0.18677734375000005
0.31562500000000004,0.521875,0.16471679687500002
0.209375,0.36562500000000003,0.07655273437500001
0.19687500000000002,0.496875,0.09782226562500002
0.19375,0.55,0.10656250000000002
0.2,0.484375,0.096875
0.209375,0.353125,0.07393554687500001
0.278125,0.6375000000000001,0.17730468750000003
0.19062500000000002,0.478125,0.09114257812500001
0.171875,0.484375,0.083251953125
0.371875,0.434375,0.161533203125
0.2,0.46875,0.09375
0.19687500000000002,0.515625,0.10151367187500002
0.25,0.5375,0.134375
0.2,0.546875,0.109375
0.371875,0.5750000000000001,0.21382812500000004
0.3125,0.48125,0.150390625
0.23125,0.55625,0.1286328125
0.109375,0.23750000000000002,0.0259765625
0.153125,0.30312500000000003,0.04641601562500001
0.290625,0.309375,0.08991210937500001
0.19062500000000002,0.36250000000000004,0.06910156250000002
0.371875,0.47500000000000003,0.17664062500000002
0.2,0.33437500000000003,0.066875
0.19687500000000002,0.36875,0.07259765625000002
0.15000000000000002,0.48125,0.07218750000000002
0.234375,0.665625,0.156005859375
0.15625,0.21875,0.0341796875
0.21875,0.45937500000000003,0.10048828125
0.28125,0.5375,0.15117187499999998
0.325,0.5906250000000001,0.19195312500000003
0.103125,0.353125,0.036416015625
0.11875,0.440625,0.05232421875
0.19687500000000002,0.55,0.10828125000000002
0.20625000000000002,0.49375,0.10183593750000001
0.19062500000000002,0.503125,0.09590820312500002
0.22187500000000002,0.55,0.12203125000000002
0.13125,0.43125,0.05660156250000001
0.14375000000000002,0.48750000000000004,0.07007812500000002
0.1625,0.55,0.08937500000000001
0.24375000000000002,0.634375,0.15462890625000003
0.209375,0.59375,0.12431640625
0.225,0.5,0.1125
0.178125,0.253125,0.045087890625
0.221875,0.30625,0.06794921875
0.196875,0.3375,0.0664453125
0.15625,0.36875,0.0576171875
0.19375,0.578125,0.11201171875
0.33125,0.4125,0.136640625
0.3125,0.615625,0.1923828125
0.34472,0.34891,0.12027625520000002
0.234375,0.5750000000000001,0.13476562500000003
0.25625000000000003,0.6125,0.15695312500000003
0.275,0.278125,0.07648437500000001
0.30312500000000003,0.5625,0.17050781250000002
0.1625,0.49062500000000003,0.07972656250000001
0.18125000000000002,0.5281250000000001,0.09572265625000002
0.1875,0.503125,0.09433593750000001
0.253125,0.640625,0.16215820312499998
0.1625,0.565625,0.0919140625
0.27187500000000003,0.61875,0.16822265625000002
0.178125,0.453125,0.080712890625
0.184375,0.45937500000000003,0.08469726562500002
0.2329192546583851,0.5046728971962616,0.11754803506124106
0.21875,0.55625,0.12167968750000001
0.1875,0.5625,0.10546875
0.2625,0.5,0.13125
0.1875,0.359375,0.0673828125
0.359375,0.609375,0.218994140625
0.11875000000000001,0.290625,0.03451171875
0.1,0.253125,0.0253125
0.1875,0.44375000000000003,0.083203125
0.17500000000000002,0.434375,0.076015625
0.371875,0.55625,0.20685546875000002
0.25625000000000003,0.53125,0.1361328125
0.325,0.55625,0.18078125
0.203125,0.16875,0.03427734375
0.19375,0.465625,0.09021484375000001
0.15625,0.28125,0.0439453125
0.18125000000000002,0.384375,0.06966796875000002
0.284375,0.51875,0.14751953125
0.19375,0.453125,0.08779296875
0.278125,0.359375,0.09995117187500001
0.171875,0.390625,0.067138671875
0.20496894409937888,0.48598130841121495,0.09961107563708133
0.23750000000000002,0.465625,0.11058593750000001
0.209375,0.525,0.109921875
0.259375,0.5,0.1296875
0.26875,0.515625,0.13857421875
0.184375,0.16875,0.031113281250000003
0.21250000000000002,0.59375,0.12617187500000002
0.240625,0.625,0.150390625
0.13125,0.5437500000000001,0.07136718750000001
0.240625,0.44062500000000004,0.10602539062500001
0.2857142857142857,0.43613707165109034,0.12461059190031151
0.23125,0.49062500000000003,0.11345703125
0.24375000000000002,0.521875,0.12720703125000002
0.203125,0.30625,0.06220703125
0.1875,0.5125000000000001,0.09609375
0.20625000000000002,0.578125,0.11923828125000001
0.18125000000000002,0.5875,0.10648437500000002
0.209375,0.56875,0.11908203125
0.153125,0.36875,0.05646484375000001
0.21875,0.3375,0.07382812500000001
0.11875000000000001,0.234375,0.027832031250000003
0.21250000000000002,0.51875,0.11023437500000002
0.28125,0.55,0.1546875
0.290625,0.47500000000000003,0.138046875
0.178125,0.3375,0.06011718750000001
0.225,0.58125,0.13078125000000002
0.409375,0.36875,0.15095703125
0.22812500000000002,0.546875,0.12475585937500001
0.240625,0.578125,0.13911132812500002
0.21250000000000002,0.5375,0.11421875000000001
0.278125,0.53125,0.14775390625
0.225,0.546875,0.123046875
0.225,0.6,0.135
0.153125,0.425,0.065078125
0.196875,0.4875,0.0959765625
0.240625,0.603125,0.145126953125
0.246875,0.625,0.154296875
0.2375,0.4875,0.11578124999999999
0.11875,0.271875,0.032285156249999995
0.16562500000000002,0.275,0.04554687500000001
0.20625000000000002,0.46875,0.09667968750000001
0.196875,0.490625,0.096591796875
0.153125,0.4125,0.0631640625
0.3125,0.515625,0.1611328125
0.31562500000000004,0.515625,0.16274414062500003
0.178125,0.3875,0.0690234375
0.19687500000000002,0.49375,0.09720703125000002
0.240625,0.53125,0.12783203125
0.13125,0.5,0.065625
0.15937500000000002,0.353125,0.05627929687500001
0.20625,0.578125,0.11923828125
0.23750000000000002,0.53125,0.12617187500000002
0.259375,0.5875,0.15238281250000002
0.203125,0.503125,0.102197265625
0.22187500000000002,0.36875,0.08181640625000001
0.16875,0.44062500000000004,0.07435546875000001
0.16562500000000002,0.41250000000000003,0.06832031250000001
0.146875,0.30312500000000003,0.044521484375
0.225,0.546875,0.123046875
0.36875,0.48125,0.17746093750000003
0.371875,0.4375,0.1626953125
0.23750000000000002,0.525,0.12468750000000002
0.384375,0.38125000000000003,0.14654296875000003
0.4,0.4875,0.195
0.25625,0.540625,0.13853515624999999
0.175,0.40625,0.07109375
0.203125,0.49062500000000003,0.09965820312500001
0.171875,0.484375,0.083251953125
0.20625000000000002,0.578125,0.11923828125000001
0.275,0.565625,0.15554687500000003
0.19062500000000002,0.553125,0.105439453125
0.184375,0.35625,0.06568359375
0.053125000000000006,0.325,0.017265625000000003
0.21118,0.616822,0.13026046996
0.201863,0.330218,0.066658796134
0.2,0.36875,0.07375000000000001
0.41875,0.484375,0.20283203125000002
0.259375,0.578125,0.149951171875
0.3625,0.409375,0.14839843749999998
0.25,0.59375,0.1484375
0.225,0.53125,0.11953125
0.165625,0.44375,0.07349609374999999
0.175,0.51875,0.09078125000000001
0.2,0.3875,0.07750000000000001
0.1875,0.359375,0.0673828125
0.1875,0.353125,0.06621093750000001
0.16149068322981366,0.43613707165109034,0.07043207368278477
0.18012422360248445,0.45794392523364486,0.08248679398618447
0.1375,0.278125,0.038242187500000004
0.275,0.5875,0.16156250000000003
0.209375,0.55,0.11515625000000002
0.23125,0.546875,0.12646484375
0.18125,0.53125,0.0962890625
0.2125,0.55,0.116875
0.06875,0.509375,0.035019531250000006
0.24375000000000002,0.603125,0.14701171875000002
0.372671,0.336449,0.125384785279
0.19375,0.36250000000000004,0.07023437500000002
0.279503,0.523364,0.146281808092
0.30625,0.19375,0.059335937500000005
0.146875,0.265625,0.039013671875
0.25,0.6375000000000001,0.15937500000000002
0.25625,0.15625,0.0400390625
0.246875,0.64375,0.15892578125
0.246875,0.640625,0.15815429687500002
0.24375,0.634375,0.15462890625
0.19062500000000002,0.47500000000000003,0.09054687500000001
0.1625,0.43125,0.070078125
0.2125,0.625,0.1328125
0.221875,0.625,0.138671875
0.209375,0.321875,0.067392578125
0.178125,0.4625,0.08238281250000001
0.25625,0.271875,0.06966796874999999
0.19687500000000002,0.48750000000000004,0.09597656250000001
0.20625000000000002,0.43125,0.08894531250000001
0.21250000000000002,0.546875,0.11621093750000001
0.23750000000000002,0.59375,0.141015625
0.203125,0.5375,0.1091796875
0.146875,0.2625,0.038554687500000004
0.20807453416149066,0.5887850467289719,0.12251117431938234
0.246875,0.596875,0.14735351562500001
0.26875,0.55,0.1478125
0.16562500000000002,0.23750000000000002,0.03933593750000001
0.23750000000000002,0.603125,0.1432421875
0.16562500000000002,0.40625,0.06728515625
0.13975155279503104,0.4205607476635514,0.05877401753062053
0.121118,0.224299,0.027166646282
0.171875,0.48750000000000004,0.08378906250000001
0.0875,0.478125,0.041835937499999996
0.159375,0.3125,0.0498046875
0.21875,0.546875,0.11962890625
0.246875,0.5625,0.13886718750000002
0.1875,0.353125,0.06621093750000001
0.184375,0.45,0.08296875000000001
0.189441,0.557632,0.105638363712
0.229814,0.542056,0.12457205758399999
0.209375,0.565625,0.11842773437500001
0.153125,0.30312500000000003,0.04641601562500001
0.234375,0.39375000000000004,0.09228515625000001
0.15625,0.4,0.0625
0.24375000000000002,0.36875,0.08988281250000002
0.1375,0.30000000000000004,0.04125000000000001
0.19062500000000002,0.253125,0.048251953125000004
0.16562500000000002,0.259375,0.04295898437500001
0.18125000000000002,0.25,0.045312500000000006
0.16875,0.496875,0.08384765625000001
0.171875,0.546875,0.093994140625
0.1875,0.553125,0.10371093749999999
0.21875,0.571875,0.12509765625
0.2,0.584375,0.116875
0.3875,0.446875,0.17316406250000002
0.240625,0.41250000000000003,0.09925781250000001
0.19062500000000002,0.55625,0.10603515625000001
0.225,0.38125000000000003,0.08578125
0.178125,0.275,0.048984375000000004
0.178125,0.46875,0.08349609375
0.225,0.546875,0.123046875
0.265625,0.5875,0.1560546875
0.19062500000000002,0.565625,0.10782226562500002
0.284375,0.17500000000000002,0.049765625
0.20625000000000002,0.415625,0.08572265625000001
0.24375000000000002,0.59375,0.14472656250000002
0.203125,0.55625,0.11298828125
0.196875,0.371875,0.073212890625
0.209375,0.503125,0.10534179687500002
0.16875,0.321875,0.054316406250000004
0.15625,0.453125,0.07080078125
0.22187500000000002,0.584375,0.129658203125
0.246875,0.603125,0.148896484375
0.1875,0.521875,0.09785156249999999
0.22812500000000002,0.5593750000000001,0.12760742187500002
0.215625,0.521875,0.112529296875
0.3875,0.40937500000000004,0.15863281250000003
0.296875,0.45625000000000004,0.13544921875000002
0.30625,0.540625,0.16556640625000002
0.190625,0.30625,0.05837890625
0.153125,0.603125,0.09235351562500001
0.184375,0.35625,0.06568359375
0.209375,0.609375,0.127587890625
0.2375,0.34375,0.081640625
0.175,0.384375,0.067265625
0.15625,0.509375,0.07958984375
0.328125,0.353125,0.115869140625
0.16875,0.53125,0.08964843750000001
0.23125,0.56875,0.1315234375
0.259375,0.615625,0.15967773437500002
0.1875,0.571875,0.10722656250000001
0.25,0.503125,0.12578125
0.215625,0.6375,0.1374609375
0.159375,0.534375,0.08516601562500001
0.203125,0.43125,0.08759765625
0.16875,0.321875,0.054316406250000004
0.2125,0.3875,0.08234375
0.2625,0.6125,0.16078125000000001
0.242236,0.601246,0.145643426056
0.18323,0.566978,0.10388737894
0.19687500000000002,0.565625,0.11135742187500001
0.19687500000000002,0.584375,0.115048828125
0.16875,0.578125,0.09755859375
0.21250000000000002,0.64375,0.136796875
0.19375,0.478125,0.09263671875000001
0.19062500000000002,0.515625,0.098291015625
0.19062500000000002,0.47500000000000003,0.09054687500000001
0.140625,0.509375,0.07163085937500001
0.25,0.665625,0.16640625
0.19687500000000002,0.609375,0.11997070312500001
0.18125000000000002,0.51875,0.09402343750000001
0.240625,0.478125,0.115048828125
0.146875,0.31875000000000003,0.046816406250000005
0.225,0.49062500000000003,0.110390625
0.21875,0.553125,0.12099609374999999
0.26875,0.546875,0.14697265625
0.178125,0.46875,0.08349609375
0.25,0.578125,0.14453125
0.359375,0.53125,0.19091796875
0.1375,0.290625,0.03996093750000001
0.19375,0.35000000000000003,0.06781250000000001
0.215625,0.55,0.11859375000000001
0.18633540372670807,0.514018691588785,0.0957798804202705
0.19254658385093165,0.4953271028037383,0.09537354153363904
0.23125,0.61875,0.1430859375
0.253125,0.59375,0.15029296875
0.19375,0.28125,0.054492187500000004
0.140625,0.396875,0.055810546875
0.209375,0.553125,0.115810546875
0.278125,0.471875,0.13124023437500001
0.25,0.640625,0.16015625
0.24375000000000002,0.5875,0.14320312500000001
0.25,0.59375,0.1484375
0.279503,0.657321,0.183723191463
0.178125,0.36875,0.06568359375
0.18125000000000002,0.321875,0.05833984375000001
0.3375,0.29375,0.09914062500000001
0.215625,0.375,0.08085937500000001
0.49375,0.40625,0.2005859375
0.31562500000000004,0.53125,0.16767578125000002
0.20625000000000002,0.24375000000000002,0.05027343750000001
0.20625000000000002,0.43125,0.08894531250000001
0.251553,0.482866,0.12146639089800002
0.24375000000000002,0.515625,0.12568359375000002
0.19375,0.615625,0.11927734375
0.228125,0.6125,0.1397265625
0.171875,0.65,0.11171875
0.234375,0.30625,0.07177734375
0.2,0.35625,0.07125000000000001
0.240625,0.425,0.102265625
0.115625,0.571875,0.06612304687500001
0.26875,0.653125,0.17552734374999998
0.20625000000000002,0.503125,0.10376953125000002
0.1375,0.6000000000000001,0.08250000000000002
0.290625,0.246875,0.07174804687500001
0.209375,0.5906250000000001,0.12366210937500002
0.209375,0.44375000000000003,0.09291015625000001
0.171875,0.42812500000000003,0.07358398437500001
0.1875,0.55625,0.10429687500000001
0.19375,0.521875,0.10111328124999999
0.153125,0.3875,0.059335937500000005
0.16875,0.44375000000000003,0.0748828125
0.16562500000000002,0.4,0.06625000000000002
0.19687500000000002,0.525,0.10335937500000002
0.178125,0.50625,0.09017578125
0.19687500000000002,0.478125,0.09413085937500001
0.515625,0.496875,0.256201171875
0.25625000000000003,0.2625,0.06726562500000001
0.184375,0.45,0.08296875000000001
0.234375,0.58125,0.13623046875
0.22812500000000002,0.55,0.12546875000000002
0.278125,0.55,0.15296875000000001
0.23125,0.525,0.12140625000000001
0.2,0.5750000000000001,0.11500000000000002
0.184375,0.49062500000000003,0.09045898437500001
0.21875,0.534375,0.11689453125000002
0.115625,0.596875,0.069013671875
0.16875,0.309375,0.05220703125000001
0.1625,0.259375,0.042148437500000004
0.2,0.290625,0.05812500000000001
0.178125,0.3125,0.0556640625
0.19062500000000002,0.55,0.10484375000000001
0.146875,0.48125,0.07068359375000001
0.153125,0.49062500000000003,0.075126953125
0.24375000000000002,0.584375,0.14244140625
0.153125,0.40625,0.06220703125
0.18125,0.5625,0.10195312499999999
0.315625,0.6125,0.1933203125
0.10625,0.596875,0.06341796875
0.178125,0.41875,0.07458984375000001
0.171875,0.446875,0.076806640625
0.140625,0.2625,0.036914062500000004
0.190625,0.415625,0.079228515625
0.196875,0.246875,0.048603515625
0.2,0.546875,0.109375
0.196875,0.546875,0.107666015625
0.2875,0.59375,0.17070312499999998
0.2,0.209375,0.041875
0.196875,0.309375,0.060908203125
0.259375,0.60625,0.15724609375
0.28125,0.503125,0.14150390625
0.1875,0.525,0.09843750000000001
0.134375,0.45625000000000004,0.06130859375
0.2625,0.609375,0.1599609375
0.196875,0.525,0.103359375
0.19687500000000002,0.46875,0.09228515625000001
0.1875,0.5,0.09375
0.21875,0.540625,0.11826171875000001
0.24375000000000002,0.5625,0.137109375
0.21875,0.56875,0.12441406249999999
0.1875,0.525,0.09843750000000001
0.253125,0.525,0.132890625
0.23125,0.6062500000000001,0.14019531250000003
0.290625,0.6875,0.19980468750000002
0.21875,0.55625,0.12167968750000001
0.21875,0.540625,0.11826171875000001
0.234375,0.6156250000000001,0.14428710937500003
0.209375,0.496875,0.104033203125
0.2,0.5625,0.1125
0.2625,0.58125,0.152578125
0.1875,0.28125,0.052734375
0.296875,0.584375,0.173486328125
0.30312500000000003,0.22187500000000002,0.06725585937500002
0.23750000000000002,0.571875,0.1358203125
0.19062500000000002,0.47500000000000003,0.09054687500000001
0.234375,0.5,0.1171875
0.240625,0.490625,0.118056640625
0.22187500000000002,0.5875,0.13035156250000002
0.171875,0.31875000000000003,0.05478515625000001
0.4,0.384375,0.15375000000000003
0.184375,0.44375000000000003,0.08181640625000001
0.184375,0.565625,0.10428710937500002
0.178125,0.45,0.08015625
0.20625000000000002,0.56875,0.1173046875
0.165625,0.303125,0.050205078125
0.2625,0.50625,0.132890625
0.0875,0.50625,0.04429687499999999
0.4,0.50625,0.2025
0.20625,0.375,0.07734374999999999
0.18125,0.36875,0.0668359375
0.2875,0.5625,0.16171875
0.178125,0.3375,0.06011718750000001
0.16875,0.36875,0.062226562500000006
0.178125,0.50625,0.09017578125
0.146875,0.475,0.069765625
0.1875,0.296875,0.0556640625
0.1875,0.290625,0.054492187500000004
0.296875,0.46875,0.13916015625
0.359375,0.325,0.11679687500000001
0.13125,0.546875,0.07177734375
0.12812500000000002,0.30625,0.03923828125000001
0.189441,0.380062,0.071999325342
0.215625,0.51875,0.11185546875000002
0.071875,0.24375,0.017519531249999998
0.184375,0.521875,0.096220703125
0.325,0.565625,0.183828125
0.29375,0.35625,0.10464843750000001
0.184375,0.484375,0.089306640625
0.215625,0.525,0.11320312500000002
0.15625,0.47500000000000003,0.07421875
0.17500000000000002,0.421875,0.07382812500000001
0.153125,0.321875,0.049287109375000006
0.1875,0.45625000000000004,0.08554687500000001
0.33437500000000003,0.56875,0.19017578125
0.16875,0.434375,0.07330078125
0.18125,0.325,0.05890625
0.240625,0.64375,0.15490234375
0.146875,0.490625,0.072060546875
0.078125,0.534375,0.041748046875
0.209375,0.546875,0.114501953125
0.14375,0.484375,0.06962890625
0.171875,0.4625,0.0794921875
0.23125,0.553125,0.12791015625
0.290625,0.59375,0.17255859375000002
0.17080745341614906,0.5077881619937694,0.08673400282502272
0.21118012422360247,0.5109034267912772,0.10789264913604611
0.23125,0.55,0.1271875
0.19375,0.5281250000000001,0.10232421875000001
0.225,0.5375,0.1209375
0.134375,0.265625,0.035693359375
0.15000000000000002,0.3125,0.04687500000000001
0.246875,0.49375,0.12189453125000001
0.19375,0.353125,0.06841796875
0.215625,0.3375,0.07277343750000001
0.403125,0.365625,0.147392578125
0.19375,0.36562500000000003,0.07083984375
0.034161,0.433022,0.014792464541999999
0.19375,0.515625,0.09990234375
0.16562500000000002,0.503125,0.08333007812500001
0.16875,0.47500000000000003,0.08015625000000001
0.209375,0.484375,0.10141601562500001
0.17500000000000002,0.45,0.07875000000000001
0.25625,0.615625,0.15775390625
0.265625,0.346875,0.092138671875
0.217391,0.485981,0.105647895571
0.282609,0.492212,0.139103541108
0.31677,0.510903,0.16183874331
0.19687500000000002,0.51875,0.10212890625000003
0.253125,0.375,0.09492187499999999
0.284375,0.37812500000000004,0.10752929687500001
0.209375,0.509375,0.10665039062500001
0.19687500000000002,0.540625,0.10643554687500002
0.19375,0.434375,0.08416015625
0.16770186335403725,0.24922118380062305,0.04179485691066349
0.16459627329192544,0.34890965732087226,0.057429229310578346
0.2,0.35,0.06999999999999999
0.221875,0.365625,0.081123046875
0.171875,0.496875,0.085400390625
0.2625,0.540625,0.14191406250000002
0.19375,0.3375,0.06539062500000001
0.36875,0.484375,0.17861328125
0.22187500000000002,0.578125,0.12827148437500002
0.21875,0.40625,0.0888671875
0.240625,0.503125,0.12106445312500001
0.171875,0.49375,0.08486328125
0.23125,0.5625,0.13007812500000002
0.184375,0.55625,0.10255859375000001
0.21875,0.25625000000000003,0.056054687500000006
0.20625000000000002,0.546875,0.11279296875000001
0.184375,0.51875,0.09564453125000001
0.171875,0.30312500000000003,0.05209960937500001
0.2625,0.65625,0.172265625
0.15625,0.515625,0.08056640625
0.19062500000000002,0.58125,0.11080078125000002
0.24375000000000002,0.58125,0.1416796875
0.19375,0.40625,0.07871093750000001
0.16875,0.5625,0.094921875
0.1375,0.609375,0.08378906250000001
0.307453,0.635514,0.195390685842
0.153125,0.31875000000000003,0.04880859375000001
0.19375,0.47187500000000004,0.09142578125
0.17500000000000002,0.40625,0.07109375000000001
0.23125,0.47187500000000004,0.10912109375000001
0.503125,0.38125000000000003,0.19181640625000004
0.353125,0.53125,0.18759765625000002
0.178125,0.40625,0.07236328125000001
0.234375,0.3875,0.0908203125
0.20625000000000002,0.534375,0.11021484375000001
0.24375,0.578125,0.14091796874999998
0.165625,0.33125,0.05486328125
0.26875,0.40625,0.1091796875
0.378125,0.33125,0.12525390625
0.31875000000000003,0.584375,0.18626953125
0.2,0.515625,0.10312500000000001
0.2,0.6125,0.12250000000000001
0.1875,0.525,0.09843750000000001
0.19687500000000002,0.515625,0.10151367187500002
0.18125000000000002,0.24375000000000002,0.04417968750000001
0.18125000000000002,0.55625,0.10082031250000002
0.184375,0.34375,0.06337890625
0.17500000000000002,0.58125,0.10171875000000001
0.2,0.584375,0.116875
0.1625,0.421875,0.0685546875
0.15625,0.46875,0.0732421875
0.240625,0.515625,0.124072265625
0.16562500000000002,0.584375,0.09678710937500001
0.19375,0.55625,0.10777343750000001
0.234375,0.5281250000000001,0.12377929687500001
0.29375,0.5625,0.16523437500000002
0.21250000000000002,0.3125,0.06640625
0.1875,0.50625,0.09492187499999999
0.24375000000000002,0.6468750000000001,0.15767578125000004
0.276398,0.529595,0.14637899881
0.16875,0.49062500000000003,0.08279296875000001
0.18125000000000002,0.578125,0.10478515625000001
0.19375,0.375,0.07265625
0.18125000000000002,0.4625,0.08382812500000002
0.240625,0.42500000000000004,0.10226562500000001
0.36875,0.48125,0.17746093750000003
0.15625,0.30625,0.0478515625
0.24375000000000002,0.55625,0.13558593750000003
0.2,0.4,0.08000000000000002
0.125,0.59375,0.07421875
0.33125,0.6625,0.219453125
0.259375,0.50625,0.13130859375
0.203125,0.509375,0.103466796875
0.25625,0.3,0.07687499999999999
0.2,0.4,0.08000000000000002
0.18125,0.18125,0.0328515625
0.23125,0.4125,0.09539062499999999
0.21875,0.596875,0.13056640625000002
0.140625,0.55,0.07734375
0.178125,0.509375,0.09073242187500001
0.215625,0.5281250000000001,0.11387695312500001
0.203125,0.584375,0.118701171875
0.23125,0.621875,0.14380859375
0.2125,0.515625,0.1095703125
0.2125,0.259375,0.055117187500000005
0.296875,0.615625,0.182763671875
0.18125,0.24375,0.044179687499999995
0.1625,0.3625,0.05890625
0.16562500000000002,0.47500000000000003,0.07867187500000002
0.21875,0.465625,0.10185546875
0.215625,0.584375,0.126005859375
0.184375,0.45937500000000003,0.08469726562500002
0.16562500000000002,0.48125,0.07970703125000002
0.16562500000000002,0.48125,0.07970703125000002
0.25,0.453125,0.11328125
0.13125,0.4,0.052500000000000005
0.18125,0.490625,0.08892578124999999
0.190625,0.34375,0.06552734375
0.28125,0.53125,0.1494140625
0.353125,0.390625,0.137939453125
0.20625000000000002,0.603125,0.12439453125000001
0.19375,0.56875,0.1101953125
0.225,0.2625,0.059062500000000004
0.3875,0.41875,0.162265625
0.309375,0.546875,0.169189453125
0.171875,0.24375000000000002,0.041894531250000006
0.171875,0.48125,0.08271484375
0.203125,0.521875,0.106005859375
0.209375,0.49062500000000003,0.10272460937500001
0.21250000000000002,0.49375,0.10492187500000001
0.284375,0.628125,0.178623046875
0.2,0.415625,0.083125
0.215625,0.546875,0.117919921875
0.341615,0.224299,0.076623902885
0.23125,0.534375,0.12357421875000002
0.253125,0.546875,0.138427734375
0.14375000000000002,0.403125,0.05794921875000001
0.2,0.578125,0.115625
0.21875,0.525,0.11484375000000001
0.178125,0.5125000000000001,0.09128906250000002
0.18125000000000002,0.571875,0.10365234375000001
0.1875,0.45,0.084375
0.16562500000000002,0.515625,0.08540039062500002
0.16562500000000002,0.3875,0.06417968750000001
0.21875,0.53125,0.1162109375
0.34375,0.459375,0.15791015625
0.18125000000000002,0.47500000000000003,0.08609375000000001
0.22812500000000002,0.525,0.11976562500000001
0.246875,0.6125,0.15121093750000003
0.153125,0.41250000000000003,0.0631640625
0.18125,0.371875,0.06740234375
0.153125,0.2625,0.040195312500000004
0.178125,0.484375,0.08627929687500001
0.246875,0.30625,0.07560546875000002
0.128125,0.259375,0.033232421875
0.33125,0.5625,0.18632812499999998
0.2625,0.51875,0.13617187500000003
0.18125000000000002,0.51875,0.09402343750000001
0.22187500000000002,0.5375,0.1192578125
0.29375,0.446875,0.13126953125000002
0.36875,0.49375,0.18207031250000003
0.19062500000000002,0.4625,0.08816406250000001
0.26875,0.5750000000000001,0.15453125
0.29375,0.47500000000000003,0.13953125000000002
0.240625,0.515625,0.124072265625
0.146875,0.321875,0.047275390625000004
0.125,0.284375,0.035546875
0.171875,0.321875,0.055322265625000006
0.134375,0.209375,0.028134765625
0.203125,0.409375,0.08315429687499999
0.140625,0.328125,0.046142578125
0.228125,0.175,0.039921874999999996
0.209375,0.471875,0.098798828125
0.221875,0.278125,0.061708984375
0.215625,0.565625,0.12196289062500001
0.215625,0.38125,0.08220703124999999
0.15,0.29375,0.0440625
0.4875,0.384375,0.1873828125
0.1875,0.50625,0.09492187499999999
0.415625,0.396875,0.164951171875
0.20186335403726707,0.46105919003115264,0.09307095450939416
0.23125,0.584375,0.13513671875
0.19062500000000002,0.284375,0.054208984375000005
0.146875,0.47187500000000004,0.06930664062500001
0.2,0.5375,0.1075
0.203125,0.35000000000000003,0.07109375000000001
0.240625,0.55,0.13234375
0.30625,0.6125,0.18757812500000004
0.2,0.48125,0.09625
0.184375,0.521875,0.096220703125
0.18012422360248445,0.3987538940809969,0.07182523557980688
0.209375,0.525,0.109921875
0.384375,0.45625000000000004,0.17537109375000004
0.215625,0.5281250000000001,0.11387695312500001
0.390625,0.5625,0.2197265625
0.16875,0.41875,0.07066406250000001
0.384375,0.47187500000000004,0.18137695312500002
0.15625,0.290625,0.04541015625
0.25625000000000003,0.5750000000000001,0.14734375000000002
0.16562500000000002,0.434375,0.07194335937500002
0.3125,0.55625,0.173828125
0.409375,0.421875,0.172705078125
0.2625,0.509375,0.13371093750000002
0.209375,0.625,0.130859375
0.07500000000000001,0.55,0.04125000000000001
0.14375000000000002,0.259375,0.03728515625000001
0.140625,0.30625,0.04306640625
0.21875,0.509375,0.11142578125000001
0.18125000000000002,0.359375,0.06513671875
0.23125,0.603125,0.13947265625000002
0.259375,0.675,0.17507812500000003
0.23125,0.3875,0.089609375
0.175,0.33125,0.05796874999999999
0.128125,0.384375,0.049248046875
0.20625000000000002,0.55,0.11343750000000002
0.23750000000000002,0.540625,0.12839843750000002
0.171875,0.4625,0.0794921875
0.27187500000000003,0.55,0.14953125000000003
0.209375,0.5437500000000001,0.11384765625000001
0.209375,0.540625,0.11319335937500001
0.259375,0.603125,0.15643554687500003
0.240625,0.6125,0.14738281250000002
0.153125,0.41875,0.06412109375000001
0.08125,0.540625,0.043925781250000004
0.234375,0.61875,0.14501953125
0.225,0.46875,0.10546875
0.19687500000000002,0.515625,0.10151367187500002
0.335404,0.299065,0.10030759726
0.118012,0.127726,0.015073200712
0.184375,0.534375,0.09852539062500001
0.18125000000000002,0.478125,0.08666015625000001
0.284375,0.6375000000000001,0.18128906250000001
0.2,0.584375,0.116875
0.21250000000000002,0.609375,0.12949218750000002
0.12812500000000002,0.259375,0.03323242187500001
0.171875,0.296875,0.051025390625
0.25625000000000003,0.30625,0.07847656250000001
0.203125,0.671875,0.136474609375
0.246875,0.109375,0.027001953125000002
0.21875,0.640625,0.14013671875
0.265625,0.675,0.17929687500000002
0.16875,0.40625,0.0685546875
0.18125000000000002,0.5875,0.10648437500000002
0.16875,0.5375,0.090703125
0.16562500000000002,0.55,0.09109375000000001
0.171875,0.553125,0.095068359375
0.16875,0.47500000000000003,0.08015625000000001
0.321875,0.525,0.16898437500000002
0.19062500000000002,0.415625,0.07922851562500001
0.19687500000000002,0.39375000000000004,0.07751953125000002
0.4,0.615625,0.24625
0.19375,0.540625,0.10474609375
0.2,0.525,0.10500000000000001
0.40625,0.553125,0.22470703125
0.37812500000000004,0.33125000000000004,0.12525390625000002
0.18633540372670807,0.4766355140186916,0.08881407093515992
0.1625,0.259375,0.042148437500000004
0.180124,0.370717,0.06677502890800001
0.275,0.4375,0.12031250000000002
0.19375,0.42812500000000003,0.08294921875000001
0.375,0.278125,0.10429687500000001
0.303125,0.5,0.1515625
0.321875,0.146875,0.047275390625000004
0.21250000000000002,0.31875000000000003,0.06773437500000001
0.325,0.21875,0.07109375
0.30625,0.5125000000000001,0.15695312500000003
0.246875,0.41875,0.10337890625000001
0.15625,0.403125,0.06298828125
0.17500000000000002,0.446875,0.07820312500000001
0.22187500000000002,0.51875,0.11509765625000001
0.20625000000000002,0.49375,0.10183593750000001
0.1625,0.26875,0.043671875
0.29375,0.53125,0.1560546875
0.23750000000000002,0.5437500000000001,0.12914062500000004
0.209375,0.646875,0.135439453125
0.35,0.478125,0.16734374999999999
0.24375,0.61875,0.1508203125
0.15,0.546875,0.08203125
0.228125,0.6125,0.1397265625
0.253125,0.5375,0.1360546875
0.259375,0.53125,0.13779296875000002
0.190625,0.540625,0.103056640625
0.18125000000000002,0.353125,0.06400390625
0.2,0.51875,0.10375000000000001
0.225,0.478125,0.10757812500000001
0.2826086956521739,0.5887850467289719,0.166395774075579
0.25,0.553125,0.13828125
0.19062500000000002,0.259375,0.04944335937500001
0.15937500000000002,0.34687500000000004,0.05528320312500001
0.30625,0.515625,0.15791015625000002
0.353125,0.553125,0.195322265625
0.225,0.61875,0.13921875
0.13125,0.30312500000000003,0.03978515625000001
0.22812500000000002,0.55625,0.12689453125000003
0.1875,0.403125,0.0755859375
0.140625,0.30625,0.04306640625
0.15,0.303125,0.045468749999999995
0.21250000000000002,0.565625,0.12019531250000003
0.2,0.46875,0.09375
0.090625,0.55,0.04984375
0.203125,0.515625,0.104736328125
0.15625,0.29375,0.0458984375
0.21250000000000002,0.55,0.11687500000000002
0.125,0.30625,0.03828125
0.215625,0.45,0.09703125000000001
0.25,0.64375,0.1609375
0.146875,0.6062500000000001,0.08904296875
0.134375,0.56875,0.07642578124999999
0.359375,0.325,0.11679687500000001
0.19687500000000002,0.5125000000000001,0.10089843750000002
0.228125,0.496875,0.113349609375
0.178125,0.478125,0.08516601562500001
0.36875,0.515625,0.19013671875000002
0.309375,0.4375,0.1353515625
0.14375,0.590625,0.08490234374999998
0.215625,0.56875,0.12263671875
0.1375,0.303125,0.0416796875
0.171875,0.44375000000000003,0.07626953125000001
0.19687500000000002,0.47187500000000004,0.09290039062500002
0.18125000000000002,0.5375,0.097421875
0.1875,0.415625,0.07792968750000001
0.215625,0.58125,0.12533203125
0.328125,0.45625000000000004,0.14970703125
0.22187500000000002,0.5625,0.12480468750000001
0.18125000000000002,0.47187500000000004,0.08552734375000001
0.19375,0.6625,0.128359375
0.1625,0.478125,0.0776953125
0.360248,0.598131,0.215475496488
0.1375,0.290625,0.03996093750000001
0.184375,0.375,0.06914062500000001
0.225,0.36875,0.08296875000000001
0.19062500000000002,0.478125,0.09114257812500001
0.3125,0.49375,0.154296875
0.353125,0.453125,0.16000976562500002
0.30000000000000004,0.40625,0.12187500000000001
0.178125,0.3125,0.0556640625
0.2,0.49375,0.09875
0.203125,0.34375,0.06982421875
0.203125,0.47500000000000003,0.09648437500000001
0.203125,0.55,0.11171875
0.171875,0.375,0.064453125
0.203125,0.49375,0.10029296875
0.2125,0.375,0.0796875
0.196875,0.48125,0.09474609375
0.109375,0.559375,0.06118164062499999
0.29375,0.48125,0.14136718750000002
0.278125,0.41875,0.11646484375
0.192547,0.542056,0.10437125663199999
0.189441,0.545171,0.10327773941099999
0.158385,0.595016,0.09424160916
0.275,0.58125,0.15984375000000003
0.234375,0.625,0.146484375
0.290625,0.5375,0.1562109375
0.192547,0.168224,0.032391026528
0.240625,0.5906250000000001,0.14211914062500003
0.1875,0.309375,0.058007812500000006
0.159375,0.26875,0.04283203124999999
0.3125,0.5375,0.16796875
0.4125,0.515625,0.21269531249999998
0.184375,0.6125,0.11292968750000001
0.178125,0.40625,0.07236328125000001
0.171875,0.40625,0.06982421875
0.19375,0.609375,0.11806640625
0.184375,0.565625,0.10428710937500002
0.27187500000000003,0.146875,0.03993164062500001
0.23125,0.609375,0.14091796875
0.18125000000000002,0.29375,0.05324218750000001
0.19375,0.34375,0.0666015625
0.10559,0.17134,0.0180917906
0.254658,0.196262,0.049979688396
0.161491,0.17757,0.02867595687
0.21875,0.4875,0.106640625
0.159375,0.4625,0.0737109375
0.209375,0.58125,0.12169921875000002
0.24375000000000002,0.565625,0.13787109375000003
0.15625,0.30625,0.0478515625
0.16562500000000002,0.49375,0.08177734375000001
0.1625,0.68125,0.11070312500000001
0.26875,0.65,0.1746875
0.215625,0.584375,0.126005859375
0.20625000000000002,0.603125,0.12439453125000001
0.359375,0.246875,0.08872070312500001
0.140625,0.25625000000000003,0.036035156250000006
0.1625,0.41250000000000003,0.06703125000000001
0.15000000000000002,0.415625,0.06234375000000001
0.146875,0.4,0.058750000000000004
0.246875,0.509375,0.125751953125
0.2,0.465625,0.09312500000000001
0.328125,0.553125,0.181494140625
0.240625,0.59375,0.14287109375
0.178125,0.51875,0.09240234375
0.16875,0.509375,0.08595703125000001
0.109375,0.453125,0.049560546875
0.415625,0.4375,0.18183593750000002
0.203125,0.428125,0.086962890625
0.21875,0.359375,0.07861328125
0.24375000000000002,0.5906250000000001,0.14396484375000002
0.184375,0.321875,0.05934570312500001
0.21250000000000002,0.465625,0.09894531250000001
0.232919,0.573209,0.13351126707099997
0.28125,0.625,0.17578125
0.18944099378881987,0.4797507788161994,0.09088446430990112
0.21250000000000002,0.546875,0.11621093750000001
0.178125,0.4,0.07125000000000001
0.240625,0.565625,0.136103515625
0.21875,0.340625,0.07451171875
0.203125,0.30625,0.06220703125
0.278125,0.48750000000000004,0.13558593750000003
0.184375,0.26875,0.04955078125
0.14375,0.58125,0.0835546875
0.26875,0.65,0.1746875
0.221875,0.503125,0.111630859375
0.184375,0.5,0.0921875
0.225,0.396875,0.089296875
0.284375,0.56875,0.16173828124999998
0.215625,0.5625,0.1212890625
0.16875,0.4,0.0675
0.1625,0.384375,0.06246093750000001
0.275,0.603125,0.16585937500000003
0.21250000000000002,0.55625,0.11820312500000002
0.234375,0.540625,0.126708984375
0.08125,0.6125,0.04976562500000001
0.115625,0.503125,0.05817382812500001
0.12187500000000001,0.22812500000000002,0.027802734375000006
0.15625,0.321875,0.05029296875
0.23125,0.578125,0.13369140625
0.215625,0.534375,0.11522460937500001
0.21875,0.49062500000000003,0.10732421875
0.203125,0.59375,0.12060546875
0.153125,0.515625,0.07895507812500001
0.171875,0.609375,0.104736328125
0.078125,0.115625,0.009033203125
0.196875,0.428125,0.08428710937499999
0.09375,0.36875,0.034570312500000006
0.28750000000000003,0.634375,0.18238281250000002
0.16875,0.584375,0.09861328125
0.16875,0.4625,0.07804687500000002
0.24375000000000002,0.5625,0.137109375
0.21875,0.628125,0.13740234375000002
0.21250000000000002,0.55625,0.11820312500000002
0.19375,0.546875,0.10595703125
0.3125,0.628125,0.1962890625
0.1375,0.453125,0.062304687500000004
0.19375,0.490625,0.09505859375
0.221875,0.565625,0.125498046875
0.140625,0.284375,0.039990234374999996
0.134375,0.290625,0.039052734375
0.19062500000000002,0.553125,0.105439453125
0.15625,0.309375,0.04833984375
0.2,0.36875,0.07375000000000001
0.18125000000000002,0.609375,0.11044921875000001
0.21875,0.565625,0.12373046875000002
0.21875,0.59375,0.1298828125
0.16562500000000002,0.478125,0.07918945312500002
0.184375,0.40937500000000004,0.075478515625
0.134375,0.44375000000000003,0.05962890625
0.23125,0.5375,0.124296875
0.20625000000000002,0.553125,0.11408203125000001
0.19687500000000002,0.546875,0.10766601562500001
0.36646,0.445483,0.16325170018000001
0.215625,0.6000000000000001,0.12937500000000002
0.275,0.6531250000000001,0.17960937500000004
0.27187500000000003,0.628125,0.17077148437500003
0.134375,0.2875,0.038632812499999995
0.275,0.6125,0.16843750000000002
0.240625,0.49375,0.11880859375000001
0.384375,0.384375,0.14774414062500002
0.315625,0.2875,0.09074218749999999
0.184375,0.503125,0.09276367187500001
0.2,0.371875,0.07437500000000001
0.15,0.275,0.04125
0.209375,0.353125,0.07393554687500001
0.140625,0.2,0.028125
0.2375,0.540625,0.1283984375
0.322981,0.498442,0.160987295602
0.21875,0.565625,0.12373046875000002
0.19062500000000002,0.55,0.10484375000000001
0.184375,0.403125,0.07432617187500001
0.215625,0.55625,0.11994140625000001
0.375,0.55625,0.20859375000000002
0.298137,0.46729,0.13931643873
0.259375,0.5375,0.13941406250000002
0.17500000000000002,0.50625,0.08859375
0.18125000000000002,0.509375,0.09232421875000002
0.125,0.275,0.034375
0.39375000000000004,0.43125,0.16980468750000002
0.259375,0.546875,0.141845703125
0.1375,0.259375,0.0356640625
0.16875,0.4625,0.07804687500000002
0.17500000000000002,0.28125,0.049218750000000006
0.21875,0.44375,0.09707031249999999
0.203125,0.46875,0.09521484375
0.19062500000000002,0.53125,0.10126953125
0.245342,0.29595,0.0726089649
0.171875,0.315625,0.054248046875
0.259375,0.4125,0.1069921875
0.178125,0.321875,0.05733398437500001
0.16875,0.378125,0.06380859375
0.15,0.253125,0.037968749999999996
0.171875,0.325,0.055859375
0.25,0.11875,0.0296875
0.396875,0.48125,0.19099609374999998
0.184375,0.18125,0.03341796875
0.265625,0.584375,0.155224609375
0.075,0.325,0.024375
0.17500000000000002,0.55625,0.09734375
0.225,0.5593750000000001,0.12585937500000002
0.26875,0.6312500000000001,0.16964843750000003
0.16875,0.359375,0.06064453125
0.215625,0.48750000000000004,0.10511718750000001
0.19375,0.51875,0.10050781250000002
0.22187500000000002,0.47500000000000003,0.10539062500000002
0.115625,0.35625,0.04119140625000001
0.178125,0.340625,0.060673828125
0.14375000000000002,0.353125,0.05076171875000001
0.165625,0.6,0.09937499999999999
0.265625,0.596875,0.15854492187500002
0.265625,0.521875,0.138623046875
0.23750000000000002,0.41875,0.099453125
0.20625000000000002,0.546875,0.11279296875000001
0.21250000000000002,0.6000000000000001,0.12750000000000003
0.30000000000000004,0.46875,0.14062500000000003
0.203125,0.634375,0.12885742187500002
0.140625,0.525,0.07382812500000001
0.19687500000000002,0.55625,0.10951171875000001
0.203125,0.23750000000000002,0.048242187500000006
0.209375,0.55625,0.11646484375
0.2375,0.603125,0.1432421875
0.165625,0.675,0.111796875
0.30625,0.578125,0.17705078125
0.184375,0.4375,0.08066406250000001
0.19062500000000002,0.55,0.10484375000000001
0.19687500000000002,0.515625,0.10151367187500002
0.075,0.515625,0.038671875
0.25,0.5625,0.140625
0.265625,0.5875,0.1560546875
0.18012422360248445,0.5638629283489096,0.10156537218707067
0.19254658385093165,0.5669781931464174,0.10916971420831638
0.4,0.41250000000000003,0.16500000000000004
0.11875000000000001,0.284375,0.03376953125
0.115625,0.275,0.031796875
0.18125000000000002,0.45625000000000004,0.08269531250000002
0.19062500000000002,0.453125,0.086376953125
0.209375,0.5906250000000001,0.12366210937500002
0.21875,0.5625,0.123046875
0.328125,0.584375,0.191748046875
0.332298,0.476636,0.158385189528
0.282609,0.454829,0.128538768861
0.225,0.565625,0.12726562500000002
0.28125,0.578125,0.16259765625
0.215625,0.55625,0.11994140625000001
0.209375,0.565625,0.11842773437500001
0.23125,0.546875,0.12646484375
0.20625000000000002,0.546875,0.11279296875000001
0.23125,0.5875,0.135859375
0.16875,0.3375,0.05695312500000001
0.328125,0.48125,0.15791015625000002
0.15937500000000002,0.353125,0.05627929687500001
0.178125,0.33437500000000003,0.05956054687500001
0.20625000000000002,0.50625,0.1044140625
0.1875,0.45625000000000004,0.08554687500000001
0.184375,0.534375,0.09852539062500001
0.215625,0.5,0.1078125
0.184375,0.465625,0.08584960937500001
0.217391,0.58567,0.12731938697
0.245342,0.601246,0.147510896132
0.267081,0.598131,0.159749425611
0.23913,0.588785,0.14079615705
0.180124,0.308411,0.055552222964
0.2,0.45,0.09000000000000001
0.16875,0.45937500000000003,0.07751953125000001
0.16875,0.55625,0.0938671875
0.22187500000000002,0.40625,0.09013671875000001
0.26875,0.484375,0.13017578124999998
0.22187500000000002,0.53125,0.11787109375
0.22812500000000002,0.509375,0.11620117187500002
0.246875,0.571875,0.14118164062500002
0.26875,0.48750000000000004,0.131015625
0.23750000000000002,0.6000000000000001,0.14250000000000004
0.17500000000000002,0.5281250000000001,0.09242187500000001
0.15000000000000002,0.53125,0.07968750000000001
0.16875,0.553125,0.09333984375
0.15625,0.371875,0.05810546875
0.184375,0.55625,0.10255859375000001
0.18125000000000002,0.46875,0.08496093750000001
0.2,0.425,0.085
0.234375,0.59375,0.13916015625
0.19375,0.41875,0.0811328125
0.19375,0.36875,0.07144531250000001
0.190625,0.571875,0.109013671875
0.184375,0.540625,0.09967773437500001
0.25625,0.6,0.15374999999999997
0.19375,0.521875,0.10111328124999999
0.15625,0.484375,0.07568359375
0.17500000000000002,0.290625,0.050859375000000005
0.18125000000000002,0.53125,0.09628906250000001
0.21875,0.6312500000000001,0.13808593750000003
0.178125,0.496875,0.08850585937500001
0.2,0.61875,0.12375000000000001
0.22812500000000002,0.465625,0.10622070312500001
0.1,0.565625,0.05656250000000001
0.1625,0.41250000000000003,0.06703125000000001
0.23125,0.07500000000000001,0.017343750000000005
0.178125,0.475,0.084609375
0.3875,0.559375,0.21675781249999998
0.115625,0.46875,0.05419921875
0.2875,0.396875,0.11410156249999999
0.15,0.55,0.0825
0.253125,0.590625,0.14950195312499998
0.1875,0.59375,0.111328125
0.234375,0.603125,0.141357421875
0.23750000000000002,0.56875,0.135078125
0.225,0.59375,0.13359375
0.1125,0.253125,0.0284765625
0.19375,0.53125,0.1029296875
0.184375,0.403125,0.07432617187500001
0.1875,0.415625,0.07792968750000001
0.309375,0.5593750000000001,0.17305664062500004
0.321875,0.3875,0.12472656250000001
0.14375,0.30625,0.0440234375
0.30625,0.49375,0.15121093750000003
0.11875,0.621875,0.07384765624999999
0.265625,0.6,0.159375
0.240625,0.584375,0.140615234375
0.35625,0.65625,0.2337890625
0.15625,0.6062500000000001,0.09472656250000001
0.234375,0.53125,0.12451171875
0.16875,0.434375,0.07330078125
0.21875,0.55625,0.12167968750000001
0.33125000000000004,0.44062500000000004,0.14595703125000004
0.3375,0.48125,0.16242187500000002
0.19375,0.603125,0.11685546875000001
0.184375,0.390625,0.072021484375
0.140625,0.640625,0.090087890625
0.20625000000000002,0.5625,0.11601562500000001
0.20625000000000002,0.571875,0.11794921875000001
0.19687500000000002,0.596875,0.11750976562500003
0.228125,0.578125,0.13188476562499998
0.11875,0.6,0.07125
0.384375,0.65,0.24984375000000003
0.17500000000000002,0.265625,0.046484375
0.17500000000000002,0.484375,0.08476562500000001
0.36875,0.35625,0.1313671875
0.15937500000000002,0.353125,0.05627929687500001
0.215625,0.44062500000000004,0.09500976562500002
0.390625,0.48750000000000004,0.19042968750000003
0.140625,0.45937500000000003,0.064599609375
0.14375000000000002,0.51875,0.07457031250000001
0.1875,0.546875,0.1025390625
0.2515527950310559,0.616822429906542,0.1551634062808382
0.203125,0.36875,0.07490234375
0.234375,0.46875,0.10986328125
0.215625,0.53125,0.11455078125000001
0.19875776397515527,0.4984423676012461,0.09906929045490605
0.178125,0.47500000000000003,0.08460937500000001
0.134375,0.515625,0.069287109375
0.15625,0.5625,0.087890625
0.20625,0.61875,0.1276171875
0.14375,0.578125,0.08310546875
0.171875,0.671875,0.115478515625
0.16875,0.303125,0.05115234375
0.115625,0.30625,0.035410156250000005
0.19375,0.465625,0.09021484375000001
0.22187500000000002,0.465625,0.103310546875
0.25,0.58125,0.1453125
0.19375,0.540625,0.10474609375
0.20625000000000002,0.603125,0.12439453125000001
0.22187500000000002,0.553125,0.122724609375
0.145963,0.423676,0.061841019988000005
0.139752,0.404984,0.056597323968
0.195652,0.47352,0.09264513503999999
0.208075,0.426791,0.088804537325
0.21118,0.389408,0.08223518144
0.198758,0.501558,0.09968866496399999
0.18323,0.084112,0.015411841760000001
0.19687500000000002,0.5125000000000001,0.10089843750000002
0.4,0.596875,0.23875000000000002
0.375,0.5625,0.2109375
0.17500000000000002,0.45625000000000004,0.07984375000000002
0.21875,0.609375,0.13330078125
0.19687500000000002,0.47187500000000004,0.09290039062500002
0.2,0.4625,0.09250000000000001
0.19375,0.521875,0.10111328124999999
0.2375,0.578125,0.1373046875
0.153125,0.30625,0.04689453125000001
0.1875,0.515625,0.0966796875
0.209375,0.29375,0.061503906250000004
0.2125,0.44375,0.09429687499999999
0.16875,0.3125,0.052734375
0.13125,0.275,0.03609375000000001
0.2,0.44062500000000004,0.08812500000000001
0.240625,0.55,0.13234375
0.17701863354037267,0.32087227414330216,0.0568003715098392
0.178125,0.5375,0.09574218749999999
0.1125,0.403125,0.045351562500000005
0.21250000000000002,0.48750000000000004,0.10359375000000003
0.19062500000000002,0.546875,0.10424804687500001
0.253125,0.5625,0.14238281249999998
0.19875776397515527,0.5763239875389408,0.1145488670884851
0.253125,0.640625,0.16215820312499998
0.309375,0.5906250000000001,0.182724609375
0.328125,0.40625,0.13330078125
0.2,0.309375,0.061875000000000006
0.275,0.659375,0.18132812500000003
0.21250000000000002,0.628125,0.13347656250000003
0.25,0.578125,0.14453125
0.328125,0.45,0.14765625000000002
0.153125,0.42500000000000004,0.06507812500000001
0.121875,0.63125,0.07693359375
0.20625,0.53125,0.10957031249999999
0.25,0.453125,0.11328125
0.253125,0.578125,0.146337890625
0.140625,0.321875,0.045263671875
0.3125,0.375,0.1171875
0.24375,0.096875,0.02361328125
0.21875,0.5625,0.123046875
0.26875,0.16875,0.0453515625
0.046875,0.371875,0.017431640625
0.18125000000000002,0.4625,0.08382812500000002
0.1625,0.465625,0.0756640625
0.42500000000000004,0.321875,0.136796875
0.15217391304347824,0.29595015576323985,0.045035893268319103
0.253125,0.515625,0.130517578125
0.225,0.515625,0.116015625
0.19375,0.55,0.10656250000000002
0.196875,0.41875,0.08244140625
0.303125,0.428125,0.129775390625
0.46875,0.36875,0.1728515625
0.18125,0.54375,0.09855468749999999
0.046875,0.09375,0.00439453125
0.1625,0.634375,0.1030859375
0.203125,0.496875,0.10092773437500001
0.20625000000000002,0.50625,0.1044140625
0.171875,0.26875,0.04619140625
0.15000000000000002,0.246875,0.03703125000000001
0.146875,0.30625,0.04498046875
0.245342,0.501558,0.12305324283599998
0.217391,0.392523,0.08533096749300001
0.28125,0.55,0.1546875
0.236025,0.607477,0.14337975892500002
0.521739,0.320872,0.167411436408
0.278125,0.30000000000000004,0.08343750000000001
0.22187500000000002,0.059375000000000004,0.013173828125000002
0.328125,0.41250000000000003,0.13535156250000002
0.21875,0.546875,0.11962890625
0.21875,0.58125,0.12714843750000002
0.42500000000000004,0.36250000000000004,0.15406250000000005
0.35625,0.546875,0.19482421875
0.24375000000000002,0.603125,0.14701171875000002
0.1875,0.453125,0.0849609375
0.203125,0.525,0.106640625
0.184375,0.546875,0.100830078125
0.21250000000000002,0.5437500000000001,0.11554687500000002
0.171875,0.5281250000000001,0.09077148437500002
0.140625,0.353125,0.049658203125
0.171875,0.35625,0.06123046875
0.1875,0.571875,0.10722656250000001
0.21875,0.63125,0.1380859375
0.2875,0.5625,0.16171875
0.390625,0.3,0.1171875
0.275,0.65625,0.18046875
0.21875,0.553125,0.12099609374999999
0.215625,0.5625,0.1212890625
0.125,0.50625,0.06328125
0.215625,0.509375,0.10983398437500001
0.253125,0.17500000000000002,0.044296875
0.15625,0.503125,0.07861328125
0.21875,0.596875,0.13056640625000002
0.240625,0.465625,0.112041015625
0.2625,0.603125,0.1583203125
0.153125,0.484375,0.074169921875
0.384375,0.515625,0.19819335937500002
0.20625000000000002,0.59375,0.1224609375
0.20625000000000002,0.584375,0.12052734375
0.1375,0.253125,0.0348046875
0.363354,0.554517,0.20148597001800003
0.19062500000000002,0.47187500000000004,0.08995117187500001
0.234375,0.35000000000000003,0.08203125000000001
0.184375,0.215625,0.03975585937500001
0.19375,0.45625000000000004,0.08839843750000001
0.1625,0.296875,0.0482421875
0.14375000000000002,0.59375,0.0853515625
0.34687500000000004,0.41250000000000003,0.14308593750000004
0.215625,0.603125,0.13004882812500002
0.19375,0.525,0.10171875000000001
0.19375,0.384375,0.07447265625
0.23125,0.5875,0.135859375
0.353125,0.49375,0.17435546875000002
0.15937500000000002,0.36875,0.05876953125000001
0.203125,0.521875,0.106005859375
0.16875,0.50625,0.0854296875
0.16562500000000002,0.340625,0.05641601562500001
0.18125000000000002,0.36875,0.06683593750000001
0.278125,0.515625,0.143408203125
0.2,0.43125,0.08625000000000001
0.22187500000000002,0.534375,0.11856445312500002
0.171875,0.375,0.064453125
0.19375,0.30000000000000004,0.05812500000000001
0.178125,0.45,0.08015625
0.134375,0.6000000000000001,0.080625
0.384375,0.5375,0.2066015625
0.259375,0.23125,0.05998046875000001
0.209375,0.534375,0.11188476562500001
0.215625,0.5625,0.1212890625
0.16875,0.5,0.084375
0.215625,0.40625,0.08759765625
0.2875,0.578125,0.1662109375
0.19687500000000002,0.41250000000000003,0.08121093750000001
0.2,0.49062500000000003,0.09812500000000002
0.22812500000000002,0.275,0.06273437500000001
0.24375000000000002,0.634375,0.15462890625000003
0.1375,0.296875,0.040820312500000004
0.184375,0.540625,0.09967773437500001
0.20625000000000002,0.56875,0.1173046875
0.15625,0.284375,0.04443359375
0.22812500000000002,0.5625,0.1283203125
0.23125,0.56875,0.1315234375
0.16875,0.509375,0.08595703125000001
0.16562500000000002,0.503125,0.08333007812500001
0.19062500000000002,0.503125,0.09590820312500002
0.36875,0.42812500000000003,0.15787109375000002
0.328125,0.50625,0.16611328125
0.16459627329192544,0.3644859813084112,0.059993034190514875
0.321875,0.609375,0.19614257812500002
0.278125,0.61875,0.17208984375000003
0.290625,0.12812500000000002,0.03723632812500001
0.21875,0.51875,0.11347656250000002
0.21250000000000002,0.640625,0.1361328125
0.203125,0.665625,0.13520507812500002
0.23750000000000002,0.7000000000000001,0.16625000000000004
0.253125,0.6687500000000001,0.16927734375
0.16875,0.315625,0.05326171875
0.1625,0.353125,0.057382812500000005
0.215625,0.5625,0.1212890625
0.203125,0.41875,0.08505859375000001
0.25,0.50625,0.1265625
0.1625,0.596875,0.09699218750000001
0.22187500000000002,0.6062500000000001,0.13451171875000004
0.20496894409937888,0.4797507788161994,0.09833401056481104
0.275,0.553125,0.15210937500000002
0.17391304347826086,0.5015576323987538,0.08722741433021805
0.215625,0.53125,0.11455078125000001
0.240625,0.515625,0.124072265625
0.228125,0.628125,0.14329101562500002
0.275,0.634375,0.17445312500000001
0.40937500000000004,0.309375,0.12665039062500003
0.11875000000000001,0.209375,0.02486328125
0.20625,0.44375,0.09152343749999999
0.1875,0.3125,0.05859375
0.22812500000000002,0.571875,0.13045898437500003
0.203125,0.59375,0.12060546875
0.31875,0.646875,0.20619140625
0.275,0.625,0.171875
0.18125,0.634375,0.11498046875
0.21250000000000002,0.5625,0.11953125
0.215625,0.521875,0.112529296875
0.19062500000000002,0.43125,0.08220703125
0.19687500000000002,0.515625,0.10151367187500002
0.325,0.39375000000000004,0.12796875000000002
0.40937500000000004,0.4625,0.18933593750000002
0.170807,0.598131,0.10216496171699999
0.232919,0.647975,0.15092568902499998
0.254658,0.607477,0.154698877866
0.186335,0.479751,0.08939440258499999
0.115625,0.215625,0.024931640625
0.23125,0.5875,0.135859375
0.16562500000000002,0.41250000000000003,0.06832031250000001
0.084375,0.36875,0.031113281250000003
0.253125,0.4625,0.1170703125
0.28125,0.640625,0.18017578125
0.328125,0.13125,0.04306640625
0.24375000000000002,0.46875,0.11425781250000001
0.19687500000000002,0.421875,0.08305664062500001
0.328125,0.546875,0.179443359375
0.225,0.29375,0.06609375
0.203125,0.453125,0.092041015625
0.184375,0.51875,0.09564453125000001
0.19687500000000002,0.596875,0.11750976562500003
0.20625000000000002,0.553125,0.11408203125000001
0.134375,0.35000000000000003,0.047031250000000004
0.328125,0.496875,0.16303710937500002
0.203125,0.353125,0.071728515625
0.19375,0.525,0.10171875000000001
0.19062500000000002,0.29375,0.05599609375000001
0.20625000000000002,0.484375,0.09990234375000001
0.275,0.571875,0.15726562500000002
0.23125,0.515625,0.11923828125000001
0.3875,0.44062500000000004,0.17074218750000003
0.1375,0.275,0.037812500000000006
0.21250000000000002,0.521875,0.1108984375
0.19062500000000002,0.478125,0.09114257812500001
0.325,0.48125,0.15640625
0.246875,0.578125,0.142724609375
0.04375,0.421875,0.01845703125
0.146875,0.375,0.055078125000000006
0.153125,0.30312500000000003,0.04641601562500001
0.1875,0.49062500000000003,0.0919921875
0.178125,0.665625,0.11856445312500001
0.053125,0.615625,0.032705078124999995
0.153125,0.446875,0.06842773437500001
0.24375000000000002,0.5750000000000001,0.14015625000000004
0.22187500000000002,0.553125,0.122724609375
0.190625,0.428125,0.081611328125
0.15,0.553125,0.08296875
0.20625000000000002,0.521875,0.10763671875
0.209375,0.534375,0.11188476562500001
0.178125,0.453125,0.080712890625
0.209375,0.55625,0.11646484375
0.19375,0.503125,0.09748046875000001
0.134375,0.28125,0.037792968749999996
0.1875,0.55,0.10312500000000001
0.20625000000000002,0.546875,0.11279296875000001
0.35625,0.371875,0.13248046875
0.184375,0.36562500000000003,0.06741210937500001
0.2,0.5281250000000001,0.10562500000000002
0.17500000000000002,0.465625,0.08148437500000001
0.1625,0.403125,0.0655078125
0.15937500000000002,0.384375,0.06125976562500001
0.2625,0.34375,0.090234375
0.278125,0.434375,0.12081054687500001
0.453125,0.39687500000000003,0.179833984375
0.203125,0.3375,0.0685546875
0.19375,0.30000000000000004,0.05812500000000001
0.31875,0.475,0.15140625
0.225,0.540625,0.121640625
0.18125000000000002,0.509375,0.09232421875000002
0.22812500000000002,0.184375,0.04206054687500001
0.23125,0.49062500000000003,0.11345703125
0.171875,0.484375,0.083251953125
0.19375,0.36562500000000003,0.07083984375
0.29375,0.4625,0.135859375
0.284375,0.5281250000000001,0.15018554687500002
0.265625,0.578125,0.153564453125
0.25,0.28750000000000003,0.07187500000000001
0.140625,0.39687500000000003,0.055810546875000006
0.265625,0.5625,0.1494140625
0.203125,0.08750000000000001,0.017773437500000003
0.209375,0.325,0.068046875
0.1625,0.209375,0.0340234375
0.19687500000000002,0.61875,0.12181640625000002
0.23125,0.609375,0.14091796875
0.275,0.565625,0.15554687500000003
0.21250000000000002,0.5375,0.11421875000000001
0.184375,0.53125,0.09794921875000001
0.2,0.403125,0.080625
0.253125,0.5875,0.1487109375
0.19687500000000002,0.5906250000000001,0.11627929687500002
0.22812500000000002,0.540625,0.12333007812500002
0.184375,0.503125,0.09276367187500001
0.19687500000000002,0.25625000000000003,0.05044921875000001
0.13125,0.21250000000000002,0.027890625000000006
0.21875,0.5875,0.128515625
0.1625,0.41875,0.068046875
0.2608695652173913,0.6074766355140186,0.15847216578626572
0.184375,0.509375,0.09391601562500002
0.23750000000000002,0.19375,0.046015625000000004
0.103125,0.56875,0.058652343749999995
0.25625,0.528125,0.13533203124999998
0.096273,0.314642,0.030291529265999997
0.178125,0.2625,0.0467578125
0.16875,0.275,0.04640625000000001
0.35000000000000003,0.5125000000000001,0.17937500000000003
0.23750000000000002,0.5875,0.13953125000000002
0.19062500000000002,0.434375,0.082802734375
0.384375,0.30625,0.11771484375000002
0.29375,0.27187500000000003,0.07986328125000001
0.24375,0.4625,0.112734375
0.353125,0.484375,0.171044921875
0.15,0.634375,0.09515625
0.171875,0.534375,0.09184570312500001
0.146875,0.371875,0.05461914062500001
0.171875,0.184375,0.031689453125
0.19687500000000002,0.509375,0.10028320312500001
0.178125,0.415625,0.074033203125
0.171875,0.30625,0.052636718750000006
0.11875000000000001,0.19375,0.023007812500000002
0.21875,0.290625,0.06357421875000001
0.259375,0.65,0.16859375000000001
0.34687500000000004,0.41250000000000003,0.14308593750000004
0.18125000000000002,0.47187500000000004,0.08552734375000001
0.23125,0.46875,0.1083984375
0.354037,0.283489,0.100365595093
0.321875,0.515625,0.16596679687500002
0.259375,0.50625,0.13130859375
0.259375,0.578125,0.149951171875
0.29375,0.49375,0.1450390625
0.3125,0.515625,0.1611328125
0.19375,0.515625,0.09990234375
0.16875,0.55,0.09281250000000002
0.1875,0.5375,0.10078124999999999
0.05,0.490625,0.02453125
0.221875,0.321875,0.071416015625
0.353125,0.38125,0.13462890625
0.234375,0.38125,0.08935546875
0.184375,0.2375,0.0437890625
0.25625,0.596875,0.15294921875
0.024845,0.323988,0.008049481859999999
0.234375,0.534375,0.125244140625
0.209375,0.36875,0.07720703125
0.15625,0.478125,0.07470703125
0.1875,0.3875,0.07265625
0.146875,0.209375,0.030751953125000002
0.278125,0.5750000000000001,0.15992187500000002
0.21875,0.5375,0.11757812499999999
0.209375,0.546875,0.114501953125
0.203125,0.19062500000000002,0.038720703125000006
0.2125,0.3625,0.07703125
0.215625,0.528125,0.113876953125
0.325,0.4875,0.1584375
0.20186335403726707,0.5420560747663551,0.10942125732861205
0.225,0.546875,0.123046875
0.21875,0.58125,0.12714843750000002
0.165625,0.521875,0.08643554687499999
0.1875,0.453125,0.0849609375
0.19062500000000002,0.53125,0.10126953125
0.184375,0.55625,0.10255859375000001
0.23125,0.58125,0.13441406250000001
0.360248,0.470405,0.16946246044000002
0.140625,0.61875,0.08701171875000001
0.184375,0.46875,0.08642578125
0.23125,0.540625,0.12501953125
0.23750000000000002,0.65625,0.15585937500000002
0.290625,0.565625,0.164384765625
0.23750000000000002,0.515625,0.1224609375
0.134375,0.3375,0.0453515625
0.20625000000000002,0.5,0.10312500000000001
0.16562500000000002,0.484375,0.080224609375
0.41250000000000003,0.371875,0.1533984375
0.21250000000000002,0.5,0.10625000000000001
0.321875,0.546875,0.176025390625
0.16875,0.603125,0.10177734375000001
0.22187500000000002,0.634375,0.14075195312500002
0.253125,0.596875,0.151083984375
0.28750000000000003,0.65,0.18687500000000004
0.20625000000000002,0.415625,0.08572265625000001
0.12812500000000002,0.43125,0.05525390625000001
0.19062500000000002,0.434375,0.082802734375
0.146875,0.60625,0.08904296874999999
0.285714,0.158879,0.045393954606
0.2625,0.603125,0.1583203125
0.178125,0.30625,0.054550781250000006
0.17500000000000002,0.359375,0.062890625
0.2,0.359375,0.07187500000000001
0.184375,0.43125,0.07951171875000002
0.21875,0.55625,0.12167968750000001
0.275,0.515625,0.14179687500000002
0.215625,0.45937500000000003,0.099052734375
0.290625,0.6125,0.17800781250000003
0.259375,0.509375,0.13211914062500002
0.18125000000000002,0.5125000000000001,0.09289062500000002
0.153125,0.23750000000000002,0.0363671875
0.19375,0.496875,0.09626953125
0.22187500000000002,0.51875,0.11509765625000001
0.234375,0.1875,0.0439453125
0.178125,0.578125,0.102978515625
0.146875,0.446875,0.06563476562500001
0.19687500000000002,0.49062500000000003,0.09659179687500001
0.1375,0.35000000000000003,0.04812500000000001
0.290625,0.596875,0.17346679687500002
0.22187500000000002,0.5875,0.13035156250000002
0.28750000000000003,0.565625,0.16261718750000004
0.184375,0.453125,0.08354492187500001
0.225,0.55,0.12375000000000001
0.2,0.53125,0.10625000000000001
0.24375000000000002,0.540625,0.13177734375000003
0.22187500000000002,0.5281250000000001,0.11717773437500002
0.18125,0.634375,0.11498046875
0.178125,0.053125000000000006,0.009462890625000001
0.09375,0.265625,0.02490234375
0.359375,0.47187500000000004,0.169580078125
0.1,0.671875,0.0671875
0.221875,0.478125,0.106083984375
0.165625,0.56875,0.09419921875
0.06875,0.259375,0.01783203125
0.328125,0.31875,0.10458984375
0.26875,0.621875,0.16712890625
0.21875,0.553125,0.12099609374999999
0.19375,0.328125,0.06357421875000001
0.372671,0.352025,0.131189508775
0.21250000000000002,0.5437500000000001,0.11554687500000002
0.16875,0.309375,0.05220703125000001
0.22187500000000002,0.571875,0.126884765625
0.21428571428571427,0.4423676012461059,0.09479305740987984
0.236025,0.252336,0.059557604400000005
0.353125,0.478125,0.16883789062500001
0.326087,0.246106,0.080251967222
0.18944099378881987,0.40186915887850466,0.07613049283102107
0.15217391304347824,0.2616822429906542,0.03982121088988215
0.39687500000000003,0.465625,0.18479492187500002
0.19375,0.525,0.10171875000000001
0.178125,0.34375,0.06123046875
0.21875,0.540625,0.11826171875000001
0.189441,0.498442,0.094425350922
0.220497,0.436137,0.096166900089
0.195652,0.420561,0.082283600772
0.313665,0.433022,0.13582384563000002
0.136646,0.439252,0.06002202879199999
0.11875000000000001,0.36562500000000003,0.04341796875000001
0.1875,0.359375,0.0673828125
0.16562500000000002,0.30000000000000004,0.049687500000000016
0.29375,0.465625,0.13677734375
0.2,0.325,0.065
0.19062500000000002,0.534375,0.10186523437500002
0.303125,0.53125,0.16103515624999998
0.234375,0.5750000000000001,0.13476562500000003
0.1875,0.496875,0.0931640625
0.153125,0.25,0.03828125
0.203125,0.61875,0.12568359375000002
0.165625,0.2125,0.0351953125
0.396875,0.290625,0.115341796875
0.178125,0.55,0.09796875000000001
0.215625,0.546875,0.117919921875
0.3125,0.29375,0.091796875
0.29375,0.59375,0.1744140625
0.275,0.36875,0.10140625000000002
0.1875,0.584375,0.10957031249999999
0.353125,0.48750000000000004,0.17214843750000003
0.20625000000000002,0.540625,0.11150390625
0.17391304347826086,0.5077881619937694,0.08831098469456859
0.375,0.309375,0.11601562500000001
0.246875,0.203125,0.050146484375
0.115625,0.240625,0.027822265625000002
0.353125,0.478125,0.16883789062500001
0.2625,0.56875,0.149296875
0.15625,0.38125000000000003,0.05957031250000001
0.14375000000000002,0.30625,0.044023437500000005
0.184375,0.47187500000000004,0.08700195312500002
0.2,0.5437500000000001,0.10875000000000001
0.22812500000000002,0.5281250000000001,0.12047851562500003
0.1625,0.340625,0.05535156250000001
0.2,0.51875,0.10375000000000001
0.18125000000000002,0.446875,0.08099609375000001
0.1875,0.45937500000000003,0.0861328125
0.20625000000000002,0.55625,0.11472656250000002
0.20625000000000002,0.55625,0.11472656250000002
0.209375,0.565625,0.11842773437500001
0.15625,0.34375,0.0537109375
0.21875,0.36562500000000003,0.07998046875
0.2,0.553125,0.110625
0.1625,0.371875,0.0604296875
0.25625000000000003,0.371875,0.09529296875000001
0.19375,0.565625,0.10958984375000001
0.41250000000000003,0.509375,0.21011718750000002
0.28125,0.43125,0.1212890625
0.184375,0.30000000000000004,0.055312500000000014
0.209375,0.571875,0.11973632812500001
0.17500000000000002,0.384375,0.06726562500000001
0.23125,0.596875,0.13802734375
0.2,0.44375000000000003,0.08875000000000001
0.2,0.540625,0.10812500000000001
0.11875,0.4375,0.051953124999999996
0.19687500000000002,0.51875,0.10212890625000003
0.21250000000000002,0.50625,0.10757812500000001
0.265625,0.58125,0.15439453125000002
0.22812500000000002,0.5906250000000001,0.13473632812500003
0.178125,0.4375,0.0779296875
0.15937500000000002,0.42812500000000003,0.06823242187500002
0.13125,0.453125,0.059472656250000006
0.203125,0.384375,0.078076171875
0.1,0.42500000000000004,0.04250000000000001
0.35625,0.4,0.14250000000000002
0.153125,0.35000000000000003,0.05359375000000001
0.19375,0.509375,0.09869140625
0.2625,0.609375,0.1599609375
0.278125,0.625,0.173828125
0.27187500000000003,0.6125,0.16652343750000004
0.14375,0.2875,0.04132812499999999
0.384375,0.571875,0.21981445312500003
0.22187500000000002,0.553125,0.122724609375
0.21875,0.496875,0.10869140625
0.215625,0.53125,0.11455078125000001
0.22187500000000002,0.6125,0.13589843750000002
0.24375000000000002,0.49062500000000003,0.11958984375000002
0.246875,0.603125,0.148896484375
0.23750000000000002,0.5625,0.13359375
0.209375,0.07187500000000001,0.015048828125000002
0.134375,0.309375,0.041572265625
0.140625,0.3375,0.0474609375
0.13125,0.309375,0.040605468750000005
0.22187500000000002,0.5625,0.12480468750000001
0.246875,0.578125,0.142724609375
0.13125,0.5625,0.07382812500000001
0.22187500000000002,0.665625,0.14768554687500002
0.22812500000000002,0.10625000000000001,0.024238281250000004
0.290625,0.44375,0.12896484375
0.20625,0.496875,0.10248046875
0.209375,0.484375,0.10141601562500001
0.190625,0.446875,0.085185546875
0.459375,0.334375,0.153603515625
0.2125,0.34375,0.073046875
0.19062500000000002,0.41250000000000003,0.07863281250000001
0.34375,0.48750000000000004,0.16757812500000002
0.2625,0.571875,0.1501171875
0.19062500000000002,0.546875,0.10424804687500001
0.3375,0.5437500000000001,0.18351562500000004
0.184375,0.47187500000000004,0.08700195312500002
0.278125,0.628125,0.17469726562500001
0.234375,0.50625,0.11865234375
0.23750000000000002,0.484375,0.11503906250000001
0.171875,0.34375,0.05908203125
0.24375000000000002,0.40625,0.0990234375
0.246875,0.578125,0.142724609375
0.19687500000000002,0.553125,0.108896484375
0.259375,0.59375,0.15400390625000002
0.21250000000000002,0.41875,0.08898437500000002
0.21875,0.546875,0.11962890625
0.215625,0.515625,0.11118164062500001
0.190625,0.384375,0.073271484375
0.20625,0.3375,0.069609375
0.2,0.390625,0.078125
0.18125,0.490625,0.08892578124999999
0.259375,0.4,0.10375000000000001
0.340625,0.33125,0.11283203125
0.3125,0.284375,0.0888671875
0.190625,0.49375,0.09412109375
0.1625,0.275,0.044687500000000005
0.16875,0.41875,0.07066406250000001
0.184375,0.425,0.07835937500000001
0.196875,0.45,0.08859375
0.2125,0.55625,0.118203125
0.228125,0.578125,0.13188476562499998
0.24375000000000002,0.48125,0.11730468750000002
0.18125,0.434375,0.07873046875
0.103125,0.43125,0.04447265625
0.21875,0.534375,0.11689453125000002
0.178125,0.55,0.09796875000000001
0.19375,0.503125,0.09748046875000001
0.171875,0.50625,0.08701171875
0.21250000000000002,0.503125,0.10691406250000002
0.21739130434782608,0.5202492211838006,0.11309765677908708
